comm_type,comm_group,comm_group_size,msg_size,stage,dst,src,additional,_elapsed_time,algbw,busbw,count
CommType.broadcast,CommGroup.dp_group,8,262144000,init._broadcast_model,None,0,,592.1331176757812,0.41,0.41,1
CommType.broadcast,CommGroup.dp_group,8,8192,init._broadcast_model,None,0,,0.5990399718284607,0.01,0.01,1
CommType.broadcast,CommGroup.dp_group,8,33554432,init._broadcast_model,None,0,,4.436992168426514,7.04,7.04,1
CommType.broadcast,CommGroup.dp_group,8,33554432,init._broadcast_model,None,0,,5.041152000427246,6.2,6.2,1
CommType.broadcast,CommGroup.dp_group,8,33554432,init._broadcast_model,None,0,,6.146048069000244,5.08,5.08,1
CommType.broadcast,CommGroup.dp_group,8,33554432,init._broadcast_model,None,0,,6.2126078605651855,5.03,5.03,1
CommType.broadcast,CommGroup.dp_group,8,8192,init._broadcast_model,None,0,,0.2805759906768799,0.03,0.03,1
CommType.broadcast,CommGroup.dp_group,8,90177536,init._broadcast_model,None,0,,16.641023635864258,5.05,5.05,1
CommType.broadcast,CommGroup.dp_group,8,90177536,init._broadcast_model,None,0,,16.718847274780273,5.02,5.02,1
CommType.broadcast,CommGroup.dp_group,8,90177536,init._broadcast_model,None,0,,16.96563148498535,4.95,4.95,1
CommType.broadcast,CommGroup.dp_group,8,8192,init._broadcast_model,None,0,,0.3543039858341217,0.02,0.02,1
CommType.broadcast,CommGroup.dp_group,8,33554432,init._broadcast_model,None,0,,4.837376117706299,6.46,6.46,1
CommType.broadcast,CommGroup.dp_group,8,33554432,init._broadcast_model,None,0,,6.008831977844238,5.2,5.2,1
CommType.broadcast,CommGroup.dp_group,8,33554432,init._broadcast_model,None,0,,6.26585578918457,4.99,4.99,1
CommType.broadcast,CommGroup.dp_group,8,33554432,init._broadcast_model,None,0,,6.714367866516113,4.65,4.65,1
CommType.broadcast,CommGroup.dp_group,8,8192,init._broadcast_model,None,0,,0.14131200313568115,0.05,0.05,1
CommType.broadcast,CommGroup.dp_group,8,90177536,init._broadcast_model,None,0,,16.274431228637695,5.16,5.16,1
CommType.broadcast,CommGroup.dp_group,8,90177536,init._broadcast_model,None,0,,16.904191970825195,4.97,4.97,1
CommType.broadcast,CommGroup.dp_group,8,90177536,init._broadcast_model,None,0,,16.875520706176758,4.98,4.98,1
CommType.broadcast,CommGroup.dp_group,8,8192,init._broadcast_model,None,0,,0.11161600053310394,0.07,0.07,1
CommType.broadcast,CommGroup.dp_group,8,33554432,init._broadcast_model,None,0,,6.063104152679443,5.15,5.15,1
CommType.broadcast,CommGroup.dp_group,8,33554432,init._broadcast_model,None,0,,6.060031890869141,5.16,5.16,1
CommType.broadcast,CommGroup.dp_group,8,33554432,init._broadcast_model,None,0,,6.243328094482422,5.01,5.01,1
CommType.broadcast,CommGroup.dp_group,8,33554432,init._broadcast_model,None,0,,6.169600009918213,5.07,5.07,1
CommType.broadcast,CommGroup.dp_group,8,8192,init._broadcast_model,None,0,,0.2549760043621063,0.03,0.03,1
CommType.broadcast,CommGroup.dp_group,8,90177536,init._broadcast_model,None,0,,16.64409637451172,5.05,5.05,1
CommType.broadcast,CommGroup.dp_group,8,90177536,init._broadcast_model,None,0,,16.881664276123047,4.97,4.97,1
CommType.broadcast,CommGroup.dp_group,8,90177536,init._broadcast_model,None,0,,16.84172821044922,4.99,4.99,1
CommType.broadcast,CommGroup.dp_group,8,8192,init._broadcast_model,None,0,,0.1085439994931221,0.07,0.07,1
CommType.broadcast,CommGroup.dp_group,8,33554432,init._broadcast_model,None,0,,6.115327835083008,5.11,5.11,1
CommType.broadcast,CommGroup.dp_group,8,33554432,init._broadcast_model,None,0,,6.0733442306518555,5.15,5.15,1
CommType.broadcast,CommGroup.dp_group,8,33554432,init._broadcast_model,None,0,,6.1829118728637695,5.05,5.05,1
CommType.broadcast,CommGroup.dp_group,8,33554432,init._broadcast_model,None,0,,6.315008163452148,4.95,4.95,1
CommType.broadcast,CommGroup.dp_group,8,8192,init._broadcast_model,None,0,,0.11980800330638885,0.06,0.06,1
CommType.broadcast,CommGroup.dp_group,8,90177536,init._broadcast_model,None,0,,17.069055557250977,4.92,4.92,1
CommType.broadcast,CommGroup.dp_group,8,90177536,init._broadcast_model,None,0,,16.773120880126953,5.01,5.01,1
CommType.broadcast,CommGroup.dp_group,8,90177536,init._broadcast_model,None,0,,17.268735885620117,4.86,4.86,1
CommType.broadcast,CommGroup.dp_group,8,8192,init._broadcast_model,None,0,,0.11468800157308578,0.07,0.07,1
CommType.broadcast,CommGroup.dp_group,8,33554432,init._broadcast_model,None,0,,5.785600185394287,5.4,5.4,1
CommType.broadcast,CommGroup.dp_group,8,33554432,init._broadcast_model,None,0,,6.02623987197876,5.19,5.19,1
CommType.broadcast,CommGroup.dp_group,8,33554432,init._broadcast_model,None,0,,6.296576023101807,4.96,4.96,1
CommType.broadcast,CommGroup.dp_group,8,33554432,init._broadcast_model,None,0,,6.245376110076904,5.0,5.0,1
CommType.broadcast,CommGroup.dp_group,8,8192,init._broadcast_model,None,0,,0.18534399569034576,0.04,0.04,1
CommType.broadcast,CommGroup.dp_group,8,90177536,init._broadcast_model,None,0,,16.60313606262207,5.06,5.06,1
CommType.broadcast,CommGroup.dp_group,8,90177536,init._broadcast_model,None,0,,16.898048400878906,4.97,4.97,1
CommType.broadcast,CommGroup.dp_group,8,90177536,init._broadcast_model,None,0,,16.852991104125977,4.98,4.98,1
CommType.broadcast,CommGroup.dp_group,8,8192,init._broadcast_model,None,0,,0.10751999914646149,0.07,0.07,1
CommType.broadcast,CommGroup.dp_group,8,33554432,init._broadcast_model,None,0,,6.092800140380859,5.13,5.13,1
CommType.broadcast,CommGroup.dp_group,8,33554432,init._broadcast_model,None,0,,6.02623987197876,5.19,5.19,1
CommType.broadcast,CommGroup.dp_group,8,33554432,init._broadcast_model,None,0,,6.276095867156982,4.98,4.98,1
CommType.broadcast,CommGroup.dp_group,8,33554432,init._broadcast_model,None,0,,6.1829118728637695,5.05,5.05,1
CommType.broadcast,CommGroup.dp_group,8,8192,init._broadcast_model,None,0,,0.24166400730609894,0.03,0.03,1
CommType.broadcast,CommGroup.dp_group,8,90177536,init._broadcast_model,None,0,,16.698368072509766,5.03,5.03,1
CommType.broadcast,CommGroup.dp_group,8,90177536,init._broadcast_model,None,0,,16.79974365234375,5.0,5.0,1
CommType.broadcast,CommGroup.dp_group,8,90177536,init._broadcast_model,None,0,,16.778240203857422,5.01,5.01,1
CommType.broadcast,CommGroup.dp_group,8,8192,init._broadcast_model,None,0,,0.1085439994931221,0.07,0.07,1
CommType.broadcast,CommGroup.dp_group,8,33554432,init._broadcast_model,None,0,,6.100992202758789,5.12,5.12,1
CommType.broadcast,CommGroup.dp_group,8,33554432,init._broadcast_model,None,0,,6.107135772705078,5.12,5.12,1
CommType.broadcast,CommGroup.dp_group,8,33554432,init._broadcast_model,None,0,,6.200319766998291,5.04,5.04,1
CommType.broadcast,CommGroup.dp_group,8,33554432,init._broadcast_model,None,0,,6.2566399574279785,4.99,4.99,1
CommType.broadcast,CommGroup.dp_group,8,8192,init._broadcast_model,None,0,,0.11161600053310394,0.07,0.07,1
CommType.broadcast,CommGroup.dp_group,8,90177536,init._broadcast_model,None,0,,16.731136322021484,5.02,5.02,1
CommType.broadcast,CommGroup.dp_group,8,90177536,init._broadcast_model,None,0,,16.863231658935547,4.98,4.98,1
CommType.broadcast,CommGroup.dp_group,8,90177536,init._broadcast_model,None,0,,16.8407039642334,4.99,4.99,1
CommType.broadcast,CommGroup.dp_group,8,8192,init._broadcast_model,None,0,,0.11999999731779099,0.06,0.06,1
CommType.broadcast,CommGroup.dp_group,8,33554432,init._broadcast_model,None,0,,6.053887844085693,5.16,5.16,1
CommType.broadcast,CommGroup.dp_group,8,33554432,init._broadcast_model,None,0,,5.9903998374938965,5.22,5.22,1
CommType.broadcast,CommGroup.dp_group,8,33554432,init._broadcast_model,None,0,,6.200319766998291,5.04,5.04,1
CommType.broadcast,CommGroup.dp_group,8,33554432,init._broadcast_model,None,0,,6.163455963134766,5.07,5.07,1
CommType.broadcast,CommGroup.dp_group,8,8192,init._broadcast_model,None,0,,0.2662400007247925,0.03,0.03,1
CommType.broadcast,CommGroup.dp_group,8,90177536,init._broadcast_model,None,0,,16.743423461914062,5.02,5.02,1
CommType.broadcast,CommGroup.dp_group,8,90177536,init._broadcast_model,None,0,,16.737279891967773,5.02,5.02,1
CommType.broadcast,CommGroup.dp_group,8,90177536,init._broadcast_model,None,0,,16.8591365814209,4.98,4.98,1
CommType.broadcast,CommGroup.dp_group,8,8192,init._broadcast_model,None,0,,0.10844799876213074,0.07,0.07,1
CommType.broadcast,CommGroup.dp_group,8,33554432,init._broadcast_model,None,0,,6.115327835083008,5.11,5.11,1
CommType.broadcast,CommGroup.dp_group,8,33554432,init._broadcast_model,None,0,,6.085631847381592,5.14,5.14,1
CommType.broadcast,CommGroup.dp_group,8,33554432,init._broadcast_model,None,0,,6.172671794891357,5.06,5.06,1
CommType.broadcast,CommGroup.dp_group,8,33554432,init._broadcast_model,None,0,,6.271999835968018,4.98,4.98,1
CommType.broadcast,CommGroup.dp_group,8,8192,init._broadcast_model,None,0,,0.1945600062608719,0.04,0.04,1
CommType.broadcast,CommGroup.dp_group,8,90177536,init._broadcast_model,None,0,,16.78643226623535,5.0,5.0,1
CommType.broadcast,CommGroup.dp_group,8,90177536,init._broadcast_model,None,0,,16.77516746520996,5.01,5.01,1
CommType.broadcast,CommGroup.dp_group,8,90177536,init._broadcast_model,None,0,,15.164416313171387,5.54,5.54,1
CommType.broadcast,CommGroup.dp_group,8,8192,init._broadcast_model,None,0,,0.11657600104808807,0.07,0.07,1
CommType.broadcast,CommGroup.dp_group,8,33554432,init._broadcast_model,None,0,,6.071296215057373,5.15,5.15,1
CommType.broadcast,CommGroup.dp_group,8,33554432,init._broadcast_model,None,0,,6.087679862976074,5.13,5.13,1
CommType.broadcast,CommGroup.dp_group,8,33554432,init._broadcast_model,None,0,,6.148096084594727,5.08,5.08,1
CommType.broadcast,CommGroup.dp_group,8,33554432,init._broadcast_model,None,0,,6.269951820373535,4.98,4.98,1
CommType.broadcast,CommGroup.dp_group,8,8192,init._broadcast_model,None,0,,0.11878400295972824,0.06,0.06,1
CommType.broadcast,CommGroup.dp_group,8,90177536,init._broadcast_model,None,0,,16.942079544067383,4.96,4.96,1
CommType.broadcast,CommGroup.dp_group,8,90177536,init._broadcast_model,None,0,,16.624479293823242,5.05,5.05,1
CommType.broadcast,CommGroup.dp_group,8,90177536,init._broadcast_model,None,0,,16.827392578125,4.99,4.99,1
CommType.broadcast,CommGroup.dp_group,8,8192,init._broadcast_model,None,0,,0.10956799983978271,0.07,0.07,1
CommType.broadcast,CommGroup.dp_group,8,33554432,init._broadcast_model,None,0,,6.1327362060546875,5.1,5.1,1
CommType.broadcast,CommGroup.dp_group,8,33554432,init._broadcast_model,None,0,,6.112256050109863,5.11,5.11,1
CommType.broadcast,CommGroup.dp_group,8,33554432,init._broadcast_model,None,0,,6.237184047698975,5.01,5.01,1
CommType.broadcast,CommGroup.dp_group,8,33554432,init._broadcast_model,None,0,,6.2412800788879395,5.01,5.01,1
CommType.broadcast,CommGroup.dp_group,8,8192,init._broadcast_model,None,0,,0.10444799810647964,0.07,0.07,1
CommType.broadcast,CommGroup.dp_group,8,90177536,init._broadcast_model,None,0,,16.680959701538086,5.03,5.03,1
CommType.broadcast,CommGroup.dp_group,8,90177536,init._broadcast_model,None,0,,16.83558464050293,4.99,4.99,1
CommType.broadcast,CommGroup.dp_group,8,90177536,init._broadcast_model,None,0,,16.905216217041016,4.97,4.97,1
CommType.broadcast,CommGroup.dp_group,8,8192,init._broadcast_model,None,0,,0.11059200018644333,0.07,0.07,1
CommType.broadcast,CommGroup.dp_group,8,33554432,init._broadcast_model,None,0,,6.110208034515381,5.11,5.11,1
CommType.broadcast,CommGroup.dp_group,8,33554432,init._broadcast_model,None,0,,6.092800140380859,5.13,5.13,1
CommType.broadcast,CommGroup.dp_group,8,33554432,init._broadcast_model,None,0,,6.165503978729248,5.07,5.07,1
CommType.broadcast,CommGroup.dp_group,8,33554432,init._broadcast_model,None,0,,6.294528007507324,4.96,4.96,1
CommType.broadcast,CommGroup.dp_group,8,8192,init._broadcast_model,None,0,,0.11673600226640701,0.07,0.07,1
CommType.broadcast,CommGroup.dp_group,8,90177536,init._broadcast_model,None,0,,16.761856079101562,5.01,5.01,1
CommType.broadcast,CommGroup.dp_group,8,90177536,init._broadcast_model,None,0,,16.866304397583008,4.98,4.98,1
CommType.broadcast,CommGroup.dp_group,8,90177536,init._broadcast_model,None,0,,16.855039596557617,4.98,4.98,1
CommType.broadcast,CommGroup.dp_group,8,8192,init._broadcast_model,None,0,,0.10547199845314026,0.07,0.07,1
CommType.broadcast,CommGroup.dp_group,8,33554432,init._broadcast_model,None,0,,6.06822395324707,5.15,5.15,1
CommType.broadcast,CommGroup.dp_group,8,33554432,init._broadcast_model,None,0,,6.1030402183532715,5.12,5.12,1
CommType.broadcast,CommGroup.dp_group,8,33554432,init._broadcast_model,None,0,,6.255616188049316,5.0,5.0,1
CommType.broadcast,CommGroup.dp_group,8,33554432,init._broadcast_model,None,0,,6.1091837882995605,5.12,5.12,1
CommType.broadcast,CommGroup.dp_group,8,8192,init._broadcast_model,None,0,,0.1740799993276596,0.04,0.04,1
CommType.broadcast,CommGroup.dp_group,8,90177536,init._broadcast_model,None,0,,16.917503356933594,4.96,4.96,1
CommType.broadcast,CommGroup.dp_group,8,90177536,init._broadcast_model,None,0,,16.86016082763672,4.98,4.98,1
CommType.broadcast,CommGroup.dp_group,8,90177536,init._broadcast_model,None,0,,16.929792404174805,4.96,4.96,1
CommType.broadcast,CommGroup.dp_group,8,8192,init._broadcast_model,None,0,,0.10751999914646149,0.07,0.07,1
CommType.broadcast,CommGroup.dp_group,8,33554432,init._broadcast_model,None,0,,6.141088008880615,5.09,5.09,1
CommType.broadcast,CommGroup.dp_group,8,33554432,init._broadcast_model,None,0,,6.051839828491211,5.16,5.16,1
CommType.broadcast,CommGroup.dp_group,8,33554432,init._broadcast_model,None,0,,6.2320637702941895,5.01,5.01,1
CommType.broadcast,CommGroup.dp_group,8,33554432,init._broadcast_model,None,0,,6.211584091186523,5.03,5.03,1
CommType.broadcast,CommGroup.dp_group,8,8192,init._broadcast_model,None,0,,0.13516800105571747,0.06,0.06,1
CommType.broadcast,CommGroup.dp_group,8,90177536,init._broadcast_model,None,0,,16.692224502563477,5.03,5.03,1
CommType.broadcast,CommGroup.dp_group,8,90177536,init._broadcast_model,None,0,,17.281024932861328,4.86,4.86,1
CommType.broadcast,CommGroup.dp_group,8,90177536,init._broadcast_model,None,0,,16.79871940612793,5.0,5.0,1
CommType.broadcast,CommGroup.dp_group,8,8192,init._broadcast_model,None,0,,0.10547199845314026,0.07,0.07,1
CommType.broadcast,CommGroup.dp_group,8,33554432,init._broadcast_model,None,0,,6.047743797302246,5.17,5.17,1
CommType.broadcast,CommGroup.dp_group,8,33554432,init._broadcast_model,None,0,,6.122496128082275,5.1,5.1,1
CommType.broadcast,CommGroup.dp_group,8,33554432,init._broadcast_model,None,0,,6.170623779296875,5.06,5.06,1
CommType.broadcast,CommGroup.dp_group,8,33554432,init._broadcast_model,None,0,,6.289408206939697,4.97,4.97,1
CommType.broadcast,CommGroup.dp_group,8,8192,init._broadcast_model,None,0,,0.14028799533843994,0.05,0.05,1
CommType.broadcast,CommGroup.dp_group,8,90177536,init._broadcast_model,None,0,,16.827360153198242,4.99,4.99,1
CommType.broadcast,CommGroup.dp_group,8,90177536,init._broadcast_model,None,0,,16.694271087646484,5.03,5.03,1
CommType.broadcast,CommGroup.dp_group,8,90177536,init._broadcast_model,None,0,,16.918527603149414,4.96,4.96,1
CommType.broadcast,CommGroup.dp_group,8,8192,init._broadcast_model,None,0,,0.11059200018644333,0.07,0.07,1
CommType.broadcast,CommGroup.dp_group,8,33554432,init._broadcast_model,None,0,,6.038527965545654,5.18,5.18,1
CommType.broadcast,CommGroup.dp_group,8,33554432,init._broadcast_model,None,0,,6.102015972137451,5.12,5.12,1
CommType.broadcast,CommGroup.dp_group,8,33554432,init._broadcast_model,None,0,,6.107135772705078,5.12,5.12,1
CommType.broadcast,CommGroup.dp_group,8,33554432,init._broadcast_model,None,0,,6.264832019805908,4.99,4.99,1
CommType.broadcast,CommGroup.dp_group,8,8192,init._broadcast_model,None,0,,0.2682879865169525,0.03,0.03,1
CommType.broadcast,CommGroup.dp_group,8,90177536,init._broadcast_model,None,0,,16.6297607421875,5.05,5.05,1
CommType.broadcast,CommGroup.dp_group,8,90177536,init._broadcast_model,None,0,,17.22163200378418,4.88,4.88,1
CommType.broadcast,CommGroup.dp_group,8,90177536,init._broadcast_model,None,0,,16.36966323852539,5.13,5.13,1
CommType.broadcast,CommGroup.dp_group,8,8192,init._broadcast_model,None,0,,0.11776000261306763,0.06,0.06,1
CommType.broadcast,CommGroup.dp_group,8,33554432,init._broadcast_model,None,0,,6.0794878005981445,5.14,5.14,1
CommType.broadcast,CommGroup.dp_group,8,33554432,init._broadcast_model,None,0,,6.0794878005981445,5.14,5.14,1
CommType.broadcast,CommGroup.dp_group,8,33554432,init._broadcast_model,None,0,,6.235136032104492,5.01,5.01,1
CommType.broadcast,CommGroup.dp_group,8,33554432,init._broadcast_model,None,0,,6.145023822784424,5.09,5.09,1
CommType.broadcast,CommGroup.dp_group,8,8192,init._broadcast_model,None,0,,0.2959359884262085,0.03,0.03,1
CommType.broadcast,CommGroup.dp_group,8,90177536,init._broadcast_model,None,0,,16.533504486083984,5.08,5.08,1
CommType.broadcast,CommGroup.dp_group,8,90177536,init._broadcast_model,None,0,,16.850847244262695,4.98,4.98,1
CommType.broadcast,CommGroup.dp_group,8,90177536,init._broadcast_model,None,0,,16.944128036499023,4.96,4.96,1
CommType.broadcast,CommGroup.dp_group,8,8192,init._broadcast_model,None,0,,0.1085439994931221,0.07,0.07,1
CommType.broadcast,CommGroup.dp_group,8,33554432,init._broadcast_model,None,0,,6.116352081298828,5.11,5.11,1
CommType.broadcast,CommGroup.dp_group,8,33554432,init._broadcast_model,None,0,,6.060031890869141,5.16,5.16,1
CommType.broadcast,CommGroup.dp_group,8,33554432,init._broadcast_model,None,0,,6.17574405670166,5.06,5.06,1
CommType.broadcast,CommGroup.dp_group,8,33554432,init._broadcast_model,None,0,,6.254591941833496,5.0,5.0,1
CommType.broadcast,CommGroup.dp_group,8,8192,init._broadcast_model,None,0,,0.12185599654912949,0.06,0.06,1
CommType.broadcast,CommGroup.dp_group,8,90177536,init._broadcast_model,None,0,,16.734207153320312,5.02,5.02,1
CommType.broadcast,CommGroup.dp_group,8,90177536,init._broadcast_model,None,0,,16.937984466552734,4.96,4.96,1
CommType.broadcast,CommGroup.dp_group,8,90177536,init._broadcast_model,None,0,,16.76799964904785,5.01,5.01,1
CommType.broadcast,CommGroup.dp_group,8,8192,init._broadcast_model,None,0,,0.10649599879980087,0.07,0.07,1
CommType.broadcast,CommGroup.dp_group,8,33554432,init._broadcast_model,None,0,,6.115327835083008,5.11,5.11,1
CommType.broadcast,CommGroup.dp_group,8,33554432,init._broadcast_model,None,0,,6.158336162567139,5.07,5.07,1
CommType.broadcast,CommGroup.dp_group,8,33554432,init._broadcast_model,None,0,,6.211584091186523,5.03,5.03,1
CommType.broadcast,CommGroup.dp_group,8,33554432,init._broadcast_model,None,0,,6.155263900756836,5.08,5.08,1
CommType.broadcast,CommGroup.dp_group,8,8192,init._broadcast_model,None,0,,0.2805759906768799,0.03,0.03,1
CommType.broadcast,CommGroup.dp_group,8,90177536,init._broadcast_model,None,0,,16.669696807861328,5.04,5.04,1
CommType.broadcast,CommGroup.dp_group,8,90177536,init._broadcast_model,None,0,,16.876480102539062,4.98,4.98,1
CommType.broadcast,CommGroup.dp_group,8,90177536,init._broadcast_model,None,0,,17.01171112060547,4.94,4.94,1
CommType.broadcast,CommGroup.dp_group,8,8192,init._broadcast_model,None,0,,0.11673600226640701,0.07,0.07,1
CommType.broadcast,CommGroup.dp_group,8,33554432,init._broadcast_model,None,0,,5.941247940063477,5.26,5.26,1
CommType.broadcast,CommGroup.dp_group,8,33554432,init._broadcast_model,None,0,,6.100992202758789,5.12,5.12,1
CommType.broadcast,CommGroup.dp_group,8,33554432,init._broadcast_model,None,0,,6.128640174865723,5.1,5.1,1
CommType.broadcast,CommGroup.dp_group,8,33554432,init._broadcast_model,None,0,,6.237184047698975,5.01,5.01,1
CommType.broadcast,CommGroup.dp_group,8,8192,init._broadcast_model,None,0,,0.19968000054359436,0.04,0.04,1
CommType.broadcast,CommGroup.dp_group,8,90177536,init._broadcast_model,None,0,,16.683008193969727,5.03,5.03,1
CommType.broadcast,CommGroup.dp_group,8,90177536,init._broadcast_model,None,0,,16.84172821044922,4.99,4.99,1
CommType.broadcast,CommGroup.dp_group,8,90177536,init._broadcast_model,None,0,,16.83251190185547,4.99,4.99,1
CommType.broadcast,CommGroup.dp_group,8,8192,init._broadcast_model,None,0,,0.1157120019197464,0.07,0.07,1
CommType.broadcast,CommGroup.dp_group,8,33554432,init._broadcast_model,None,0,,6.163455963134766,5.07,5.07,1
CommType.broadcast,CommGroup.dp_group,8,33554432,init._broadcast_model,None,0,,4.687871932983398,6.67,6.67,1
CommType.broadcast,CommGroup.dp_group,8,33554432,init._broadcast_model,None,0,,6.196224212646484,5.04,5.04,1
CommType.broadcast,CommGroup.dp_group,8,33554432,init._broadcast_model,None,0,,6.260735988616943,4.99,4.99,1
CommType.broadcast,CommGroup.dp_group,8,8192,init._broadcast_model,None,0,,0.14745600521564484,0.05,0.05,1
CommType.broadcast,CommGroup.dp_group,8,90177536,init._broadcast_model,None,0,,16.709632873535156,5.03,5.03,1
CommType.broadcast,CommGroup.dp_group,8,90177536,init._broadcast_model,None,0,,16.4638729095459,5.1,5.1,1
CommType.broadcast,CommGroup.dp_group,8,90177536,init._broadcast_model,None,0,,16.743423461914062,5.02,5.02,1
CommType.broadcast,CommGroup.dp_group,8,8192,init._broadcast_model,None,0,,0.12185599654912949,0.06,0.06,1
CommType.broadcast,CommGroup.dp_group,8,33554432,init._broadcast_model,None,0,,6.044672012329102,5.17,5.17,1
CommType.broadcast,CommGroup.dp_group,8,33554432,init._broadcast_model,None,0,,6.0938239097595215,5.13,5.13,1
CommType.broadcast,CommGroup.dp_group,8,33554432,init._broadcast_model,None,0,,6.156288146972656,5.08,5.08,1
CommType.broadcast,CommGroup.dp_group,8,33554432,init._broadcast_model,None,0,,6.178815841674805,5.06,5.06,1
CommType.broadcast,CommGroup.dp_group,8,8192,init._broadcast_model,None,0,,0.11468800157308578,0.07,0.07,1
CommType.broadcast,CommGroup.dp_group,8,90177536,init._broadcast_model,None,0,,16.987136840820312,4.94,4.94,1
CommType.broadcast,CommGroup.dp_group,8,90177536,init._broadcast_model,None,0,,16.649215698242188,5.04,5.04,1
CommType.broadcast,CommGroup.dp_group,8,90177536,init._broadcast_model,None,0,,16.8222713470459,4.99,4.99,1
CommType.broadcast,CommGroup.dp_group,8,8192,init._broadcast_model,None,0,,0.11161600053310394,0.07,0.07,1
CommType.broadcast,CommGroup.dp_group,8,33554432,init._broadcast_model,None,0,,6.097919940948486,5.12,5.12,1
CommType.broadcast,CommGroup.dp_group,8,33554432,init._broadcast_model,None,0,,6.105088233947754,5.12,5.12,1
CommType.broadcast,CommGroup.dp_group,8,33554432,init._broadcast_model,None,0,,6.203392028808594,5.04,5.04,1
CommType.broadcast,CommGroup.dp_group,8,33554432,init._broadcast_model,None,0,,6.235136032104492,5.01,5.01,1
CommType.broadcast,CommGroup.dp_group,8,8192,init._broadcast_model,None,0,,0.17817600071430206,0.04,0.04,1
CommType.broadcast,CommGroup.dp_group,8,90177536,init._broadcast_model,None,0,,16.672767639160156,5.04,5.04,1
CommType.broadcast,CommGroup.dp_group,8,90177536,init._broadcast_model,None,0,,16.99123191833496,4.94,4.94,1
CommType.broadcast,CommGroup.dp_group,8,90177536,init._broadcast_model,None,0,,16.731136322021484,5.02,5.02,1
CommType.broadcast,CommGroup.dp_group,8,8192,init._broadcast_model,None,0,,0.11161600053310394,0.07,0.07,1
CommType.broadcast,CommGroup.dp_group,8,33554432,init._broadcast_model,None,0,,6.681600093841553,4.68,4.68,1
CommType.broadcast,CommGroup.dp_group,8,33554432,init._broadcast_model,None,0,,5.4036478996276855,5.78,5.78,1
CommType.broadcast,CommGroup.dp_group,8,33554432,init._broadcast_model,None,0,,6.302720069885254,4.96,4.96,1
CommType.broadcast,CommGroup.dp_group,8,33554432,init._broadcast_model,None,0,,6.205440044403076,5.04,5.04,1
CommType.broadcast,CommGroup.dp_group,8,8192,init._broadcast_model,None,0,,0.1955839991569519,0.04,0.04,1
CommType.broadcast,CommGroup.dp_group,8,90177536,init._broadcast_model,None,0,,16.656383514404297,5.04,5.04,1
CommType.broadcast,CommGroup.dp_group,8,90177536,init._broadcast_model,None,0,,16.87139129638672,4.98,4.98,1
CommType.broadcast,CommGroup.dp_group,8,90177536,init._broadcast_model,None,0,,16.780288696289062,5.0,5.0,1
CommType.broadcast,CommGroup.dp_group,8,8192,init._broadcast_model,None,0,,0.10956799983978271,0.07,0.07,1
CommType.broadcast,CommGroup.dp_group,8,33554432,init._broadcast_model,None,0,,6.08460807800293,5.14,5.14,1
CommType.broadcast,CommGroup.dp_group,8,33554432,init._broadcast_model,None,0,,6.102015972137451,5.12,5.12,1
CommType.broadcast,CommGroup.dp_group,8,33554432,init._broadcast_model,None,0,,6.218751907348633,5.03,5.03,1
CommType.broadcast,CommGroup.dp_group,8,33554432,init._broadcast_model,None,0,,6.187007904052734,5.05,5.05,1
CommType.broadcast,CommGroup.dp_group,8,8192,init._broadcast_model,None,0,,0.11468800157308578,0.07,0.07,1
CommType.broadcast,CommGroup.dp_group,8,90177536,init._broadcast_model,None,0,,16.846847534179688,4.99,4.99,1
CommType.broadcast,CommGroup.dp_group,8,90177536,init._broadcast_model,None,0,,16.8089599609375,5.0,5.0,1
CommType.broadcast,CommGroup.dp_group,8,90177536,init._broadcast_model,None,0,,16.929792404174805,4.96,4.96,1
CommType.broadcast,CommGroup.dp_group,8,8192,init._broadcast_model,None,0,,0.10956799983978271,0.07,0.07,1
CommType.broadcast,CommGroup.dp_group,8,33554432,init._broadcast_model,None,0,,5.989344120025635,5.22,5.22,1
CommType.broadcast,CommGroup.dp_group,8,33554432,init._broadcast_model,None,0,,6.146048069000244,5.08,5.08,1
CommType.broadcast,CommGroup.dp_group,8,33554432,init._broadcast_model,None,0,,6.190080165863037,5.05,5.05,1
CommType.broadcast,CommGroup.dp_group,8,33554432,init._broadcast_model,None,0,,6.310912132263184,4.95,4.95,1
CommType.broadcast,CommGroup.dp_group,8,8192,init._broadcast_model,None,0,,0.1085439994931221,0.07,0.07,1
CommType.broadcast,CommGroup.dp_group,8,90177536,init._broadcast_model,None,0,,16.752639770507812,5.01,5.01,1
CommType.broadcast,CommGroup.dp_group,8,90177536,init._broadcast_model,None,0,,16.7956485748291,5.0,5.0,1
CommType.broadcast,CommGroup.dp_group,8,90177536,init._broadcast_model,None,0,,16.929792404174805,4.96,4.96,1
CommType.broadcast,CommGroup.dp_group,8,8192,init._broadcast_model,None,0,,0.10547199845314026,0.07,0.07,1
CommType.broadcast,CommGroup.dp_group,8,33554432,init._broadcast_model,None,0,,6.054912090301514,5.16,5.16,1
CommType.broadcast,CommGroup.dp_group,8,33554432,init._broadcast_model,None,0,,6.127615928649902,5.1,5.1,1
CommType.broadcast,CommGroup.dp_group,8,33554432,init._broadcast_model,None,0,,6.187039852142334,5.05,5.05,1
CommType.broadcast,CommGroup.dp_group,8,33554432,init._broadcast_model,None,0,,6.185984134674072,5.05,5.05,1
CommType.broadcast,CommGroup.dp_group,8,8192,init._broadcast_model,None,0,,0.24268800020217896,0.03,0.03,1
CommType.broadcast,CommGroup.dp_group,8,90177536,init._broadcast_model,None,0,,16.64614486694336,5.05,5.05,1
CommType.broadcast,CommGroup.dp_group,8,90177536,init._broadcast_model,None,0,,16.830463409423828,4.99,4.99,1
CommType.broadcast,CommGroup.dp_group,8,90177536,init._broadcast_model,None,0,,16.275455474853516,5.16,5.16,1
CommType.broadcast,CommGroup.dp_group,8,8192,init._broadcast_model,None,0,,0.12083200365304947,0.06,0.06,1
CommType.broadcast,CommGroup.dp_group,8,33554432,init._broadcast_model,None,0,,5.970943927764893,5.23,5.23,1
CommType.broadcast,CommGroup.dp_group,8,33554432,init._broadcast_model,None,0,,6.0794878005981445,5.14,5.14,1
CommType.broadcast,CommGroup.dp_group,8,33554432,init._broadcast_model,None,0,,7.4496002197265625,4.19,4.19,1
CommType.broadcast,CommGroup.dp_group,8,33554432,init._broadcast_model,None,0,,6.889376163482666,4.54,4.54,1
CommType.broadcast,CommGroup.dp_group,8,8192,init._broadcast_model,None,0,,0.12492799758911133,0.06,0.06,1
CommType.broadcast,CommGroup.dp_group,8,90177536,init._broadcast_model,None,0,,16.685056686401367,5.03,5.03,1
CommType.broadcast,CommGroup.dp_group,8,90177536,init._broadcast_model,None,0,,16.903167724609375,4.97,4.97,1
CommType.broadcast,CommGroup.dp_group,8,90177536,init._broadcast_model,None,0,,16.82636833190918,4.99,4.99,1
CommType.broadcast,CommGroup.dp_group,8,8192,init._broadcast_model,None,0,,0.11468800157308578,0.07,0.07,1
CommType.broadcast,CommGroup.dp_group,8,33554432,init._broadcast_model,None,0,,7.126016139984131,4.39,4.39,1
CommType.broadcast,CommGroup.dp_group,8,33554432,init._broadcast_model,None,0,,6.065983772277832,5.15,5.15,1
CommType.broadcast,CommGroup.dp_group,8,33554432,init._broadcast_model,None,0,,5.5654401779174805,5.62,5.62,1
CommType.broadcast,CommGroup.dp_group,8,33554432,init._broadcast_model,None,0,,8.630271911621094,3.62,3.62,1
CommType.broadcast,CommGroup.dp_group,8,8192,init._broadcast_model,None,0,,0.10751999914646149,0.07,0.07,1
CommType.broadcast,CommGroup.dp_group,8,90177536,init._broadcast_model,None,0,,14.66163158416748,5.73,5.73,1
CommType.broadcast,CommGroup.dp_group,8,90177536,init._broadcast_model,None,0,,16.865280151367188,4.98,4.98,1
CommType.broadcast,CommGroup.dp_group,8,90177536,init._broadcast_model,None,0,,16.889856338500977,4.97,4.97,1
CommType.broadcast,CommGroup.dp_group,8,8192,init._broadcast_model,None,0,,0.1228799968957901,0.06,0.06,1
CommType.broadcast,CommGroup.dp_group,8,33554432,init._broadcast_model,None,0,,6.083583831787109,5.14,5.14,1
CommType.broadcast,CommGroup.dp_group,8,33554432,init._broadcast_model,None,0,,6.051839828491211,5.16,5.16,1
CommType.broadcast,CommGroup.dp_group,8,33554432,init._broadcast_model,None,0,,6.165503978729248,5.07,5.07,1
CommType.broadcast,CommGroup.dp_group,8,33554432,init._broadcast_model,None,0,,6.288383960723877,4.97,4.97,1
CommType.broadcast,CommGroup.dp_group,8,8192,init._broadcast_model,None,0,,0.1157120019197464,0.07,0.07,1
CommType.broadcast,CommGroup.dp_group,8,90177536,init._broadcast_model,None,0,,16.739456176757812,5.02,5.02,1
CommType.broadcast,CommGroup.dp_group,8,90177536,init._broadcast_model,None,0,,16.863231658935547,4.98,4.98,1
CommType.broadcast,CommGroup.dp_group,8,90177536,init._broadcast_model,None,0,,16.81100845336914,5.0,5.0,1
CommType.broadcast,CommGroup.dp_group,8,8192,init._broadcast_model,None,0,,0.10649599879980087,0.07,0.07,1
CommType.broadcast,CommGroup.dp_group,8,33554432,init._broadcast_model,None,0,,6.089888095855713,5.13,5.13,1
CommType.broadcast,CommGroup.dp_group,8,33554432,init._broadcast_model,None,0,,6.054880142211914,5.16,5.16,1
CommType.broadcast,CommGroup.dp_group,8,33554432,init._broadcast_model,None,0,,6.1921281814575195,5.05,5.05,1
CommType.broadcast,CommGroup.dp_group,8,33554432,init._broadcast_model,None,0,,6.202367782592773,5.04,5.04,1
CommType.broadcast,CommGroup.dp_group,8,8192,init._broadcast_model,None,0,,0.28467199206352234,0.03,0.03,1
CommType.broadcast,CommGroup.dp_group,8,90177536,init._broadcast_model,None,0,,16.649215698242188,5.04,5.04,1
CommType.broadcast,CommGroup.dp_group,8,90177536,init._broadcast_model,None,0,,16.848896026611328,4.98,4.98,1
CommType.broadcast,CommGroup.dp_group,8,90177536,init._broadcast_model,None,0,,16.83148765563965,4.99,4.99,1
CommType.broadcast,CommGroup.dp_group,8,8192,init._broadcast_model,None,0,,0.11059200018644333,0.07,0.07,1
CommType.broadcast,CommGroup.dp_group,8,33554432,init._broadcast_model,None,0,,5.965824127197266,5.24,5.24,1
CommType.broadcast,CommGroup.dp_group,8,33554432,init._broadcast_model,None,0,,6.116352081298828,5.11,5.11,1
CommType.broadcast,CommGroup.dp_group,8,33554432,init._broadcast_model,None,0,,6.1593918800354,5.07,5.07,1
CommType.broadcast,CommGroup.dp_group,8,33554432,init._broadcast_model,None,0,,6.253568172454834,5.0,5.0,1
CommType.broadcast,CommGroup.dp_group,8,8192,init._broadcast_model,None,0,,0.22835199534893036,0.03,0.03,1
CommType.broadcast,CommGroup.dp_group,8,90177536,init._broadcast_model,None,0,,16.63488006591797,5.05,5.05,1
CommType.broadcast,CommGroup.dp_group,8,90177536,init._broadcast_model,None,0,,16.80384063720703,5.0,5.0,1
CommType.broadcast,CommGroup.dp_group,8,90177536,init._broadcast_model,None,0,,17.01375961303711,4.94,4.94,1
CommType.broadcast,CommGroup.dp_group,8,8192,init._broadcast_model,None,0,,0.10649599879980087,0.07,0.07,1
CommType.broadcast,CommGroup.dp_group,8,262144000,init._broadcast_model,None,0,,49.2789421081543,4.95,4.95,1
CommType.all_gather,CommGroup.dp_group,8,262144000,init._allgather_params,None,None,,44.94847869873047,5.43,4.75,1
CommType.all_gather,CommGroup.dp_group,8,8192,init._allgather_params,None,None,,0.7260159850120544,0.01,0.01,1
CommType.all_gather,CommGroup.dp_group,8,33554432,init._allgather_params,None,None,,5.599232196807861,5.58,4.88,1
CommType.all_gather,CommGroup.dp_group,8,33554432,init._allgather_params,None,None,,5.529600143432617,5.65,4.94,1
CommType.all_gather,CommGroup.dp_group,8,33554432,init._allgather_params,None,None,,5.313536167144775,5.88,5.15,1
CommType.all_gather,CommGroup.dp_group,8,33554432,init._allgather_params,None,None,,5.412703990936279,5.77,5.05,1
CommType.all_gather,CommGroup.dp_group,8,8192,init._allgather_params,None,None,,0.19968000054359436,0.04,0.03,1
CommType.all_gather,CommGroup.dp_group,8,90177536,init._allgather_params,None,None,,15.08351993560791,5.57,4.87,1
CommType.all_gather,CommGroup.dp_group,8,90177536,init._allgather_params,None,None,,15.28320026397705,5.5,4.81,1
CommType.all_gather,CommGroup.dp_group,8,90177536,init._allgather_params,None,None,,15.072256088256836,5.57,4.88,1
CommType.all_gather,CommGroup.dp_group,8,8192,init._allgather_params,None,None,,0.29363200068473816,0.03,0.02,1
CommType.all_gather,CommGroup.dp_group,8,33554432,init._allgather_params,None,None,,5.513120174407959,5.67,4.96,1
CommType.all_gather,CommGroup.dp_group,8,33554432,init._allgather_params,None,None,,5.5161919593811035,5.67,4.96,1
CommType.all_gather,CommGroup.dp_group,8,33554432,init._allgather_params,None,None,,5.504000186920166,5.68,4.97,1
CommType.all_gather,CommGroup.dp_group,8,33554432,init._allgather_params,None,None,,5.587967872619629,5.59,4.89,1
CommType.all_gather,CommGroup.dp_group,8,8192,init._allgather_params,None,None,,0.2314240038394928,0.03,0.03,1
CommType.all_gather,CommGroup.dp_group,8,90177536,init._allgather_params,None,None,,15.153152465820312,5.54,4.85,1
CommType.all_gather,CommGroup.dp_group,8,90177536,init._allgather_params,None,None,,15.160320281982422,5.54,4.85,1
CommType.all_gather,CommGroup.dp_group,8,90177536,init._allgather_params,None,None,,15.178751945495605,5.53,4.84,1
CommType.all_gather,CommGroup.dp_group,8,8192,init._allgather_params,None,None,,0.14336000382900238,0.05,0.05,1
CommType.all_gather,CommGroup.dp_group,8,33554432,init._allgather_params,None,None,,5.522463798522949,5.66,4.95,1
CommType.all_gather,CommGroup.dp_group,8,33554432,init._allgather_params,None,None,,5.498879909515381,5.68,4.97,1
CommType.all_gather,CommGroup.dp_group,8,33554432,init._allgather_params,None,None,,5.457920074462891,5.73,5.01,1
CommType.all_gather,CommGroup.dp_group,8,33554432,init._allgather_params,None,None,,5.617663860321045,5.56,4.87,1
CommType.all_gather,CommGroup.dp_group,8,8192,init._allgather_params,None,None,,0.24774399399757385,0.03,0.03,1
CommType.all_gather,CommGroup.dp_group,8,90177536,init._allgather_params,None,None,,15.136768341064453,5.55,4.85,1
CommType.all_gather,CommGroup.dp_group,8,90177536,init._allgather_params,None,None,,15.284223556518555,5.49,4.81,1
CommType.all_gather,CommGroup.dp_group,8,90177536,init._allgather_params,None,None,,15.11193561553955,5.56,4.86,1
CommType.all_gather,CommGroup.dp_group,8,8192,init._allgather_params,None,None,,0.1268800050020218,0.06,0.05,1
CommType.all_gather,CommGroup.dp_group,8,33554432,init._allgather_params,None,None,,5.527552127838135,5.65,4.95,1
CommType.all_gather,CommGroup.dp_group,8,33554432,init._allgather_params,None,None,,5.480447769165039,5.7,4.99,1
CommType.all_gather,CommGroup.dp_group,8,33554432,init._allgather_params,None,None,,5.469183921813965,5.71,5.0,1
CommType.all_gather,CommGroup.dp_group,8,33554432,init._allgather_params,None,None,,5.545983791351318,5.63,4.93,1
CommType.all_gather,CommGroup.dp_group,8,8192,init._allgather_params,None,None,,0.29286399483680725,0.03,0.02,1
CommType.all_gather,CommGroup.dp_group,8,90177536,init._allgather_params,None,None,,15.07430362701416,5.57,4.87,1
CommType.all_gather,CommGroup.dp_group,8,90177536,init._allgather_params,None,None,,15.160320281982422,5.54,4.85,1
CommType.all_gather,CommGroup.dp_group,8,90177536,init._allgather_params,None,None,,15.294464111328125,5.49,4.8,1
CommType.all_gather,CommGroup.dp_group,8,8192,init._allgather_params,None,None,,0.10342399775981903,0.07,0.06,1
CommType.all_gather,CommGroup.dp_group,8,33554432,init._allgather_params,None,None,,5.540863990783691,5.64,4.93,1
CommType.all_gather,CommGroup.dp_group,8,33554432,init._allgather_params,None,None,,5.490687847137451,5.69,4.98,1
CommType.all_gather,CommGroup.dp_group,8,33554432,init._allgather_params,None,None,,5.45689582824707,5.73,5.01,1
CommType.all_gather,CommGroup.dp_group,8,33554432,init._allgather_params,None,None,,5.627711772918701,5.55,4.86,1
CommType.all_gather,CommGroup.dp_group,8,8192,init._allgather_params,None,None,,0.22419199347496033,0.03,0.03,1
CommType.all_gather,CommGroup.dp_group,8,90177536,init._allgather_params,None,None,,15.06713581085205,5.57,4.88,1
CommType.all_gather,CommGroup.dp_group,8,90177536,init._allgather_params,None,None,,15.221759796142578,5.52,4.83,1
CommType.all_gather,CommGroup.dp_group,8,90177536,init._allgather_params,None,None,,15.106047630310059,5.56,4.86,1
CommType.all_gather,CommGroup.dp_group,8,8192,init._allgather_params,None,None,,0.10268799960613251,0.07,0.07,1
CommType.all_gather,CommGroup.dp_group,8,33554432,init._allgather_params,None,None,,5.493760108947754,5.69,4.98,1
CommType.all_gather,CommGroup.dp_group,8,33554432,init._allgather_params,None,None,,5.516287803649902,5.67,4.96,1
CommType.all_gather,CommGroup.dp_group,8,33554432,init._allgather_params,None,None,,5.454815864562988,5.73,5.01,1
CommType.all_gather,CommGroup.dp_group,8,33554432,init._allgather_params,None,None,,5.591040134429932,5.59,4.89,1
CommType.all_gather,CommGroup.dp_group,8,8192,init._allgather_params,None,None,,0.23228800296783447,0.03,0.03,1
CommType.all_gather,CommGroup.dp_group,8,90177536,init._allgather_params,None,None,,15.069184303283691,5.57,4.88,1
CommType.all_gather,CommGroup.dp_group,8,90177536,init._allgather_params,None,None,,15.28217601776123,5.5,4.81,1
CommType.all_gather,CommGroup.dp_group,8,90177536,init._allgather_params,None,None,,15.069184303283691,5.57,4.88,1
CommType.all_gather,CommGroup.dp_group,8,8192,init._allgather_params,None,None,,0.10547199845314026,0.07,0.06,1
CommType.all_gather,CommGroup.dp_group,8,33554432,init._allgather_params,None,None,,5.510144233703613,5.67,4.96,1
CommType.all_gather,CommGroup.dp_group,8,33554432,init._allgather_params,None,None,,5.556064128875732,5.62,4.92,1
CommType.all_gather,CommGroup.dp_group,8,33554432,init._allgather_params,None,None,,5.554175853729248,5.63,4.92,1
CommType.all_gather,CommGroup.dp_group,8,33554432,init._allgather_params,None,None,,5.6842241287231445,5.5,4.81,1
CommType.all_gather,CommGroup.dp_group,8,8192,init._allgather_params,None,None,,0.21503999829292297,0.04,0.03,1
CommType.all_gather,CommGroup.dp_group,8,90177536,init._allgather_params,None,None,,15.129599571228027,5.55,4.86,1
CommType.all_gather,CommGroup.dp_group,8,90177536,init._allgather_params,None,None,,15.094783782958984,5.56,4.87,1
CommType.all_gather,CommGroup.dp_group,8,90177536,init._allgather_params,None,None,,15.073280334472656,5.57,4.88,1
CommType.all_gather,CommGroup.dp_group,8,8192,init._allgather_params,None,None,,0.40755200386047363,0.02,0.02,1
CommType.all_gather,CommGroup.dp_group,8,33554432,init._allgather_params,None,None,,5.530464172363281,5.65,4.94,1
CommType.all_gather,CommGroup.dp_group,8,33554432,init._allgather_params,None,None,,5.495808124542236,5.69,4.98,1
CommType.all_gather,CommGroup.dp_group,8,33554432,init._allgather_params,None,None,,5.627903938293457,5.55,4.86,1
CommType.all_gather,CommGroup.dp_group,8,33554432,init._allgather_params,None,None,,5.610591888427734,5.57,4.87,1
CommType.all_gather,CommGroup.dp_group,8,8192,init._allgather_params,None,None,,0.14950400590896606,0.05,0.04,1
CommType.all_gather,CommGroup.dp_group,8,90177536,init._allgather_params,None,None,,15.058943748474121,5.58,4.88,1
CommType.all_gather,CommGroup.dp_group,8,90177536,init._allgather_params,None,None,,15.180800437927246,5.53,4.84,1
CommType.all_gather,CommGroup.dp_group,8,90177536,init._allgather_params,None,None,,15.221759796142578,5.52,4.83,1
CommType.all_gather,CommGroup.dp_group,8,8192,init._allgather_params,None,None,,0.10547199845314026,0.07,0.06,1
CommType.all_gather,CommGroup.dp_group,8,33554432,init._allgather_params,None,None,,5.500927925109863,5.68,4.97,1
CommType.all_gather,CommGroup.dp_group,8,33554432,init._allgather_params,None,None,,6.376448154449463,4.9,4.29,1
CommType.all_gather,CommGroup.dp_group,8,33554432,init._allgather_params,None,None,,5.578752040863037,5.6,4.9,1
CommType.all_gather,CommGroup.dp_group,8,33554432,init._allgather_params,None,None,,5.581823825836182,5.6,4.9,1
CommType.all_gather,CommGroup.dp_group,8,8192,init._allgather_params,None,None,,0.13312000036239624,0.06,0.05,1
CommType.all_gather,CommGroup.dp_group,8,90177536,init._allgather_params,None,None,,15.06713581085205,5.57,4.88,1
CommType.all_gather,CommGroup.dp_group,8,90177536,init._allgather_params,None,None,,15.201248168945312,5.52,4.83,1
CommType.all_gather,CommGroup.dp_group,8,90177536,init._allgather_params,None,None,,15.072256088256836,5.57,4.88,1
CommType.all_gather,CommGroup.dp_group,8,8192,init._allgather_params,None,None,,0.130048006772995,0.06,0.05,1
CommType.all_gather,CommGroup.dp_group,8,33554432,init._allgather_params,None,None,,5.516287803649902,5.67,4.96,1
CommType.all_gather,CommGroup.dp_group,8,33554432,init._allgather_params,None,None,,5.491519927978516,5.69,4.98,1
CommType.all_gather,CommGroup.dp_group,8,33554432,init._allgather_params,None,None,,5.641215801239014,5.54,4.85,1
CommType.all_gather,CommGroup.dp_group,8,33554432,init._allgather_params,None,None,,5.550079822540283,5.63,4.93,1
CommType.all_gather,CommGroup.dp_group,8,8192,init._allgather_params,None,None,,0.16281600296497345,0.05,0.04,1
CommType.all_gather,CommGroup.dp_group,8,90177536,init._allgather_params,None,None,,15.08351993560791,5.57,4.87,1
CommType.all_gather,CommGroup.dp_group,8,90177536,init._allgather_params,None,None,,15.279104232788086,5.5,4.81,1
CommType.all_gather,CommGroup.dp_group,8,90177536,init._allgather_params,None,None,,14.728192329406738,5.7,4.99,1
CommType.all_gather,CommGroup.dp_group,8,8192,init._allgather_params,None,None,,0.11673600226640701,0.07,0.06,1
CommType.all_gather,CommGroup.dp_group,8,33554432,init._allgather_params,None,None,,5.54095983505249,5.64,4.93,1
CommType.all_gather,CommGroup.dp_group,8,33554432,init._allgather_params,None,None,,5.496831893920898,5.69,4.97,1
CommType.all_gather,CommGroup.dp_group,8,33554432,init._allgather_params,None,None,,5.4424638748168945,5.74,5.02,1
CommType.all_gather,CommGroup.dp_group,8,33554432,init._allgather_params,None,None,,5.617663860321045,5.56,4.87,1
CommType.all_gather,CommGroup.dp_group,8,8192,init._allgather_params,None,None,,0.2507840096950531,0.03,0.03,1
CommType.all_gather,CommGroup.dp_group,8,90177536,init._allgather_params,None,None,,15.063039779663086,5.58,4.88,1
CommType.all_gather,CommGroup.dp_group,8,90177536,init._allgather_params,None,None,,15.09887981414795,5.56,4.87,1
CommType.all_gather,CommGroup.dp_group,8,90177536,init._allgather_params,None,None,,15.250432014465332,5.51,4.82,1
CommType.all_gather,CommGroup.dp_group,8,8192,init._allgather_params,None,None,,0.8038399815559387,0.01,0.01,1
CommType.all_gather,CommGroup.dp_group,8,33554432,init._allgather_params,None,None,,5.519360065460205,5.66,4.95,1
CommType.all_gather,CommGroup.dp_group,8,33554432,init._allgather_params,None,None,,5.6156158447265625,5.56,4.87,1
CommType.all_gather,CommGroup.dp_group,8,33554432,init._allgather_params,None,None,,5.441535949707031,5.74,5.03,1
CommType.all_gather,CommGroup.dp_group,8,33554432,init._allgather_params,None,None,,5.576704025268555,5.6,4.9,1
CommType.all_gather,CommGroup.dp_group,8,8192,init._allgather_params,None,None,,0.2754560112953186,0.03,0.02,1
CommType.all_gather,CommGroup.dp_group,8,90177536,init._allgather_params,None,None,,15.064031600952148,5.58,4.88,1
CommType.all_gather,CommGroup.dp_group,8,90177536,init._allgather_params,None,None,,15.260671615600586,5.5,4.82,1
CommType.all_gather,CommGroup.dp_group,8,90177536,init._allgather_params,None,None,,15.087615966796875,5.57,4.87,1
CommType.all_gather,CommGroup.dp_group,8,8192,init._allgather_params,None,None,,0.1043199971318245,0.07,0.06,1
CommType.all_gather,CommGroup.dp_group,8,33554432,init._allgather_params,None,None,,5.511199951171875,5.67,4.96,1
CommType.all_gather,CommGroup.dp_group,8,33554432,init._allgather_params,None,None,,5.4712958335876465,5.71,5.0,1
CommType.all_gather,CommGroup.dp_group,8,33554432,init._allgather_params,None,None,,5.428224086761475,5.76,5.04,1
CommType.all_gather,CommGroup.dp_group,8,33554432,init._allgather_params,None,None,,5.625855922698975,5.55,4.86,1
CommType.all_gather,CommGroup.dp_group,8,8192,init._allgather_params,None,None,,0.27238398790359497,0.03,0.02,1
CommType.all_gather,CommGroup.dp_group,8,90177536,init._allgather_params,None,None,,15.047840118408203,5.58,4.88,1
CommType.all_gather,CommGroup.dp_group,8,90177536,init._allgather_params,None,None,,15.233023643493652,5.51,4.82,1
CommType.all_gather,CommGroup.dp_group,8,90177536,init._allgather_params,None,None,,15.09068775177002,5.57,4.87,1
CommType.all_gather,CommGroup.dp_group,8,8192,init._allgather_params,None,None,,0.10470400005578995,0.07,0.06,1
CommType.all_gather,CommGroup.dp_group,8,33554432,init._allgather_params,None,None,,5.529600143432617,5.65,4.94,1
CommType.all_gather,CommGroup.dp_group,8,33554432,init._allgather_params,None,None,,5.468160152435303,5.71,5.0,1
CommType.all_gather,CommGroup.dp_group,8,33554432,init._allgather_params,None,None,,5.506048202514648,5.68,4.97,1
CommType.all_gather,CommGroup.dp_group,8,33554432,init._allgather_params,None,None,,5.661695957183838,5.52,4.83,1
CommType.all_gather,CommGroup.dp_group,8,8192,init._allgather_params,None,None,,0.2303999960422516,0.03,0.03,1
CommType.all_gather,CommGroup.dp_group,8,90177536,init._allgather_params,None,None,,15.078399658203125,5.57,4.87,1
CommType.all_gather,CommGroup.dp_group,8,90177536,init._allgather_params,None,None,,15.149056434631348,5.54,4.85,1
CommType.all_gather,CommGroup.dp_group,8,90177536,init._allgather_params,None,None,,15.179776191711426,5.53,4.84,1
CommType.all_gather,CommGroup.dp_group,8,8192,init._allgather_params,None,None,,0.4280320107936859,0.02,0.02,1
CommType.all_gather,CommGroup.dp_group,8,33554432,init._allgather_params,None,None,,5.520383834838867,5.66,4.95,1
CommType.all_gather,CommGroup.dp_group,8,33554432,init._allgather_params,None,None,,5.476352214813232,5.71,4.99,1
CommType.all_gather,CommGroup.dp_group,8,33554432,init._allgather_params,None,None,,5.4721598625183105,5.71,5.0,1
CommType.all_gather,CommGroup.dp_group,8,33554432,init._allgather_params,None,None,,5.575679779052734,5.6,4.9,1
CommType.all_gather,CommGroup.dp_group,8,8192,init._allgather_params,None,None,,0.30214399099349976,0.03,0.02,1
CommType.all_gather,CommGroup.dp_group,8,90177536,init._allgather_params,None,None,,15.060928344726562,5.58,4.88,1
CommType.all_gather,CommGroup.dp_group,8,90177536,init._allgather_params,None,None,,15.087615966796875,5.57,4.87,1
CommType.all_gather,CommGroup.dp_group,8,90177536,init._allgather_params,None,None,,15.155200004577637,5.54,4.85,1
CommType.all_gather,CommGroup.dp_group,8,8192,init._allgather_params,None,None,,0.10444799810647964,0.07,0.06,1
CommType.all_gather,CommGroup.dp_group,8,33554432,init._allgather_params,None,None,,5.552127838134766,5.63,4.92,1
CommType.all_gather,CommGroup.dp_group,8,33554432,init._allgather_params,None,None,,5.490687847137451,5.69,4.98,1
CommType.all_gather,CommGroup.dp_group,8,33554432,init._allgather_params,None,None,,5.443583965301514,5.74,5.02,1
CommType.all_gather,CommGroup.dp_group,8,33554432,init._allgather_params,None,None,,5.607264041900635,5.57,4.88,1
CommType.all_gather,CommGroup.dp_group,8,8192,init._allgather_params,None,None,,0.2385919988155365,0.03,0.03,1
CommType.all_gather,CommGroup.dp_group,8,90177536,init._allgather_params,None,None,,15.09887981414795,5.56,4.87,1
CommType.all_gather,CommGroup.dp_group,8,90177536,init._allgather_params,None,None,,15.094783782958984,5.56,4.87,1
CommType.all_gather,CommGroup.dp_group,8,90177536,init._allgather_params,None,None,,15.159296035766602,5.54,4.85,1
CommType.all_gather,CommGroup.dp_group,8,8192,init._allgather_params,None,None,,0.10342399775981903,0.07,0.06,1
CommType.all_gather,CommGroup.dp_group,8,33554432,init._allgather_params,None,None,,5.524479866027832,5.66,4.95,1
CommType.all_gather,CommGroup.dp_group,8,33554432,init._allgather_params,None,None,,5.4917120933532715,5.69,4.98,1
CommType.all_gather,CommGroup.dp_group,8,33554432,init._allgather_params,None,None,,5.555200099945068,5.63,4.92,1
CommType.all_gather,CommGroup.dp_group,8,33554432,init._allgather_params,None,None,,5.510144233703613,5.67,4.96,1
CommType.all_gather,CommGroup.dp_group,8,8192,init._allgather_params,None,None,,0.2662400007247925,0.03,0.03,1
CommType.all_gather,CommGroup.dp_group,8,90177536,init._allgather_params,None,None,,15.08249568939209,5.57,4.87,1
CommType.all_gather,CommGroup.dp_group,8,90177536,init._allgather_params,None,None,,15.184896469116211,5.53,4.84,1
CommType.all_gather,CommGroup.dp_group,8,90177536,init._allgather_params,None,None,,15.112192153930664,5.56,4.86,1
CommType.all_gather,CommGroup.dp_group,8,8192,init._allgather_params,None,None,,0.10342399775981903,0.07,0.06,1
CommType.all_gather,CommGroup.dp_group,8,33554432,init._allgather_params,None,None,,5.51423978805542,5.67,4.96,1
CommType.all_gather,CommGroup.dp_group,8,33554432,init._allgather_params,None,None,,5.525504112243652,5.66,4.95,1
CommType.all_gather,CommGroup.dp_group,8,33554432,init._allgather_params,None,None,,5.436416149139404,5.75,5.03,1
CommType.all_gather,CommGroup.dp_group,8,33554432,init._allgather_params,None,None,,5.581759929656982,5.6,4.9,1
CommType.all_gather,CommGroup.dp_group,8,8192,init._allgather_params,None,None,,0.22857600450515747,0.03,0.03,1
CommType.all_gather,CommGroup.dp_group,8,90177536,init._allgather_params,None,None,,15.097855567932129,5.56,4.87,1
CommType.all_gather,CommGroup.dp_group,8,90177536,init._allgather_params,None,None,,15.168512344360352,5.54,4.84,1
CommType.all_gather,CommGroup.dp_group,8,90177536,init._allgather_params,None,None,,15.106047630310059,5.56,4.86,1
CommType.all_gather,CommGroup.dp_group,8,8192,init._allgather_params,None,None,,0.11468800157308578,0.07,0.06,1
CommType.all_gather,CommGroup.dp_group,8,33554432,init._allgather_params,None,None,,5.504000186920166,5.68,4.97,1
CommType.all_gather,CommGroup.dp_group,8,33554432,init._allgather_params,None,None,,5.485568046569824,5.7,4.98,1
CommType.all_gather,CommGroup.dp_group,8,33554432,init._allgather_params,None,None,,5.517312049865723,5.66,4.96,1
CommType.all_gather,CommGroup.dp_group,8,33554432,init._allgather_params,None,None,,5.644063949584961,5.54,4.84,1
CommType.all_gather,CommGroup.dp_group,8,8192,init._allgather_params,None,None,,0.21606400609016418,0.04,0.03,1
CommType.all_gather,CommGroup.dp_group,8,90177536,init._allgather_params,None,None,,15.133695602416992,5.55,4.86,1
CommType.all_gather,CommGroup.dp_group,8,90177536,init._allgather_params,None,None,,15.145983695983887,5.54,4.85,1
CommType.all_gather,CommGroup.dp_group,8,90177536,init._allgather_params,None,None,,15.107071876525879,5.56,4.86,1
CommType.all_gather,CommGroup.dp_group,8,8192,init._allgather_params,None,None,,0.10255999863147736,0.07,0.07,1
CommType.all_gather,CommGroup.dp_group,8,33554432,init._allgather_params,None,None,,5.534719944000244,5.65,4.94,1
CommType.all_gather,CommGroup.dp_group,8,33554432,init._allgather_params,None,None,,5.490687847137451,5.69,4.98,1
CommType.all_gather,CommGroup.dp_group,8,33554432,init._allgather_params,None,None,,5.510144233703613,5.67,4.96,1
CommType.all_gather,CommGroup.dp_group,8,33554432,init._allgather_params,None,None,,5.437439918518066,5.75,5.03,1
CommType.all_gather,CommGroup.dp_group,8,8192,init._allgather_params,None,None,,0.28467199206352234,0.03,0.02,1
CommType.all_gather,CommGroup.dp_group,8,90177536,init._allgather_params,None,None,,15.121408462524414,5.55,4.86,1
CommType.all_gather,CommGroup.dp_group,8,90177536,init._allgather_params,None,None,,15.111167907714844,5.56,4.86,1
CommType.all_gather,CommGroup.dp_group,8,90177536,init._allgather_params,None,None,,15.150079727172852,5.54,4.85,1
CommType.all_gather,CommGroup.dp_group,8,8192,init._allgather_params,None,None,,0.10265599936246872,0.07,0.07,1
CommType.all_gather,CommGroup.dp_group,8,33554432,init._allgather_params,None,None,,5.5265278816223145,5.65,4.95,1
CommType.all_gather,CommGroup.dp_group,8,33554432,init._allgather_params,None,None,,5.484543800354004,5.7,4.99,1
CommType.all_gather,CommGroup.dp_group,8,33554432,init._allgather_params,None,None,,5.555039882659912,5.63,4.92,1
CommType.all_gather,CommGroup.dp_group,8,33554432,init._allgather_params,None,None,,5.558271884918213,5.62,4.92,1
CommType.all_gather,CommGroup.dp_group,8,8192,init._allgather_params,None,None,,0.21606400609016418,0.04,0.03,1
CommType.all_gather,CommGroup.dp_group,8,90177536,init._allgather_params,None,None,,15.08240032196045,5.57,4.87,1
CommType.all_gather,CommGroup.dp_group,8,90177536,init._allgather_params,None,None,,15.113344192504883,5.56,4.86,1
CommType.all_gather,CommGroup.dp_group,8,90177536,init._allgather_params,None,None,,15.147007942199707,5.54,4.85,1
CommType.all_gather,CommGroup.dp_group,8,8192,init._allgather_params,None,None,,0.11673600226640701,0.07,0.06,1
CommType.all_gather,CommGroup.dp_group,8,33554432,init._allgather_params,None,None,,5.5316162109375,5.65,4.94,1
CommType.all_gather,CommGroup.dp_group,8,33554432,init._allgather_params,None,None,,5.479423999786377,5.7,4.99,1
CommType.all_gather,CommGroup.dp_group,8,33554432,init._allgather_params,None,None,,5.554175853729248,5.63,4.92,1
CommType.all_gather,CommGroup.dp_group,8,33554432,init._allgather_params,None,None,,5.667840003967285,5.51,4.82,1
CommType.all_gather,CommGroup.dp_group,8,8192,init._allgather_params,None,None,,0.24883200228214264,0.03,0.03,1
CommType.all_gather,CommGroup.dp_group,8,90177536,init._allgather_params,None,None,,15.054911613464355,5.58,4.88,1
CommType.all_gather,CommGroup.dp_group,8,90177536,init._allgather_params,None,None,,15.153152465820312,5.54,4.85,1
CommType.all_gather,CommGroup.dp_group,8,90177536,init._allgather_params,None,None,,15.203328132629395,5.52,4.83,1
CommType.all_gather,CommGroup.dp_group,8,8192,init._allgather_params,None,None,,0.10342399775981903,0.07,0.06,1
CommType.all_gather,CommGroup.dp_group,8,33554432,init._allgather_params,None,None,,5.505023956298828,5.68,4.97,1
CommType.all_gather,CommGroup.dp_group,8,33554432,init._allgather_params,None,None,,5.485568046569824,5.7,4.98,1
CommType.all_gather,CommGroup.dp_group,8,33554432,init._allgather_params,None,None,,5.446591854095459,5.74,5.02,1
CommType.all_gather,CommGroup.dp_group,8,33554432,init._allgather_params,None,None,,5.997600078582764,5.21,4.56,1
CommType.all_gather,CommGroup.dp_group,8,8192,init._allgather_params,None,None,,1.7356480360031128,0.0,0.0,1
CommType.all_gather,CommGroup.dp_group,8,90177536,init._allgather_params,None,None,,15.128576278686523,5.55,4.86,1
CommType.all_gather,CommGroup.dp_group,8,90177536,init._allgather_params,None,None,,15.226880073547363,5.52,4.83,1
CommType.all_gather,CommGroup.dp_group,8,90177536,init._allgather_params,None,None,,15.08563232421875,5.57,4.87,1
CommType.all_gather,CommGroup.dp_group,8,8192,init._allgather_params,None,None,,0.10655999928712845,0.07,0.06,1
CommType.all_gather,CommGroup.dp_group,8,33554432,init._allgather_params,None,None,,5.539840221405029,5.64,4.94,1
CommType.all_gather,CommGroup.dp_group,8,33554432,init._allgather_params,None,None,,5.471104145050049,5.71,5.0,1
CommType.all_gather,CommGroup.dp_group,8,33554432,init._allgather_params,None,None,,5.454815864562988,5.73,5.01,1
CommType.all_gather,CommGroup.dp_group,8,33554432,init._allgather_params,None,None,,5.72108793258667,5.46,4.78,1
CommType.all_gather,CommGroup.dp_group,8,8192,init._allgather_params,None,None,,0.1884160041809082,0.04,0.04,1
CommType.all_gather,CommGroup.dp_group,8,90177536,init._allgather_params,None,None,,15.141887664794922,5.55,4.85,1
CommType.all_gather,CommGroup.dp_group,8,90177536,init._allgather_params,None,None,,15.072256088256836,5.57,4.88,1
CommType.all_gather,CommGroup.dp_group,8,90177536,init._allgather_params,None,None,,15.164416313171387,5.54,4.85,1
CommType.all_gather,CommGroup.dp_group,8,8192,init._allgather_params,None,None,,0.14745600521564484,0.05,0.05,1
CommType.all_gather,CommGroup.dp_group,8,33554432,init._allgather_params,None,None,,5.500927925109863,5.68,4.97,1
CommType.all_gather,CommGroup.dp_group,8,33554432,init._allgather_params,None,None,,5.505023956298828,5.68,4.97,1
CommType.all_gather,CommGroup.dp_group,8,33554432,init._allgather_params,None,None,,5.506048202514648,5.68,4.97,1
CommType.all_gather,CommGroup.dp_group,8,33554432,init._allgather_params,None,None,,5.596159934997559,5.58,4.89,1
CommType.all_gather,CommGroup.dp_group,8,8192,init._allgather_params,None,None,,0.2272000014781952,0.03,0.03,1
CommType.all_gather,CommGroup.dp_group,8,90177536,init._allgather_params,None,None,,15.08351993560791,5.57,4.87,1
CommType.all_gather,CommGroup.dp_group,8,90177536,init._allgather_params,None,None,,15.202303886413574,5.52,4.83,1
CommType.all_gather,CommGroup.dp_group,8,90177536,init._allgather_params,None,None,,15.101951599121094,5.56,4.87,1
CommType.all_gather,CommGroup.dp_group,8,8192,init._allgather_params,None,None,,0.1082879975438118,0.07,0.06,1
CommType.all_gather,CommGroup.dp_group,8,33554432,init._allgather_params,None,None,,5.652480125427246,5.53,4.84,1
CommType.all_gather,CommGroup.dp_group,8,33554432,init._allgather_params,None,None,,5.5808000564575195,5.6,4.9,1
CommType.all_gather,CommGroup.dp_group,8,33554432,init._allgather_params,None,None,,5.552127838134766,5.63,4.92,1
CommType.all_gather,CommGroup.dp_group,8,33554432,init._allgather_params,None,None,,5.63097620010376,5.55,4.86,1
CommType.all_gather,CommGroup.dp_group,8,8192,init._allgather_params,None,None,,0.11270400136709213,0.07,0.06,1
CommType.all_gather,CommGroup.dp_group,8,90177536,init._allgather_params,None,None,,15.072256088256836,5.57,4.88,1
CommType.all_gather,CommGroup.dp_group,8,90177536,init._allgather_params,None,None,,15.180800437927246,5.53,4.84,1
CommType.all_gather,CommGroup.dp_group,8,90177536,init._allgather_params,None,None,,15.201279640197754,5.52,4.83,1
CommType.all_gather,CommGroup.dp_group,8,8192,init._allgather_params,None,None,,0.10335999727249146,0.07,0.06,1
CommType.all_gather,CommGroup.dp_group,8,33554432,init._allgather_params,None,None,,5.529600143432617,5.65,4.94,1
CommType.all_gather,CommGroup.dp_group,8,33554432,init._allgather_params,None,None,,5.506048202514648,5.68,4.97,1
CommType.all_gather,CommGroup.dp_group,8,33554432,init._allgather_params,None,None,,5.463007926940918,5.72,5.01,1
CommType.all_gather,CommGroup.dp_group,8,33554432,init._allgather_params,None,None,,5.638144016265869,5.54,4.85,1
CommType.all_gather,CommGroup.dp_group,8,8192,init._allgather_params,None,None,,0.21299199759960175,0.04,0.03,1
CommType.all_gather,CommGroup.dp_group,8,90177536,init._allgather_params,None,None,,15.043583869934082,5.58,4.88,1
CommType.all_gather,CommGroup.dp_group,8,90177536,init._allgather_params,None,None,,15.116288185119629,5.56,4.86,1
CommType.all_gather,CommGroup.dp_group,8,90177536,init._allgather_params,None,None,,15.1080961227417,5.56,4.86,1
CommType.all_gather,CommGroup.dp_group,8,8192,init._allgather_params,None,None,,0.10857599973678589,0.07,0.06,1
CommType.all_gather,CommGroup.dp_group,8,33554432,init._allgather_params,None,None,,5.530623912811279,5.65,4.94,1
CommType.all_gather,CommGroup.dp_group,8,33554432,init._allgather_params,None,None,,5.477183818817139,5.71,4.99,1
CommType.all_gather,CommGroup.dp_group,8,33554432,init._allgather_params,None,None,,5.444608211517334,5.74,5.02,1
CommType.all_gather,CommGroup.dp_group,8,33554432,init._allgather_params,None,None,,5.594111919403076,5.59,4.89,1
CommType.all_gather,CommGroup.dp_group,8,8192,init._allgather_params,None,None,,0.2701759934425354,0.03,0.02,1
CommType.all_gather,CommGroup.dp_group,8,90177536,init._allgather_params,None,None,,15.053824424743652,5.58,4.88,1
CommType.all_gather,CommGroup.dp_group,8,90177536,init._allgather_params,None,None,,15.150079727172852,5.54,4.85,1
CommType.all_gather,CommGroup.dp_group,8,90177536,init._allgather_params,None,None,,15.101951599121094,5.56,4.87,1
CommType.all_gather,CommGroup.dp_group,8,8192,init._allgather_params,None,None,,0.11878400295972824,0.06,0.06,1
CommType.all_gather,CommGroup.dp_group,8,33554432,init._allgather_params,None,None,,5.537792205810547,5.64,4.94,1
CommType.all_gather,CommGroup.dp_group,8,33554432,init._allgather_params,None,None,,5.46611213684082,5.72,5.0,1
CommType.all_gather,CommGroup.dp_group,8,33554432,init._allgather_params,None,None,,5.445536136627197,5.74,5.02,1
CommType.all_gather,CommGroup.dp_group,8,33554432,init._allgather_params,None,None,,5.62172794342041,5.56,4.86,1
CommType.all_gather,CommGroup.dp_group,8,8192,init._allgather_params,None,None,,0.27750399708747864,0.03,0.02,1
CommType.all_gather,CommGroup.dp_group,8,90177536,init._allgather_params,None,None,,15.171584129333496,5.54,4.84,1
CommType.all_gather,CommGroup.dp_group,8,90177536,init._allgather_params,None,None,,15.047679901123047,5.58,4.88,1
CommType.all_gather,CommGroup.dp_group,8,90177536,init._allgather_params,None,None,,15.106047630310059,5.56,4.86,1
CommType.all_gather,CommGroup.dp_group,8,8192,init._allgather_params,None,None,,0.1196800023317337,0.06,0.06,1
CommType.all_gather,CommGroup.dp_group,8,33554432,init._allgather_params,None,None,,5.550079822540283,5.63,4.93,1
CommType.all_gather,CommGroup.dp_group,8,33554432,init._allgather_params,None,None,,5.497759819030762,5.68,4.97,1
CommType.all_gather,CommGroup.dp_group,8,33554432,init._allgather_params,None,None,,5.460991859436035,5.72,5.01,1
CommType.all_gather,CommGroup.dp_group,8,33554432,init._allgather_params,None,None,,5.568511962890625,5.61,4.91,1
CommType.all_gather,CommGroup.dp_group,8,8192,init._allgather_params,None,None,,0.2959359884262085,0.03,0.02,1
CommType.all_gather,CommGroup.dp_group,8,90177536,init._allgather_params,None,None,,15.039487838745117,5.58,4.89,1
CommType.all_gather,CommGroup.dp_group,8,90177536,init._allgather_params,None,None,,15.20844841003418,5.52,4.83,1
CommType.all_gather,CommGroup.dp_group,8,90177536,init._allgather_params,None,None,,15.08351993560791,5.57,4.87,1
CommType.all_gather,CommGroup.dp_group,8,8192,init._allgather_params,None,None,,0.10745599865913391,0.07,0.06,1
CommType.all_gather,CommGroup.dp_group,8,33554432,init._allgather_params,None,None,,5.524479866027832,5.66,4.95,1
CommType.all_gather,CommGroup.dp_group,8,33554432,init._allgather_params,None,None,,5.486591815948486,5.7,4.98,1
CommType.all_gather,CommGroup.dp_group,8,33554432,init._allgather_params,None,None,,5.502975940704346,5.68,4.97,1
CommType.all_gather,CommGroup.dp_group,8,33554432,init._allgather_params,None,None,,5.600255966186523,5.58,4.88,1
CommType.all_gather,CommGroup.dp_group,8,8192,init._allgather_params,None,None,,0.26419198513031006,0.03,0.03,1
CommType.all_gather,CommGroup.dp_group,8,90177536,init._allgather_params,None,None,,15.105024337768555,5.56,4.87,1
CommType.all_gather,CommGroup.dp_group,8,90177536,init._allgather_params,None,None,,15.112192153930664,5.56,4.86,1
CommType.all_gather,CommGroup.dp_group,8,90177536,init._allgather_params,None,None,,15.111167907714844,5.56,4.86,1
CommType.all_gather,CommGroup.dp_group,8,8192,init._allgather_params,None,None,,0.12697599828243256,0.06,0.05,1
CommType.all_gather,CommGroup.dp_group,8,33554432,init._allgather_params,None,None,,5.501823902130127,5.68,4.97,1
CommType.all_gather,CommGroup.dp_group,8,33554432,init._allgather_params,None,None,,5.534719944000244,5.65,4.94,1
CommType.all_gather,CommGroup.dp_group,8,33554432,init._allgather_params,None,None,,5.749472141265869,5.44,4.76,1
CommType.all_gather,CommGroup.dp_group,8,33554432,init._allgather_params,None,None,,5.571584224700928,5.61,4.91,1
CommType.all_gather,CommGroup.dp_group,8,8192,init._allgather_params,None,None,,0.11059200018644333,0.07,0.06,1
CommType.all_gather,CommGroup.dp_group,8,90177536,init._allgather_params,None,None,,15.09887981414795,5.56,4.87,1
CommType.all_gather,CommGroup.dp_group,8,90177536,init._allgather_params,None,None,,15.358976364135742,5.47,4.78,1
CommType.all_gather,CommGroup.dp_group,8,90177536,init._allgather_params,None,None,,15.17363166809082,5.53,4.84,1
CommType.all_gather,CommGroup.dp_group,8,8192,init._allgather_params,None,None,,0.10524799674749374,0.07,0.06,1
CommType.all_gather,CommGroup.dp_group,8,262144000,init._allgather_params,None,None,,44.249088287353516,5.52,4.83,1
CommType.epoch_end,None,None,0,,None,None,,7410.109996795654,0.0,0.0,1
CommType.all_gather,CommGroup.dp_group,8,262144000,forward.allgather_fn,None,None,,44.58803176879883,5.48,4.79,1
CommType.all_gather,CommGroup.dp_group,8,8192,forward.allgather_fn,None,None,,0.10940799862146378,0.07,0.06,1
CommType.all_gather,CommGroup.dp_group,8,33554432,forward.allgather_fn,None,None,,5.6299519538879395,5.55,4.86,1
CommType.all_gather,CommGroup.dp_group,8,33554432,forward.allgather_fn,None,None,,5.566431999206543,5.61,4.91,1
CommType.all_gather,CommGroup.dp_group,8,33554432,forward.allgather_fn,None,None,,5.539840221405029,5.64,4.94,1
CommType.all_gather,CommGroup.dp_group,8,33554432,forward.allgather_fn,None,None,,5.475103855133057,5.71,4.99,1
CommType.all_gather,CommGroup.dp_group,8,8192,forward.allgather_fn,None,None,,0.2805759906768799,0.03,0.02,1
CommType.all_gather,CommGroup.dp_group,8,90177536,forward.allgather_fn,None,None,,15.195136070251465,5.53,4.84,1
CommType.all_gather,CommGroup.dp_group,8,90177536,forward.allgather_fn,None,None,,15.196991920471191,5.53,4.84,1
CommType.all_gather,CommGroup.dp_group,8,90177536,forward.allgather_fn,None,None,,15.094783782958984,5.56,4.87,1
CommType.all_gather,CommGroup.dp_group,8,8192,forward.allgather_fn,None,None,,0.11574400216341019,0.07,0.06,1
CommType.all_gather,CommGroup.dp_group,8,33554432,forward.allgather_fn,None,None,,5.517312049865723,5.66,4.96,1
CommType.all_gather,CommGroup.dp_group,8,33554432,forward.allgather_fn,None,None,,5.516287803649902,5.67,4.96,1
CommType.all_gather,CommGroup.dp_group,8,33554432,forward.allgather_fn,None,None,,5.5316481590271,5.65,4.94,1
CommType.all_gather,CommGroup.dp_group,8,33554432,forward.allgather_fn,None,None,,5.555200099945068,5.63,4.92,1
CommType.all_gather,CommGroup.dp_group,8,8192,forward.allgather_fn,None,None,,0.20582400262355804,0.04,0.03,1
CommType.all_gather,CommGroup.dp_group,8,90177536,forward.allgather_fn,None,None,,15.079423904418945,5.57,4.87,1
CommType.all_gather,CommGroup.dp_group,8,90177536,forward.allgather_fn,None,None,,15.153152465820312,5.54,4.85,1
CommType.all_gather,CommGroup.dp_group,8,90177536,forward.allgather_fn,None,None,,15.150079727172852,5.54,4.85,1
CommType.all_gather,CommGroup.dp_group,8,8192,forward.allgather_fn,None,None,,0.10751999914646149,0.07,0.06,1
CommType.all_gather,CommGroup.dp_group,8,33554432,forward.allgather_fn,None,None,,5.527552127838135,5.65,4.95,1
CommType.all_gather,CommGroup.dp_group,8,33554432,forward.allgather_fn,None,None,,5.521376132965088,5.66,4.95,1
CommType.all_gather,CommGroup.dp_group,8,33554432,forward.allgather_fn,None,None,,5.42412805557251,5.76,5.04,1
CommType.all_gather,CommGroup.dp_group,8,33554432,forward.allgather_fn,None,None,,5.5754241943359375,5.6,4.9,1
CommType.all_gather,CommGroup.dp_group,8,8192,forward.allgather_fn,None,None,,0.29900801181793213,0.03,0.02,1
CommType.all_gather,CommGroup.dp_group,8,90177536,forward.allgather_fn,None,None,,15.152128219604492,5.54,4.85,1
CommType.all_gather,CommGroup.dp_group,8,90177536,forward.allgather_fn,None,None,,15.052800178527832,5.58,4.88,1
CommType.all_gather,CommGroup.dp_group,8,90177536,forward.allgather_fn,None,None,,15.163711547851562,5.54,4.85,1
CommType.all_gather,CommGroup.dp_group,8,8192,forward.allgather_fn,None,None,,0.1034879982471466,0.07,0.06,1
CommType.all_gather,CommGroup.dp_group,8,33554432,forward.allgather_fn,None,None,,5.52345609664917,5.66,4.95,1
CommType.all_gather,CommGroup.dp_group,8,33554432,forward.allgather_fn,None,None,,5.463039875030518,5.72,5.01,1
CommType.all_gather,CommGroup.dp_group,8,33554432,forward.allgather_fn,None,None,,5.431295871734619,5.75,5.03,1
CommType.all_gather,CommGroup.dp_group,8,33554432,forward.allgather_fn,None,None,,5.58790397644043,5.59,4.89,1
CommType.all_gather,CommGroup.dp_group,8,8192,forward.allgather_fn,None,None,,0.28252801299095154,0.03,0.02,1
CommType.all_gather,CommGroup.dp_group,8,90177536,forward.allgather_fn,None,None,,15.157247543334961,5.54,4.85,1
CommType.all_gather,CommGroup.dp_group,8,90177536,forward.allgather_fn,None,None,,15.073280334472656,5.57,4.88,1
CommType.all_gather,CommGroup.dp_group,8,90177536,forward.allgather_fn,None,None,,15.27302360534668,5.5,4.81,1
CommType.all_gather,CommGroup.dp_group,8,8192,forward.allgather_fn,None,None,,0.10342399775981903,0.07,0.06,1
CommType.all_gather,CommGroup.dp_group,8,33554432,forward.allgather_fn,None,None,,5.5654401779174805,5.62,4.91,1
CommType.all_gather,CommGroup.dp_group,8,33554432,forward.allgather_fn,None,None,,5.484543800354004,5.7,4.99,1
CommType.all_gather,CommGroup.dp_group,8,33554432,forward.allgather_fn,None,None,,5.524479866027832,5.66,4.95,1
CommType.all_gather,CommGroup.dp_group,8,33554432,forward.allgather_fn,None,None,,5.534624099731445,5.65,4.94,1
CommType.all_gather,CommGroup.dp_group,8,8192,forward.allgather_fn,None,None,,0.25702399015426636,0.03,0.03,1
CommType.all_gather,CommGroup.dp_group,8,90177536,forward.allgather_fn,None,None,,15.093759536743164,5.56,4.87,1
CommType.all_gather,CommGroup.dp_group,8,90177536,forward.allgather_fn,None,None,,15.112128257751465,5.56,4.86,1
CommType.all_gather,CommGroup.dp_group,8,90177536,forward.allgather_fn,None,None,,15.219712257385254,5.52,4.83,1
CommType.all_gather,CommGroup.dp_group,8,8192,forward.allgather_fn,None,None,,0.11456000059843063,0.07,0.06,1
CommType.all_gather,CommGroup.dp_group,8,33554432,forward.allgather_fn,None,None,,5.5214080810546875,5.66,4.95,1
CommType.all_gather,CommGroup.dp_group,8,33554432,forward.allgather_fn,None,None,,5.495808124542236,5.69,4.98,1
CommType.all_gather,CommGroup.dp_group,8,33554432,forward.allgather_fn,None,None,,5.439487934112549,5.75,5.03,1
CommType.all_gather,CommGroup.dp_group,8,33554432,forward.allgather_fn,None,None,,5.616640090942383,5.56,4.87,1
CommType.all_gather,CommGroup.dp_group,8,8192,forward.allgather_fn,None,None,,0.25804799795150757,0.03,0.03,1
CommType.all_gather,CommGroup.dp_group,8,90177536,forward.allgather_fn,None,None,,15.06713581085205,5.57,4.88,1
CommType.all_gather,CommGroup.dp_group,8,90177536,forward.allgather_fn,None,None,,15.049728393554688,5.58,4.88,1
CommType.all_gather,CommGroup.dp_group,8,90177536,forward.allgather_fn,None,None,,15.237183570861816,5.51,4.82,1
CommType.all_gather,CommGroup.dp_group,8,8192,forward.allgather_fn,None,None,,0.10444799810647964,0.07,0.06,1
CommType.all_gather,CommGroup.dp_group,8,33554432,forward.allgather_fn,None,None,,5.501952171325684,5.68,4.97,1
CommType.all_gather,CommGroup.dp_group,8,33554432,forward.allgather_fn,None,None,,5.478464126586914,5.7,4.99,1
CommType.all_gather,CommGroup.dp_group,8,33554432,forward.allgather_fn,None,None,,5.478271961212158,5.7,4.99,1
CommType.all_gather,CommGroup.dp_group,8,33554432,forward.allgather_fn,None,None,,5.6104960441589355,5.57,4.87,1
CommType.all_gather,CommGroup.dp_group,8,8192,forward.allgather_fn,None,None,,0.2662400007247925,0.03,0.03,1
CommType.all_gather,CommGroup.dp_group,8,90177536,forward.allgather_fn,None,None,,15.156224250793457,5.54,4.85,1
CommType.all_gather,CommGroup.dp_group,8,90177536,forward.allgather_fn,None,None,,15.055871963500977,5.58,4.88,1
CommType.all_gather,CommGroup.dp_group,8,90177536,forward.allgather_fn,None,None,,15.263744354248047,5.5,4.81,1
CommType.all_gather,CommGroup.dp_group,8,8192,forward.allgather_fn,None,None,,0.1035199984908104,0.07,0.06,1
CommType.all_gather,CommGroup.dp_group,8,33554432,forward.allgather_fn,None,None,,5.52345609664917,5.66,4.95,1
CommType.all_gather,CommGroup.dp_group,8,33554432,forward.allgather_fn,None,None,,5.488639831542969,5.69,4.98,1
CommType.all_gather,CommGroup.dp_group,8,33554432,forward.allgather_fn,None,None,,5.509119987487793,5.67,4.96,1
CommType.all_gather,CommGroup.dp_group,8,33554432,forward.allgather_fn,None,None,,5.666816234588623,5.51,4.83,1
CommType.all_gather,CommGroup.dp_group,8,8192,forward.allgather_fn,None,None,,0.2017280012369156,0.04,0.03,1
CommType.all_gather,CommGroup.dp_group,8,90177536,forward.allgather_fn,None,None,,15.167488098144531,5.54,4.84,1
CommType.all_gather,CommGroup.dp_group,8,90177536,forward.allgather_fn,None,None,,15.132672309875488,5.55,4.86,1
CommType.all_gather,CommGroup.dp_group,8,90177536,forward.allgather_fn,None,None,,15.126527786254883,5.55,4.86,1
CommType.all_gather,CommGroup.dp_group,8,8192,forward.allgather_fn,None,None,,0.14028799533843994,0.05,0.05,1
CommType.all_gather,CommGroup.dp_group,8,33554432,forward.allgather_fn,None,None,,5.5357441902160645,5.65,4.94,1
CommType.all_gather,CommGroup.dp_group,8,33554432,forward.allgather_fn,None,None,,5.504000186920166,5.68,4.97,1
CommType.all_gather,CommGroup.dp_group,8,33554432,forward.allgather_fn,None,None,,5.480447769165039,5.7,4.99,1
CommType.all_gather,CommGroup.dp_group,8,33554432,forward.allgather_fn,None,None,,5.420032024383545,5.77,5.04,1
CommType.all_gather,CommGroup.dp_group,8,8192,forward.allgather_fn,None,None,,0.2672640085220337,0.03,0.02,1
CommType.all_gather,CommGroup.dp_group,8,90177536,forward.allgather_fn,None,None,,15.147007942199707,5.54,4.85,1
CommType.all_gather,CommGroup.dp_group,8,90177536,forward.allgather_fn,None,None,,15.115167617797852,5.56,4.86,1
CommType.all_gather,CommGroup.dp_group,8,90177536,forward.allgather_fn,None,None,,15.127552032470703,5.55,4.86,1
CommType.all_gather,CommGroup.dp_group,8,8192,forward.allgather_fn,None,None,,0.11366400122642517,0.07,0.06,1
CommType.all_gather,CommGroup.dp_group,8,33554432,forward.allgather_fn,None,None,,5.511168003082275,5.67,4.96,1
CommType.all_gather,CommGroup.dp_group,8,33554432,forward.allgather_fn,None,None,,5.453824043273926,5.73,5.01,1
CommType.all_gather,CommGroup.dp_group,8,33554432,forward.allgather_fn,None,None,,5.452640056610107,5.73,5.01,1
CommType.all_gather,CommGroup.dp_group,8,33554432,forward.allgather_fn,None,None,,5.681151866912842,5.5,4.81,1
CommType.all_gather,CommGroup.dp_group,8,8192,forward.allgather_fn,None,None,,0.21299199759960175,0.04,0.03,1
CommType.all_gather,CommGroup.dp_group,8,90177536,forward.allgather_fn,None,None,,15.069184303283691,5.57,4.88,1
CommType.all_gather,CommGroup.dp_group,8,90177536,forward.allgather_fn,None,None,,15.10912036895752,5.56,4.86,1
CommType.all_gather,CommGroup.dp_group,8,90177536,forward.allgather_fn,None,None,,15.11731243133545,5.56,4.86,1
CommType.all_gather,CommGroup.dp_group,8,8192,forward.allgather_fn,None,None,,0.14847999811172485,0.05,0.04,1
CommType.all_gather,CommGroup.dp_group,8,33554432,forward.allgather_fn,None,None,,5.528575897216797,5.65,4.95,1
CommType.all_gather,CommGroup.dp_group,8,33554432,forward.allgather_fn,None,None,,5.4917120933532715,5.69,4.98,1
CommType.all_gather,CommGroup.dp_group,8,33554432,forward.allgather_fn,None,None,,5.5859198570251465,5.59,4.9,1
CommType.all_gather,CommGroup.dp_group,8,33554432,forward.allgather_fn,None,None,,5.667840003967285,5.51,4.82,1
CommType.all_gather,CommGroup.dp_group,8,8192,forward.allgather_fn,None,None,,0.18636800348758698,0.04,0.04,1
CommType.all_gather,CommGroup.dp_group,8,90177536,forward.allgather_fn,None,None,,15.087615966796875,5.57,4.87,1
CommType.all_gather,CommGroup.dp_group,8,90177536,forward.allgather_fn,None,None,,15.119359970092773,5.55,4.86,1
CommType.all_gather,CommGroup.dp_group,8,90177536,forward.allgather_fn,None,None,,15.093759536743164,5.56,4.87,1
CommType.all_gather,CommGroup.dp_group,8,8192,forward.allgather_fn,None,None,,0.14847999811172485,0.05,0.04,1
CommType.all_gather,CommGroup.dp_group,8,33554432,forward.allgather_fn,None,None,,5.502975940704346,5.68,4.97,1
CommType.all_gather,CommGroup.dp_group,8,33554432,forward.allgather_fn,None,None,,5.504000186920166,5.68,4.97,1
CommType.all_gather,CommGroup.dp_group,8,33554432,forward.allgather_fn,None,None,,5.486591815948486,5.7,4.98,1
CommType.all_gather,CommGroup.dp_group,8,33554432,forward.allgather_fn,None,None,,5.60537576675415,5.58,4.88,1
CommType.all_gather,CommGroup.dp_group,8,8192,forward.allgather_fn,None,None,,0.2754560112953186,0.03,0.02,1
CommType.all_gather,CommGroup.dp_group,8,90177536,forward.allgather_fn,None,None,,15.078399658203125,5.57,4.87,1
CommType.all_gather,CommGroup.dp_group,8,90177536,forward.allgather_fn,None,None,,15.158271789550781,5.54,4.85,1
CommType.all_gather,CommGroup.dp_group,8,90177536,forward.allgather_fn,None,None,,15.064064025878906,5.58,4.88,1
CommType.all_gather,CommGroup.dp_group,8,8192,forward.allgather_fn,None,None,,0.13926400244235992,0.05,0.05,1
CommType.all_gather,CommGroup.dp_group,8,33554432,forward.allgather_fn,None,None,,5.5214080810546875,5.66,4.95,1
CommType.all_gather,CommGroup.dp_group,8,33554432,forward.allgather_fn,None,None,,5.487616062164307,5.69,4.98,1
CommType.all_gather,CommGroup.dp_group,8,33554432,forward.allgather_fn,None,None,,5.47327995300293,5.71,5.0,1
CommType.all_gather,CommGroup.dp_group,8,33554432,forward.allgather_fn,None,None,,5.695487976074219,5.49,4.8,1
CommType.all_gather,CommGroup.dp_group,8,8192,forward.allgather_fn,None,None,,0.21299199759960175,0.04,0.03,1
CommType.all_gather,CommGroup.dp_group,8,90177536,forward.allgather_fn,None,None,,15.080448150634766,5.57,4.87,1
CommType.all_gather,CommGroup.dp_group,8,90177536,forward.allgather_fn,None,None,,15.077376365661621,5.57,4.87,1
CommType.all_gather,CommGroup.dp_group,8,90177536,forward.allgather_fn,None,None,,15.158271789550781,5.54,4.85,1
CommType.all_gather,CommGroup.dp_group,8,8192,forward.allgather_fn,None,None,,0.10547199845314026,0.07,0.06,1
CommType.all_gather,CommGroup.dp_group,8,33554432,forward.allgather_fn,None,None,,5.520383834838867,5.66,4.95,1
CommType.all_gather,CommGroup.dp_group,8,33554432,forward.allgather_fn,None,None,,5.479423999786377,5.7,4.99,1
CommType.all_gather,CommGroup.dp_group,8,33554432,forward.allgather_fn,None,None,,5.472256183624268,5.71,5.0,1
CommType.all_gather,CommGroup.dp_group,8,33554432,forward.allgather_fn,None,None,,5.62278413772583,5.56,4.86,1
CommType.all_gather,CommGroup.dp_group,8,8192,forward.allgather_fn,None,None,,0.21299199759960175,0.04,0.03,1
CommType.all_gather,CommGroup.dp_group,8,90177536,forward.allgather_fn,None,None,,15.149056434631348,5.54,4.85,1
CommType.all_gather,CommGroup.dp_group,8,90177536,forward.allgather_fn,None,None,,15.153152465820312,5.54,4.85,1
CommType.all_gather,CommGroup.dp_group,8,90177536,forward.allgather_fn,None,None,,15.10092830657959,5.56,4.87,1
CommType.all_gather,CommGroup.dp_group,8,8192,forward.allgather_fn,None,None,,0.1382720023393631,0.06,0.05,1
CommType.all_gather,CommGroup.dp_group,8,33554432,forward.allgather_fn,None,None,,5.504000186920166,5.68,4.97,1
CommType.all_gather,CommGroup.dp_group,8,33554432,forward.allgather_fn,None,None,,5.490431785583496,5.69,4.98,1
CommType.all_gather,CommGroup.dp_group,8,33554432,forward.allgather_fn,None,None,,5.553152084350586,5.63,4.92,1
CommType.all_gather,CommGroup.dp_group,8,33554432,forward.allgather_fn,None,None,,6.862847805023193,4.55,3.98,1
CommType.all_gather,CommGroup.dp_group,8,8192,forward.allgather_fn,None,None,,0.15052799880504608,0.05,0.04,1
CommType.all_gather,CommGroup.dp_group,8,90177536,forward.allgather_fn,None,None,,15.137791633605957,5.55,4.85,1
CommType.all_gather,CommGroup.dp_group,8,90177536,forward.allgather_fn,None,None,,15.088640213012695,5.57,4.87,1
CommType.all_gather,CommGroup.dp_group,8,90177536,forward.allgather_fn,None,None,,15.255552291870117,5.51,4.82,1
CommType.all_gather,CommGroup.dp_group,8,8192,forward.allgather_fn,None,None,,0.10547199845314026,0.07,0.06,1
CommType.all_gather,CommGroup.dp_group,8,33554432,forward.allgather_fn,None,None,,5.533696174621582,5.65,4.94,1
CommType.all_gather,CommGroup.dp_group,8,33554432,forward.allgather_fn,None,None,,5.496831893920898,5.69,4.97,1
CommType.all_gather,CommGroup.dp_group,8,33554432,forward.allgather_fn,None,None,,5.541888236999512,5.64,4.93,1
CommType.all_gather,CommGroup.dp_group,8,33554432,forward.allgather_fn,None,None,,5.744639873504639,5.44,4.76,1
CommType.all_gather,CommGroup.dp_group,8,8192,forward.allgather_fn,None,None,,0.17788800597190857,0.04,0.04,1
CommType.all_gather,CommGroup.dp_group,8,90177536,forward.allgather_fn,None,None,,15.195103645324707,5.53,4.84,1
CommType.all_gather,CommGroup.dp_group,8,90177536,forward.allgather_fn,None,None,,15.383551597595215,5.46,4.78,1
CommType.all_gather,CommGroup.dp_group,8,90177536,forward.allgather_fn,None,None,,15.203328132629395,5.52,4.83,1
CommType.all_gather,CommGroup.dp_group,8,8192,forward.allgather_fn,None,None,,0.10444799810647964,0.07,0.06,1
CommType.all_gather,CommGroup.dp_group,8,33554432,forward.allgather_fn,None,None,,5.5357441902160645,5.65,4.94,1
CommType.all_gather,CommGroup.dp_group,8,33554432,forward.allgather_fn,None,None,,5.52243185043335,5.66,4.95,1
CommType.all_gather,CommGroup.dp_group,8,33554432,forward.allgather_fn,None,None,,5.625855922698975,5.55,4.86,1
CommType.all_gather,CommGroup.dp_group,8,33554432,forward.allgather_fn,None,None,,5.67625617980957,5.51,4.82,1
CommType.all_gather,CommGroup.dp_group,8,8192,forward.allgather_fn,None,None,,0.21881599724292755,0.03,0.03,1
CommType.all_gather,CommGroup.dp_group,8,90177536,forward.allgather_fn,None,None,,15.110143661499023,5.56,4.86,1
CommType.all_gather,CommGroup.dp_group,8,90177536,forward.allgather_fn,None,None,,15.112192153930664,5.56,4.86,1
CommType.all_gather,CommGroup.dp_group,8,90177536,forward.allgather_fn,None,None,,17.088512420654297,4.91,4.3,1
CommType.all_gather,CommGroup.dp_group,8,8192,forward.allgather_fn,None,None,,0.5355520248413086,0.01,0.01,1
CommType.all_gather,CommGroup.dp_group,8,33554432,forward.allgather_fn,None,None,,5.517216205596924,5.66,4.96,1
CommType.all_gather,CommGroup.dp_group,8,33554432,forward.allgather_fn,None,None,,5.503935813903809,5.68,4.97,1
CommType.all_gather,CommGroup.dp_group,8,33554432,forward.allgather_fn,None,None,,5.543935775756836,5.64,4.93,1
CommType.all_gather,CommGroup.dp_group,8,33554432,forward.allgather_fn,None,None,,5.67193603515625,5.51,4.82,1
CommType.all_gather,CommGroup.dp_group,8,8192,forward.allgather_fn,None,None,,0.22323200106620789,0.03,0.03,1
CommType.all_gather,CommGroup.dp_group,8,90177536,forward.allgather_fn,None,None,,15.089887619018555,5.57,4.87,1
CommType.all_gather,CommGroup.dp_group,8,90177536,forward.allgather_fn,None,None,,15.209471702575684,5.52,4.83,1
CommType.all_gather,CommGroup.dp_group,8,90177536,forward.allgather_fn,None,None,,15.055935859680176,5.58,4.88,1
CommType.all_gather,CommGroup.dp_group,8,8192,forward.allgather_fn,None,None,,0.10239999741315842,0.07,0.07,1
CommType.all_gather,CommGroup.dp_group,8,33554432,forward.allgather_fn,None,None,,5.536767959594727,5.64,4.94,1
CommType.all_gather,CommGroup.dp_group,8,33554432,forward.allgather_fn,None,None,,5.465087890625,5.72,5.0,1
CommType.all_gather,CommGroup.dp_group,8,33554432,forward.allgather_fn,None,None,,5.534719944000244,5.65,4.94,1
CommType.all_gather,CommGroup.dp_group,8,33554432,forward.allgather_fn,None,None,,5.481472015380859,5.7,4.99,1
CommType.all_gather,CommGroup.dp_group,8,8192,forward.allgather_fn,None,None,,0.29388800263404846,0.03,0.02,1
CommType.all_gather,CommGroup.dp_group,8,90177536,forward.allgather_fn,None,None,,15.172608375549316,5.54,4.84,1
CommType.all_gather,CommGroup.dp_group,8,90177536,forward.allgather_fn,None,None,,15.040512084960938,5.58,4.89,1
CommType.all_gather,CommGroup.dp_group,8,90177536,forward.allgather_fn,None,None,,15.19923210144043,5.53,4.83,1
CommType.all_gather,CommGroup.dp_group,8,8192,forward.allgather_fn,None,None,,0.10435199737548828,0.07,0.06,1
CommType.all_gather,CommGroup.dp_group,8,33554432,forward.allgather_fn,None,None,,5.502975940704346,5.68,4.97,1
CommType.all_gather,CommGroup.dp_group,8,33554432,forward.allgather_fn,None,None,,5.4773759841918945,5.71,4.99,1
CommType.all_gather,CommGroup.dp_group,8,33554432,forward.allgather_fn,None,None,,5.517216205596924,5.66,4.96,1
CommType.all_gather,CommGroup.dp_group,8,33554432,forward.allgather_fn,None,None,,5.57155179977417,5.61,4.91,1
CommType.all_gather,CommGroup.dp_group,8,8192,forward.allgather_fn,None,None,,0.2519040107727051,0.03,0.03,1
CommType.all_gather,CommGroup.dp_group,8,90177536,forward.allgather_fn,None,None,,15.164416313171387,5.54,4.85,1
CommType.all_gather,CommGroup.dp_group,8,90177536,forward.allgather_fn,None,None,,15.102975845336914,5.56,4.87,1
CommType.all_gather,CommGroup.dp_group,8,90177536,forward.allgather_fn,None,None,,15.19001579284668,5.53,4.84,1
CommType.all_gather,CommGroup.dp_group,8,8192,forward.allgather_fn,None,None,,0.10345599800348282,0.07,0.06,1
CommType.all_gather,CommGroup.dp_group,8,33554432,forward.allgather_fn,None,None,,5.5265278816223145,5.65,4.95,1
CommType.all_gather,CommGroup.dp_group,8,33554432,forward.allgather_fn,None,None,,5.488639831542969,5.69,4.98,1
CommType.all_gather,CommGroup.dp_group,8,33554432,forward.allgather_fn,None,None,,5.443264007568359,5.74,5.02,1
CommType.all_gather,CommGroup.dp_group,8,33554432,forward.allgather_fn,None,None,,5.607423782348633,5.57,4.88,1
CommType.all_gather,CommGroup.dp_group,8,8192,forward.allgather_fn,None,None,,0.25088000297546387,0.03,0.03,1
CommType.all_gather,CommGroup.dp_group,8,90177536,forward.allgather_fn,None,None,,15.148032188415527,5.54,4.85,1
CommType.all_gather,CommGroup.dp_group,8,90177536,forward.allgather_fn,None,None,,15.069184303283691,5.57,4.88,1
CommType.all_gather,CommGroup.dp_group,8,90177536,forward.allgather_fn,None,None,,15.177727699279785,5.53,4.84,1
CommType.all_gather,CommGroup.dp_group,8,8192,forward.allgather_fn,None,None,,0.12777599692344666,0.06,0.05,1
CommType.all_gather,CommGroup.dp_group,8,33554432,forward.allgather_fn,None,None,,5.516287803649902,5.67,4.96,1
CommType.all_gather,CommGroup.dp_group,8,33554432,forward.allgather_fn,None,None,,5.485568046569824,5.7,4.98,1
CommType.all_gather,CommGroup.dp_group,8,33554432,forward.allgather_fn,None,None,,5.431295871734619,5.75,5.03,1
CommType.all_gather,CommGroup.dp_group,8,33554432,forward.allgather_fn,None,None,,5.558271884918213,5.62,4.92,1
CommType.all_gather,CommGroup.dp_group,8,8192,forward.allgather_fn,None,None,,0.28748801350593567,0.03,0.02,1
CommType.all_gather,CommGroup.dp_group,8,90177536,forward.allgather_fn,None,None,,15.118335723876953,5.56,4.86,1
CommType.all_gather,CommGroup.dp_group,8,90177536,forward.allgather_fn,None,None,,15.09887981414795,5.56,4.87,1
CommType.all_gather,CommGroup.dp_group,8,90177536,forward.allgather_fn,None,None,,15.254688262939453,5.51,4.82,1
CommType.all_gather,CommGroup.dp_group,8,8192,forward.allgather_fn,None,None,,0.10649599879980087,0.07,0.06,1
CommType.all_gather,CommGroup.dp_group,8,33554432,forward.allgather_fn,None,None,,5.530623912811279,5.65,4.94,1
CommType.all_gather,CommGroup.dp_group,8,33554432,forward.allgather_fn,None,None,,5.493760108947754,5.69,4.98,1
CommType.all_gather,CommGroup.dp_group,8,33554432,forward.allgather_fn,None,None,,5.458943843841553,5.72,5.01,1
CommType.all_gather,CommGroup.dp_group,8,33554432,forward.allgather_fn,None,None,,5.484543800354004,5.7,4.99,1
CommType.all_gather,CommGroup.dp_group,8,8192,forward.allgather_fn,None,None,,0.3184640109539032,0.02,0.02,1
CommType.all_gather,CommGroup.dp_group,8,90177536,forward.allgather_fn,None,None,,15.179776191711426,5.53,4.84,1
CommType.all_gather,CommGroup.dp_group,8,90177536,forward.allgather_fn,None,None,,15.230976104736328,5.51,4.82,1
CommType.all_gather,CommGroup.dp_group,8,90177536,forward.allgather_fn,None,None,,15.10092830657959,5.56,4.87,1
CommType.all_gather,CommGroup.dp_group,8,8192,forward.allgather_fn,None,None,,0.10947199910879135,0.07,0.06,1
CommType.all_gather,CommGroup.dp_group,8,33554432,forward.allgather_fn,None,None,,5.525631904602051,5.66,4.95,1
CommType.all_gather,CommGroup.dp_group,8,33554432,forward.allgather_fn,None,None,,5.504831790924072,5.68,4.97,1
CommType.all_gather,CommGroup.dp_group,8,33554432,forward.allgather_fn,None,None,,5.45468807220459,5.73,5.01,1
CommType.all_gather,CommGroup.dp_group,8,33554432,forward.allgather_fn,None,None,,5.60537576675415,5.58,4.88,1
CommType.all_gather,CommGroup.dp_group,8,8192,forward.allgather_fn,None,None,,0.2590720057487488,0.03,0.03,1
CommType.all_gather,CommGroup.dp_group,8,90177536,forward.allgather_fn,None,None,,15.059967994689941,5.58,4.88,1
CommType.all_gather,CommGroup.dp_group,8,90177536,forward.allgather_fn,None,None,,15.139936447143555,5.55,4.85,1
CommType.all_gather,CommGroup.dp_group,8,90177536,forward.allgather_fn,None,None,,15.248671531677246,5.51,4.82,1
CommType.all_gather,CommGroup.dp_group,8,8192,forward.allgather_fn,None,None,,0.10444799810647964,0.07,0.06,1
CommType.all_gather,CommGroup.dp_group,8,33554432,forward.allgather_fn,None,None,,5.5316481590271,5.65,4.94,1
CommType.all_gather,CommGroup.dp_group,8,33554432,forward.allgather_fn,None,None,,5.4824957847595215,5.7,4.99,1
CommType.all_gather,CommGroup.dp_group,8,33554432,forward.allgather_fn,None,None,,5.448703765869141,5.74,5.02,1
CommType.all_gather,CommGroup.dp_group,8,33554432,forward.allgather_fn,None,None,,5.559296131134033,5.62,4.92,1
CommType.all_gather,CommGroup.dp_group,8,8192,forward.allgather_fn,None,None,,0.2945919930934906,0.03,0.02,1
CommType.all_gather,CommGroup.dp_group,8,90177536,forward.allgather_fn,None,None,,15.163392066955566,5.54,4.85,1
CommType.all_gather,CommGroup.dp_group,8,90177536,forward.allgather_fn,None,None,,15.088640213012695,5.57,4.87,1
CommType.all_gather,CommGroup.dp_group,8,90177536,forward.allgather_fn,None,None,,15.129599571228027,5.55,4.86,1
CommType.all_gather,CommGroup.dp_group,8,8192,forward.allgather_fn,None,None,,0.12185599654912949,0.06,0.05,1
CommType.all_gather,CommGroup.dp_group,8,33554432,forward.allgather_fn,None,None,,5.501952171325684,5.68,4.97,1
CommType.all_gather,CommGroup.dp_group,8,33554432,forward.allgather_fn,None,None,,5.518335819244385,5.66,4.96,1
CommType.all_gather,CommGroup.dp_group,8,33554432,forward.allgather_fn,None,None,,5.506048202514648,5.68,4.97,1
CommType.all_gather,CommGroup.dp_group,8,33554432,forward.allgather_fn,None,None,,5.694464206695557,5.49,4.8,1
CommType.all_gather,CommGroup.dp_group,8,8192,forward.allgather_fn,None,None,,0.23449599742889404,0.03,0.03,1
CommType.all_gather,CommGroup.dp_group,8,90177536,forward.allgather_fn,None,None,,15.059967994689941,5.58,4.88,1
CommType.all_gather,CommGroup.dp_group,8,90177536,forward.allgather_fn,None,None,,15.171584129333496,5.54,4.84,1
CommType.all_gather,CommGroup.dp_group,8,90177536,forward.allgather_fn,None,None,,15.119359970092773,5.55,4.86,1
CommType.all_gather,CommGroup.dp_group,8,8192,forward.allgather_fn,None,None,,0.10547199845314026,0.07,0.06,1
CommType.all_gather,CommGroup.dp_group,8,33554432,forward.allgather_fn,None,None,,5.501952171325684,5.68,4.97,1
CommType.all_gather,CommGroup.dp_group,8,33554432,forward.allgather_fn,None,None,,5.492735862731934,5.69,4.98,1
CommType.all_gather,CommGroup.dp_group,8,33554432,forward.allgather_fn,None,None,,5.482304096221924,5.7,4.99,1
CommType.all_gather,CommGroup.dp_group,8,33554432,forward.allgather_fn,None,None,,5.6528000831604,5.53,4.84,1
CommType.all_gather,CommGroup.dp_group,8,8192,forward.allgather_fn,None,None,,0.24883200228214264,0.03,0.03,1
CommType.all_gather,CommGroup.dp_group,8,90177536,forward.allgather_fn,None,None,,15.120384216308594,5.55,4.86,1
CommType.all_gather,CommGroup.dp_group,8,90177536,forward.allgather_fn,None,None,,15.131872177124023,5.55,4.86,1
CommType.all_gather,CommGroup.dp_group,8,90177536,forward.allgather_fn,None,None,,15.102975845336914,5.56,4.87,1
CommType.all_gather,CommGroup.dp_group,8,8192,forward.allgather_fn,None,None,,0.14137600362300873,0.05,0.05,1
CommType.all_gather,CommGroup.dp_group,8,33554432,forward.allgather_fn,None,None,,5.496831893920898,5.69,4.97,1
CommType.all_gather,CommGroup.dp_group,8,33554432,forward.allgather_fn,None,None,,5.496831893920898,5.69,4.97,1
CommType.all_gather,CommGroup.dp_group,8,33554432,forward.allgather_fn,None,None,,5.570655822753906,5.61,4.91,1
CommType.all_gather,CommGroup.dp_group,8,33554432,forward.allgather_fn,None,None,,5.635072231292725,5.55,4.85,1
CommType.all_gather,CommGroup.dp_group,8,8192,forward.allgather_fn,None,None,,0.18227200210094452,0.04,0.04,1
CommType.all_gather,CommGroup.dp_group,8,90177536,forward.allgather_fn,None,None,,15.06611156463623,5.57,4.88,1
CommType.all_gather,CommGroup.dp_group,8,90177536,forward.allgather_fn,None,None,,15.18899154663086,5.53,4.84,1
CommType.all_gather,CommGroup.dp_group,8,90177536,forward.allgather_fn,None,None,,15.110143661499023,5.56,4.86,1
CommType.all_gather,CommGroup.dp_group,8,8192,forward.allgather_fn,None,None,,0.10547199845314026,0.07,0.06,1
CommType.all_gather,CommGroup.dp_group,8,33554432,forward.allgather_fn,None,None,,5.540863990783691,5.64,4.93,1
CommType.all_gather,CommGroup.dp_group,8,33554432,forward.allgather_fn,None,None,,5.5366082191467285,5.64,4.94,1
CommType.all_gather,CommGroup.dp_group,8,33554432,forward.allgather_fn,None,None,,5.443583965301514,5.74,5.02,1
CommType.all_gather,CommGroup.dp_group,8,33554432,forward.allgather_fn,None,None,,5.71289587020874,5.47,4.79,1
CommType.all_gather,CommGroup.dp_group,8,8192,forward.allgather_fn,None,None,,0.2017280012369156,0.04,0.03,1
CommType.all_gather,CommGroup.dp_group,8,90177536,forward.allgather_fn,None,None,,15.037440299987793,5.59,4.89,1
CommType.all_gather,CommGroup.dp_group,8,90177536,forward.allgather_fn,None,None,,15.132672309875488,5.55,4.86,1
CommType.all_gather,CommGroup.dp_group,8,90177536,forward.allgather_fn,None,None,,15.155200004577637,5.54,4.85,1
CommType.all_gather,CommGroup.dp_group,8,8192,forward.allgather_fn,None,None,,0.10444799810647964,0.07,0.06,1
CommType.all_gather,CommGroup.dp_group,8,33554432,forward.allgather_fn,None,None,,5.518335819244385,5.66,4.96,1
CommType.all_gather,CommGroup.dp_group,8,33554432,forward.allgather_fn,None,None,,5.494783878326416,5.69,4.98,1
CommType.all_gather,CommGroup.dp_group,8,33554432,forward.allgather_fn,None,None,,5.421823978424072,5.76,5.04,1
CommType.all_gather,CommGroup.dp_group,8,33554432,forward.allgather_fn,None,None,,5.6545281410217285,5.53,4.84,1
CommType.all_gather,CommGroup.dp_group,8,8192,forward.allgather_fn,None,None,,0.16675199568271637,0.05,0.04,1
CommType.all_gather,CommGroup.dp_group,8,90177536,forward.allgather_fn,None,None,,15.116288185119629,5.56,4.86,1
CommType.all_gather,CommGroup.dp_group,8,90177536,forward.allgather_fn,None,None,,15.041472434997559,5.58,4.89,1
CommType.all_gather,CommGroup.dp_group,8,90177536,forward.allgather_fn,None,None,,15.209695816040039,5.52,4.83,1
CommType.all_gather,CommGroup.dp_group,8,8192,forward.allgather_fn,None,None,,0.10249599814414978,0.07,0.07,1
CommType.all_gather,CommGroup.dp_group,8,33554432,forward.allgather_fn,None,None,,5.502975940704346,5.68,4.97,1
CommType.all_gather,CommGroup.dp_group,8,33554432,forward.allgather_fn,None,None,,5.497856140136719,5.68,4.97,1
CommType.all_gather,CommGroup.dp_group,8,33554432,forward.allgather_fn,None,None,,5.405695915222168,5.78,5.06,1
CommType.all_gather,CommGroup.dp_group,8,33554432,forward.allgather_fn,None,None,,5.584896087646484,5.6,4.9,1
CommType.all_gather,CommGroup.dp_group,8,8192,forward.allgather_fn,None,None,,0.2619200050830841,0.03,0.03,1
CommType.all_gather,CommGroup.dp_group,8,90177536,forward.allgather_fn,None,None,,15.145983695983887,5.54,4.85,1
CommType.all_gather,CommGroup.dp_group,8,90177536,forward.allgather_fn,None,None,,15.150079727172852,5.54,4.85,1
CommType.all_gather,CommGroup.dp_group,8,90177536,forward.allgather_fn,None,None,,15.081472396850586,5.57,4.87,1
CommType.all_gather,CommGroup.dp_group,8,8192,forward.allgather_fn,None,None,,0.10547199845314026,0.07,0.06,1
CommType.all_gather,CommGroup.dp_group,8,33554432,forward.allgather_fn,None,None,,5.520383834838867,5.66,4.95,1
CommType.all_gather,CommGroup.dp_group,8,33554432,forward.allgather_fn,None,None,,5.495808124542236,5.69,4.98,1
CommType.all_gather,CommGroup.dp_group,8,33554432,forward.allgather_fn,None,None,,5.445631980895996,5.74,5.02,1
CommType.all_gather,CommGroup.dp_group,8,33554432,forward.allgather_fn,None,None,,5.649280071258545,5.53,4.84,1
CommType.all_gather,CommGroup.dp_group,8,8192,forward.allgather_fn,None,None,,0.21801599860191345,0.03,0.03,1
CommType.all_gather,CommGroup.dp_group,8,90177536,forward.allgather_fn,None,None,,15.142911911010742,5.55,4.85,1
CommType.all_gather,CommGroup.dp_group,8,90177536,forward.allgather_fn,None,None,,15.168512344360352,5.54,4.84,1
CommType.all_gather,CommGroup.dp_group,8,90177536,forward.allgather_fn,None,None,,15.119359970092773,5.55,4.86,1
CommType.all_gather,CommGroup.dp_group,8,8192,forward.allgather_fn,None,None,,0.1034879982471466,0.07,0.06,1
CommType.all_gather,CommGroup.dp_group,8,262144000,forward.allgather_fn,None,None,,44.01152038574219,5.55,4.85,1
CommType.all_gather,CommGroup.dp_group,8,262144000,backward.allgather_fn,None,None,,43.94700622558594,5.56,4.86,1
CommType.all_gather,CommGroup.dp_group,8,8192,backward.allgather_fn,None,None,,0.1454080045223236,0.05,0.05,1
CommType.all_gather,CommGroup.dp_group,8,90177536,backward.allgather_fn,None,None,,15.115263938903809,5.56,4.86,1
CommType.all_gather,CommGroup.dp_group,8,90177536,backward.allgather_fn,None,None,,15.28217601776123,5.5,4.81,1
CommType.all_gather,CommGroup.dp_group,8,90177536,backward.allgather_fn,None,None,,15.08556842803955,5.57,4.87,1
CommType.all_gather,CommGroup.dp_group,8,8192,backward.allgather_fn,None,None,,0.10463999956846237,0.07,0.06,1
CommType.all_gather,CommGroup.dp_group,8,33554432,backward.allgather_fn,None,None,,5.527552127838135,5.65,4.95,1
CommType.all_gather,CommGroup.dp_group,8,33554432,backward.allgather_fn,None,None,,5.465087890625,5.72,5.0,1
CommType.all_gather,CommGroup.dp_group,8,33554432,backward.allgather_fn,None,None,,5.5070719718933105,5.67,4.97,1
CommType.all_gather,CommGroup.dp_group,8,33554432,backward.allgather_fn,None,None,,5.490687847137451,5.69,4.98,1
CommType.all_gather,CommGroup.dp_group,8,8192,backward.allgather_fn,None,None,,0.30822399258613586,0.02,0.02,1
CommType.all_gather,CommGroup.dp_group,8,90177536,backward.allgather_fn,None,None,,15.089599609375,5.57,4.87,1
CommType.all_gather,CommGroup.dp_group,8,90177536,backward.allgather_fn,None,None,,15.132672309875488,5.55,4.86,1
CommType.all_gather,CommGroup.dp_group,8,90177536,backward.allgather_fn,None,None,,15.112319946289062,5.56,4.86,1
CommType.all_gather,CommGroup.dp_group,8,8192,backward.allgather_fn,None,None,,0.14537599682807922,0.05,0.05,1
CommType.all_gather,CommGroup.dp_group,8,33554432,backward.allgather_fn,None,None,,5.532671928405762,5.65,4.94,1
CommType.all_gather,CommGroup.dp_group,8,33554432,backward.allgather_fn,None,None,,5.466911792755127,5.72,5.0,1
CommType.reduce_scatter,CommGroup.dp_group,8,971014144,backward.reduce_scatter_fn,None,None,,160.6307830810547,5.63,4.93,1
CommType.all_gather,CommGroup.dp_group,8,33554432,backward.allgather_fn,None,None,,5.420032024383545,5.77,5.04,1
CommType.all_gather,CommGroup.dp_group,8,33554432,backward.allgather_fn,None,None,,5.568448066711426,5.61,4.91,1
CommType.all_gather,CommGroup.dp_group,8,8192,backward.allgather_fn,None,None,,0.12800000607967377,0.06,0.05,1
CommType.all_gather,CommGroup.dp_group,8,90177536,backward.allgather_fn,None,None,,15.059935569763184,5.58,4.88,1
CommType.all_gather,CommGroup.dp_group,8,90177536,backward.allgather_fn,None,None,,15.187968254089355,5.53,4.84,1
CommType.all_gather,CommGroup.dp_group,8,90177536,backward.allgather_fn,None,None,,15.122431755065918,5.55,4.86,1
CommType.all_gather,CommGroup.dp_group,8,8192,backward.allgather_fn,None,None,,0.10547199845314026,0.07,0.06,1
CommType.all_gather,CommGroup.dp_group,8,33554432,backward.allgather_fn,None,None,,5.513216018676758,5.67,4.96,1
CommType.all_gather,CommGroup.dp_group,8,33554432,backward.allgather_fn,None,None,,5.499904155731201,5.68,4.97,1
CommType.all_gather,CommGroup.dp_group,8,33554432,backward.allgather_fn,None,None,,5.601280212402344,5.58,4.88,1
CommType.all_gather,CommGroup.dp_group,8,33554432,backward.allgather_fn,None,None,,5.550079822540283,5.63,4.93,1
CommType.all_gather,CommGroup.dp_group,8,8192,backward.allgather_fn,None,None,,0.11264000087976456,0.07,0.06,1
CommType.all_gather,CommGroup.dp_group,8,90177536,backward.allgather_fn,None,None,,15.053824424743652,5.58,4.88,1
CommType.all_gather,CommGroup.dp_group,8,90177536,backward.allgather_fn,None,None,,15.145983695983887,5.54,4.85,1
CommType.all_gather,CommGroup.dp_group,8,90177536,backward.allgather_fn,None,None,,15.116288185119629,5.56,4.86,1
CommType.all_gather,CommGroup.dp_group,8,8192,backward.allgather_fn,None,None,,0.10870400071144104,0.07,0.06,1
CommType.all_gather,CommGroup.dp_group,8,33554432,backward.allgather_fn,None,None,,5.51423978805542,5.67,4.96,1
CommType.all_gather,CommGroup.dp_group,8,33554432,backward.allgather_fn,None,None,,5.488639831542969,5.69,4.98,1
CommType.all_gather,CommGroup.dp_group,8,33554432,backward.allgather_fn,None,None,,5.483520030975342,5.7,4.99,1
CommType.all_gather,CommGroup.dp_group,8,33554432,backward.allgather_fn,None,None,,5.577727794647217,5.6,4.9,1
CommType.all_gather,CommGroup.dp_group,8,8192,backward.allgather_fn,None,None,,0.2855679988861084,0.03,0.02,1
CommType.all_gather,CommGroup.dp_group,8,90177536,backward.allgather_fn,None,None,,15.107071876525879,5.56,4.86,1
CommType.reduce_scatter,CommGroup.dp_group,8,910204928,backward.reduce_scatter_fn,None,None,,149.92691040039062,5.65,4.95,1
CommType.all_gather,CommGroup.dp_group,8,90177536,backward.allgather_fn,None,None,,14.980095863342285,5.61,4.91,1
CommType.all_gather,CommGroup.dp_group,8,90177536,backward.allgather_fn,None,None,,15.165663719177246,5.54,4.85,1
CommType.all_gather,CommGroup.dp_group,8,8192,backward.allgather_fn,None,None,,0.1157120019197464,0.07,0.06,1
CommType.all_gather,CommGroup.dp_group,8,33554432,backward.allgather_fn,None,None,,5.52243185043335,5.66,4.95,1
CommType.all_gather,CommGroup.dp_group,8,33554432,backward.allgather_fn,None,None,,5.510335922241211,5.67,4.96,1
CommType.all_gather,CommGroup.dp_group,8,33554432,backward.allgather_fn,None,None,,5.525504112243652,5.66,4.95,1
CommType.all_gather,CommGroup.dp_group,8,33554432,backward.allgather_fn,None,None,,5.486591815948486,5.7,4.98,1
CommType.all_gather,CommGroup.dp_group,8,8192,backward.allgather_fn,None,None,,0.26416000723838806,0.03,0.03,1
CommType.all_gather,CommGroup.dp_group,8,90177536,backward.allgather_fn,None,None,,15.209440231323242,5.52,4.83,1
CommType.all_gather,CommGroup.dp_group,8,90177536,backward.allgather_fn,None,None,,15.082655906677246,5.57,4.87,1
CommType.all_gather,CommGroup.dp_group,8,90177536,backward.allgather_fn,None,None,,15.169631958007812,5.54,4.84,1
CommType.all_gather,CommGroup.dp_group,8,8192,backward.allgather_fn,None,None,,0.10342399775981903,0.07,0.06,1
CommType.all_gather,CommGroup.dp_group,8,33554432,backward.allgather_fn,None,None,,5.5214080810546875,5.66,4.95,1
CommType.all_gather,CommGroup.dp_group,8,33554432,backward.allgather_fn,None,None,,5.480447769165039,5.7,4.99,1
CommType.all_gather,CommGroup.dp_group,8,33554432,backward.allgather_fn,None,None,,5.480447769165039,5.7,4.99,1
CommType.all_gather,CommGroup.dp_group,8,33554432,backward.allgather_fn,None,None,,5.568511962890625,5.61,4.91,1
CommType.all_gather,CommGroup.dp_group,8,8192,backward.allgather_fn,None,None,,0.2396160066127777,0.03,0.03,1
CommType.all_gather,CommGroup.dp_group,8,90177536,backward.allgather_fn,None,None,,15.078399658203125,5.57,4.87,1
CommType.all_gather,CommGroup.dp_group,8,90177536,backward.allgather_fn,None,None,,15.1080961227417,5.56,4.86,1
CommType.all_gather,CommGroup.dp_group,8,90177536,backward.allgather_fn,None,None,,15.09887981414795,5.56,4.87,1
CommType.reduce_scatter,CommGroup.dp_group,8,989888512,backward.reduce_scatter_fn,None,None,,162.7658233642578,5.66,4.96,1
CommType.all_gather,CommGroup.dp_group,8,8192,backward.allgather_fn,None,None,,0.12780800461769104,0.06,0.05,1
CommType.all_gather,CommGroup.dp_group,8,33554432,backward.allgather_fn,None,None,,5.528575897216797,5.65,4.95,1
CommType.all_gather,CommGroup.dp_group,8,33554432,backward.allgather_fn,None,None,,5.485568046569824,5.7,4.98,1
CommType.all_gather,CommGroup.dp_group,8,33554432,backward.allgather_fn,None,None,,5.475327968597412,5.71,4.99,1
CommType.all_gather,CommGroup.dp_group,8,33554432,backward.allgather_fn,None,None,,5.602367877960205,5.58,4.88,1
CommType.all_gather,CommGroup.dp_group,8,8192,backward.allgather_fn,None,None,,0.25811201333999634,0.03,0.03,1
CommType.all_gather,CommGroup.dp_group,8,90177536,backward.allgather_fn,None,None,,15.145983695983887,5.54,4.85,1
CommType.all_gather,CommGroup.dp_group,8,90177536,backward.allgather_fn,None,None,,14.996479988098145,5.6,4.9,1
CommType.all_gather,CommGroup.dp_group,8,90177536,backward.allgather_fn,None,None,,15.186944007873535,5.53,4.84,1
CommType.all_gather,CommGroup.dp_group,8,8192,backward.allgather_fn,None,None,,0.10547199845314026,0.07,0.06,1
CommType.all_gather,CommGroup.dp_group,8,33554432,backward.allgather_fn,None,None,,5.516287803649902,5.67,4.96,1
CommType.all_gather,CommGroup.dp_group,8,33554432,backward.allgather_fn,None,None,,5.492735862731934,5.69,4.98,1
CommType.all_gather,CommGroup.dp_group,8,33554432,backward.allgather_fn,None,None,,5.5316481590271,5.65,4.94,1
CommType.all_gather,CommGroup.dp_group,8,33554432,backward.allgather_fn,None,None,,5.527552127838135,5.65,4.95,1
CommType.all_gather,CommGroup.dp_group,8,8192,backward.allgather_fn,None,None,,0.2744320034980774,0.03,0.02,1
CommType.all_gather,CommGroup.dp_group,8,90177536,backward.allgather_fn,None,None,,15.051775932312012,5.58,4.88,1
CommType.all_gather,CommGroup.dp_group,8,90177536,backward.allgather_fn,None,None,,15.177727699279785,5.53,4.84,1
CommType.all_gather,CommGroup.dp_group,8,90177536,backward.allgather_fn,None,None,,15.242239952087402,5.51,4.82,1
CommType.all_gather,CommGroup.dp_group,8,8192,backward.allgather_fn,None,None,,0.6307839751243591,0.01,0.01,1
CommType.all_gather,CommGroup.dp_group,8,33554432,backward.allgather_fn,None,None,,5.498879909515381,5.68,4.97,1
CommType.all_gather,CommGroup.dp_group,8,33554432,backward.allgather_fn,None,None,,5.484543800354004,5.7,4.99,1
CommType.all_gather,CommGroup.dp_group,8,33554432,backward.allgather_fn,None,None,,5.472127914428711,5.71,5.0,1
CommType.reduce_scatter,CommGroup.dp_group,8,966828032,backward.reduce_scatter_fn,None,None,,159.9447021484375,5.63,4.93,1
CommType.all_gather,CommGroup.dp_group,8,33554432,backward.allgather_fn,None,None,,5.505023956298828,5.68,4.97,1
CommType.all_gather,CommGroup.dp_group,8,8192,backward.allgather_fn,None,None,,0.10649599879980087,0.07,0.06,1
CommType.all_gather,CommGroup.dp_group,8,90177536,backward.allgather_fn,None,None,,15.017984390258789,5.59,4.89,1
CommType.all_gather,CommGroup.dp_group,8,90177536,backward.allgather_fn,None,None,,15.18899154663086,5.53,4.84,1
CommType.all_gather,CommGroup.dp_group,8,90177536,backward.allgather_fn,None,None,,15.074527740478516,5.57,4.87,1
CommType.all_gather,CommGroup.dp_group,8,8192,backward.allgather_fn,None,None,,0.12892800569534302,0.06,0.05,1
CommType.all_gather,CommGroup.dp_group,8,33554432,backward.allgather_fn,None,None,,5.5068159103393555,5.67,4.97,1
CommType.all_gather,CommGroup.dp_group,8,33554432,backward.allgather_fn,None,None,,5.5265278816223145,5.65,4.95,1
CommType.all_gather,CommGroup.dp_group,8,33554432,backward.allgather_fn,None,None,,5.494783878326416,5.69,4.98,1
CommType.all_gather,CommGroup.dp_group,8,33554432,backward.allgather_fn,None,None,,5.574431896209717,5.61,4.91,1
CommType.all_gather,CommGroup.dp_group,8,8192,backward.allgather_fn,None,None,,0.26521599292755127,0.03,0.03,1
CommType.all_gather,CommGroup.dp_group,8,90177536,backward.allgather_fn,None,None,,15.08249568939209,5.57,4.87,1
CommType.all_gather,CommGroup.dp_group,8,90177536,backward.allgather_fn,None,None,,15.151103973388672,5.54,4.85,1
CommType.all_gather,CommGroup.dp_group,8,90177536,backward.allgather_fn,None,None,,15.054847717285156,5.58,4.88,1
CommType.all_gather,CommGroup.dp_group,8,8192,backward.allgather_fn,None,None,,0.12390399724245071,0.06,0.05,1
CommType.all_gather,CommGroup.dp_group,8,33554432,backward.allgather_fn,None,None,,5.520383834838867,5.66,4.95,1
CommType.all_gather,CommGroup.dp_group,8,33554432,backward.allgather_fn,None,None,,5.481472015380859,5.7,4.99,1
CommType.all_gather,CommGroup.dp_group,8,33554432,backward.allgather_fn,None,None,,5.563263893127441,5.62,4.92,1
CommType.all_gather,CommGroup.dp_group,8,33554432,backward.allgather_fn,None,None,,5.620736122131348,5.56,4.86,1
CommType.all_gather,CommGroup.dp_group,8,8192,backward.allgather_fn,None,None,,0.21702399849891663,0.04,0.03,1
CommType.all_gather,CommGroup.dp_group,8,90177536,backward.allgather_fn,None,None,,15.131648063659668,5.55,4.86,1
CommType.all_gather,CommGroup.dp_group,8,90177536,backward.allgather_fn,None,None,,15.169535636901855,5.54,4.84,1
CommType.reduce_scatter,CommGroup.dp_group,8,966828032,backward.reduce_scatter_fn,None,None,,159.7962188720703,5.63,4.93,1
CommType.all_gather,CommGroup.dp_group,8,90177536,backward.allgather_fn,None,None,,14.761983871459961,5.69,4.98,1
CommType.all_gather,CommGroup.dp_group,8,8192,backward.allgather_fn,None,None,,0.11027199774980545,0.07,0.06,1
CommType.all_gather,CommGroup.dp_group,8,33554432,backward.allgather_fn,None,None,,5.524479866027832,5.66,4.95,1
CommType.all_gather,CommGroup.dp_group,8,33554432,backward.allgather_fn,None,None,,5.494624137878418,5.69,4.98,1
CommType.all_gather,CommGroup.dp_group,8,33554432,backward.allgather_fn,None,None,,5.439487934112549,5.75,5.03,1
CommType.all_gather,CommGroup.dp_group,8,33554432,backward.allgather_fn,None,None,,5.606400012969971,5.57,4.88,1
CommType.all_gather,CommGroup.dp_group,8,8192,backward.allgather_fn,None,None,,0.2640320062637329,0.03,0.03,1
CommType.all_gather,CommGroup.dp_group,8,90177536,backward.allgather_fn,None,None,,15.129599571228027,5.55,4.86,1
CommType.all_gather,CommGroup.dp_group,8,90177536,backward.allgather_fn,None,None,,15.140864372253418,5.55,4.85,1
CommType.all_gather,CommGroup.dp_group,8,90177536,backward.allgather_fn,None,None,,15.129599571228027,5.55,4.86,1
CommType.all_gather,CommGroup.dp_group,8,8192,backward.allgather_fn,None,None,,0.10451199859380722,0.07,0.06,1
CommType.all_gather,CommGroup.dp_group,8,33554432,backward.allgather_fn,None,None,,5.510144233703613,5.67,4.96,1
CommType.all_gather,CommGroup.dp_group,8,33554432,backward.allgather_fn,None,None,,5.47327995300293,5.71,5.0,1
CommType.all_gather,CommGroup.dp_group,8,33554432,backward.allgather_fn,None,None,,5.547999858856201,5.63,4.93,1
CommType.all_gather,CommGroup.dp_group,8,33554432,backward.allgather_fn,None,None,,5.612544059753418,5.57,4.87,1
CommType.all_gather,CommGroup.dp_group,8,8192,backward.allgather_fn,None,None,,0.16486400365829468,0.05,0.04,1
CommType.all_gather,CommGroup.dp_group,8,90177536,backward.allgather_fn,None,None,,15.055744171142578,5.58,4.88,1
CommType.all_gather,CommGroup.dp_group,8,90177536,backward.allgather_fn,None,None,,15.162367820739746,5.54,4.85,1
CommType.all_gather,CommGroup.dp_group,8,90177536,backward.allgather_fn,None,None,,15.229951858520508,5.51,4.83,1
CommType.all_gather,CommGroup.dp_group,8,8192,backward.allgather_fn,None,None,,0.10559999942779541,0.07,0.06,1
CommType.all_gather,CommGroup.dp_group,8,33554432,backward.allgather_fn,None,None,,5.52243185043335,5.66,4.95,1
CommType.reduce_scatter,CommGroup.dp_group,8,989896704,backward.reduce_scatter_fn,None,None,,163.5888671875,5.64,4.93,1
CommType.all_gather,CommGroup.dp_group,8,33554432,backward.allgather_fn,None,None,,5.519360065460205,5.66,4.95,1
CommType.all_gather,CommGroup.dp_group,8,33554432,backward.allgather_fn,None,None,,5.45689582824707,5.73,5.01,1
CommType.all_gather,CommGroup.dp_group,8,33554432,backward.allgather_fn,None,None,,5.445631980895996,5.74,5.02,1
CommType.all_gather,CommGroup.dp_group,8,8192,backward.allgather_fn,None,None,,0.24371199309825897,0.03,0.03,1
CommType.all_gather,CommGroup.dp_group,8,90177536,backward.allgather_fn,None,None,,15.06601619720459,5.57,4.88,1
CommType.all_gather,CommGroup.dp_group,8,90177536,backward.allgather_fn,None,None,,15.10912036895752,5.56,4.86,1
CommType.all_gather,CommGroup.dp_group,8,90177536,backward.allgather_fn,None,None,,15.205375671386719,5.52,4.83,1
CommType.all_gather,CommGroup.dp_group,8,8192,backward.allgather_fn,None,None,,0.11235199868679047,0.07,0.06,1
CommType.all_gather,CommGroup.dp_group,8,33554432,backward.allgather_fn,None,None,,5.526591777801514,5.65,4.95,1
CommType.all_gather,CommGroup.dp_group,8,33554432,backward.allgather_fn,None,None,,5.484543800354004,5.7,4.99,1
CommType.all_gather,CommGroup.dp_group,8,33554432,backward.allgather_fn,None,None,,5.433343887329102,5.75,5.03,1
CommType.all_gather,CommGroup.dp_group,8,33554432,backward.allgather_fn,None,None,,5.5654401779174805,5.62,4.91,1
CommType.all_gather,CommGroup.dp_group,8,8192,backward.allgather_fn,None,None,,0.2959359884262085,0.03,0.02,1
CommType.all_gather,CommGroup.dp_group,8,90177536,backward.allgather_fn,None,None,,15.111167907714844,5.56,4.86,1
CommType.all_gather,CommGroup.dp_group,8,90177536,backward.allgather_fn,None,None,,15.155360221862793,5.54,4.85,1
CommType.all_gather,CommGroup.dp_group,8,90177536,backward.allgather_fn,None,None,,15.079423904418945,5.57,4.87,1
CommType.all_gather,CommGroup.dp_group,8,8192,backward.allgather_fn,None,None,,0.10742399841547012,0.07,0.06,1
CommType.all_gather,CommGroup.dp_group,8,33554432,backward.allgather_fn,None,None,,5.554175853729248,5.63,4.92,1
CommType.all_gather,CommGroup.dp_group,8,33554432,backward.allgather_fn,None,None,,5.471231937408447,5.71,5.0,1
CommType.all_gather,CommGroup.dp_group,8,33554432,backward.allgather_fn,None,None,,5.432191848754883,5.75,5.03,1
CommType.all_gather,CommGroup.dp_group,8,33554432,backward.allgather_fn,None,None,,5.484543800354004,5.7,4.99,1
CommType.all_gather,CommGroup.dp_group,8,8192,backward.allgather_fn,None,None,,0.3328000009059906,0.02,0.02,1
CommType.all_gather,CommGroup.dp_group,8,90177536,backward.allgather_fn,None,None,,15.093855857849121,5.56,4.87,1
CommType.reduce_scatter,CommGroup.dp_group,8,943759360,backward.reduce_scatter_fn,None,None,,155.36947631835938,5.66,4.95,1
CommType.all_gather,CommGroup.dp_group,8,90177536,backward.allgather_fn,None,None,,15.073280334472656,5.57,4.88,1
CommType.all_gather,CommGroup.dp_group,8,90177536,backward.allgather_fn,None,None,,15.264608383178711,5.5,4.81,1
CommType.all_gather,CommGroup.dp_group,8,8192,backward.allgather_fn,None,None,,0.11481600254774094,0.07,0.06,1
CommType.all_gather,CommGroup.dp_group,8,33554432,backward.allgather_fn,None,None,,5.5121917724609375,5.67,4.96,1
CommType.all_gather,CommGroup.dp_group,8,33554432,backward.allgather_fn,None,None,,5.497888088226318,5.68,4.97,1
CommType.all_gather,CommGroup.dp_group,8,33554432,backward.allgather_fn,None,None,,5.502975940704346,5.68,4.97,1
CommType.all_gather,CommGroup.dp_group,8,33554432,backward.allgather_fn,None,None,,5.589216232299805,5.59,4.89,1
CommType.all_gather,CommGroup.dp_group,8,8192,backward.allgather_fn,None,None,,0.25071999430656433,0.03,0.03,1
CommType.all_gather,CommGroup.dp_group,8,90177536,backward.allgather_fn,None,None,,15.070207595825195,5.57,4.88,1
CommType.all_gather,CommGroup.dp_group,8,90177536,backward.allgather_fn,None,None,,15.133567810058594,5.55,4.86,1
CommType.all_gather,CommGroup.dp_group,8,90177536,backward.allgather_fn,None,None,,15.124480247497559,5.55,4.86,1
CommType.all_gather,CommGroup.dp_group,8,8192,backward.allgather_fn,None,None,,0.14723199605941772,0.05,0.05,1
CommType.all_gather,CommGroup.dp_group,8,33554432,backward.allgather_fn,None,None,,5.5511040687561035,5.63,4.93,1
CommType.all_gather,CommGroup.dp_group,8,33554432,backward.allgather_fn,None,None,,5.483520030975342,5.7,4.99,1
CommType.all_gather,CommGroup.dp_group,8,33554432,backward.allgather_fn,None,None,,5.434368133544922,5.75,5.03,1
CommType.all_gather,CommGroup.dp_group,8,33554432,backward.allgather_fn,None,None,,5.626880168914795,5.55,4.86,1
CommType.all_gather,CommGroup.dp_group,8,8192,backward.allgather_fn,None,None,,0.24985599517822266,0.03,0.03,1
CommType.all_gather,CommGroup.dp_group,8,90177536,backward.allgather_fn,None,None,,15.130623817443848,5.55,4.86,1
CommType.all_gather,CommGroup.dp_group,8,90177536,backward.allgather_fn,None,None,,15.025152206420898,5.59,4.89,1
CommType.all_gather,CommGroup.dp_group,8,90177536,backward.allgather_fn,None,None,,15.103903770446777,5.56,4.87,1
CommType.reduce_scatter,CommGroup.dp_group,8,989888512,backward.reduce_scatter_fn,None,None,,163.15289306640625,5.65,4.94,1
CommType.all_gather,CommGroup.dp_group,8,8192,backward.allgather_fn,None,None,,0.15174399316310883,0.05,0.04,1
CommType.all_gather,CommGroup.dp_group,8,33554432,backward.allgather_fn,None,None,,5.532671928405762,5.65,4.94,1
CommType.all_gather,CommGroup.dp_group,8,33554432,backward.allgather_fn,None,None,,5.510144233703613,5.67,4.96,1
CommType.all_gather,CommGroup.dp_group,8,33554432,backward.allgather_fn,None,None,,5.526271820068359,5.65,4.95,1
CommType.all_gather,CommGroup.dp_group,8,33554432,backward.allgather_fn,None,None,,5.651679992675781,5.53,4.84,1
CommType.all_gather,CommGroup.dp_group,8,8192,backward.allgather_fn,None,None,,0.24780799448490143,0.03,0.03,1
CommType.all_gather,CommGroup.dp_group,8,90177536,backward.allgather_fn,None,None,,15.311871528625488,5.48,4.8,1
CommType.all_gather,CommGroup.dp_group,8,90177536,backward.allgather_fn,None,None,,15.259648323059082,5.5,4.82,1
CommType.all_gather,CommGroup.dp_group,8,90177536,backward.allgather_fn,None,None,,15.137791633605957,5.55,4.85,1
CommType.all_gather,CommGroup.dp_group,8,8192,backward.allgather_fn,None,None,,0.10342399775981903,0.07,0.06,1
CommType.all_gather,CommGroup.dp_group,8,33554432,backward.allgather_fn,None,None,,5.529888153076172,5.65,4.94,1
CommType.all_gather,CommGroup.dp_group,8,33554432,backward.allgather_fn,None,None,,5.470208168029785,5.71,5.0,1
CommType.all_gather,CommGroup.dp_group,8,33554432,backward.allgather_fn,None,None,,5.519360065460205,5.66,4.95,1
CommType.all_gather,CommGroup.dp_group,8,33554432,backward.allgather_fn,None,None,,5.683199882507324,5.5,4.81,1
CommType.all_gather,CommGroup.dp_group,8,8192,backward.allgather_fn,None,None,,0.2590720057487488,0.03,0.03,1
CommType.all_gather,CommGroup.dp_group,8,90177536,backward.allgather_fn,None,None,,15.130623817443848,5.55,4.86,1
CommType.all_gather,CommGroup.dp_group,8,90177536,backward.allgather_fn,None,None,,15.18182373046875,5.53,4.84,1
CommType.all_gather,CommGroup.dp_group,8,90177536,backward.allgather_fn,None,None,,15.338496208190918,5.48,4.79,1
CommType.all_gather,CommGroup.dp_group,8,8192,backward.allgather_fn,None,None,,0.10444799810647964,0.07,0.06,1
CommType.all_gather,CommGroup.dp_group,8,33554432,backward.allgather_fn,None,None,,5.618688106536865,5.56,4.87,1
CommType.all_gather,CommGroup.dp_group,8,33554432,backward.allgather_fn,None,None,,5.577727794647217,5.6,4.9,1
CommType.all_gather,CommGroup.dp_group,8,33554432,backward.allgather_fn,None,None,,5.4917120933532715,5.69,4.98,1
CommType.reduce_scatter,CommGroup.dp_group,8,966828032,backward.reduce_scatter_fn,None,None,,159.83103942871094,5.63,4.93,1
CommType.all_gather,CommGroup.dp_group,8,33554432,backward.allgather_fn,None,None,,5.517312049865723,5.66,4.96,1
CommType.all_gather,CommGroup.dp_group,8,8192,backward.allgather_fn,None,None,,0.14643199741840363,0.05,0.05,1
CommType.all_gather,CommGroup.dp_group,8,90177536,backward.allgather_fn,None,None,,15.00979232788086,5.6,4.9,1
CommType.all_gather,CommGroup.dp_group,8,90177536,backward.allgather_fn,None,None,,15.20844841003418,5.52,4.83,1
CommType.all_gather,CommGroup.dp_group,8,90177536,backward.allgather_fn,None,None,,15.080448150634766,5.57,4.87,1
CommType.all_gather,CommGroup.dp_group,8,8192,backward.allgather_fn,None,None,,0.10572800040245056,0.07,0.06,1
CommType.all_gather,CommGroup.dp_group,8,33554432,backward.allgather_fn,None,None,,5.520383834838867,5.66,4.95,1
CommType.all_gather,CommGroup.dp_group,8,33554432,backward.allgather_fn,None,None,,5.499904155731201,5.68,4.97,1
CommType.all_gather,CommGroup.dp_group,8,33554432,backward.allgather_fn,None,None,,5.432127952575684,5.75,5.03,1
CommType.all_gather,CommGroup.dp_group,8,33554432,backward.allgather_fn,None,None,,5.561024188995361,5.62,4.92,1
CommType.all_gather,CommGroup.dp_group,8,8192,backward.allgather_fn,None,None,,0.2815999984741211,0.03,0.02,1
CommType.all_gather,CommGroup.dp_group,8,90177536,backward.allgather_fn,None,None,,15.151904106140137,5.54,4.85,1
CommType.all_gather,CommGroup.dp_group,8,90177536,backward.allgather_fn,None,None,,15.09990406036377,5.56,4.87,1
CommType.all_gather,CommGroup.dp_group,8,90177536,backward.allgather_fn,None,None,,15.118335723876953,5.56,4.86,1
CommType.all_gather,CommGroup.dp_group,8,8192,backward.allgather_fn,None,None,,0.10342399775981903,0.07,0.06,1
CommType.all_gather,CommGroup.dp_group,8,33554432,backward.allgather_fn,None,None,,5.5357441902160645,5.65,4.94,1
CommType.all_gather,CommGroup.dp_group,8,33554432,backward.allgather_fn,None,None,,5.493760108947754,5.69,4.98,1
CommType.all_gather,CommGroup.dp_group,8,33554432,backward.allgather_fn,None,None,,5.499904155731201,5.68,4.97,1
CommType.all_gather,CommGroup.dp_group,8,33554432,backward.allgather_fn,None,None,,5.479423999786377,5.7,4.99,1
CommType.all_gather,CommGroup.dp_group,8,8192,backward.allgather_fn,None,None,,0.30720001459121704,0.02,0.02,1
CommType.all_gather,CommGroup.dp_group,8,90177536,backward.allgather_fn,None,None,,15.114239692687988,5.56,4.86,1
CommType.all_gather,CommGroup.dp_group,8,90177536,backward.allgather_fn,None,None,,15.221759796142578,5.52,4.83,1
CommType.reduce_scatter,CommGroup.dp_group,8,966828032,backward.reduce_scatter_fn,None,None,,159.60780334472656,5.64,4.94,1
CommType.all_gather,CommGroup.dp_group,8,90177536,backward.allgather_fn,None,None,,15.39583969116211,5.46,4.77,1
CommType.all_gather,CommGroup.dp_group,8,8192,backward.allgather_fn,None,None,,0.13414399325847626,0.06,0.05,1
CommType.all_gather,CommGroup.dp_group,8,33554432,backward.allgather_fn,None,None,,5.521599769592285,5.66,4.95,1
CommType.all_gather,CommGroup.dp_group,8,33554432,backward.allgather_fn,None,None,,5.465087890625,5.72,5.0,1
CommType.all_gather,CommGroup.dp_group,8,33554432,backward.allgather_fn,None,None,,5.445631980895996,5.74,5.02,1
CommType.all_gather,CommGroup.dp_group,8,33554432,backward.allgather_fn,None,None,,5.56441593170166,5.62,4.91,1
CommType.all_gather,CommGroup.dp_group,8,8192,backward.allgather_fn,None,None,,0.27136000990867615,0.03,0.02,1
CommType.all_gather,CommGroup.dp_group,8,90177536,backward.allgather_fn,None,None,,15.16323184967041,5.54,4.85,1
CommType.all_gather,CommGroup.dp_group,8,90177536,backward.allgather_fn,None,None,,15.219743728637695,5.52,4.83,1
CommType.all_gather,CommGroup.dp_group,8,90177536,backward.allgather_fn,None,None,,15.053824424743652,5.58,4.88,1
CommType.all_gather,CommGroup.dp_group,8,8192,backward.allgather_fn,None,None,,0.1093439981341362,0.07,0.06,1
CommType.all_gather,CommGroup.dp_group,8,33554432,backward.allgather_fn,None,None,,5.534719944000244,5.65,4.94,1
CommType.all_gather,CommGroup.dp_group,8,33554432,backward.allgather_fn,None,None,,5.489503860473633,5.69,4.98,1
CommType.all_gather,CommGroup.dp_group,8,33554432,backward.allgather_fn,None,None,,5.437439918518066,5.75,5.03,1
CommType.all_gather,CommGroup.dp_group,8,33554432,backward.allgather_fn,None,None,,5.593088150024414,5.59,4.89,1
CommType.all_gather,CommGroup.dp_group,8,8192,backward.allgather_fn,None,None,,0.26419198513031006,0.03,0.03,1
CommType.all_gather,CommGroup.dp_group,8,90177536,backward.allgather_fn,None,None,,15.093759536743164,5.56,4.87,1
CommType.all_gather,CommGroup.dp_group,8,90177536,backward.allgather_fn,None,None,,15.09990406036377,5.56,4.87,1
CommType.all_gather,CommGroup.dp_group,8,90177536,backward.allgather_fn,None,None,,15.172608375549316,5.54,4.84,1
CommType.all_gather,CommGroup.dp_group,8,8192,backward.allgather_fn,None,None,,0.10332799702882767,0.07,0.06,1
CommType.all_gather,CommGroup.dp_group,8,33554432,backward.allgather_fn,None,None,,5.5316481590271,5.65,4.94,1
CommType.reduce_scatter,CommGroup.dp_group,8,989896704,backward.reduce_scatter_fn,None,None,,163.58399963378906,5.64,4.93,1
CommType.all_gather,CommGroup.dp_group,8,33554432,backward.allgather_fn,None,None,,5.402624130249023,5.78,5.06,1
CommType.all_gather,CommGroup.dp_group,8,33554432,backward.allgather_fn,None,None,,5.593088150024414,5.59,4.89,1
CommType.all_gather,CommGroup.dp_group,8,33554432,backward.allgather_fn,None,None,,5.508351802825928,5.67,4.96,1
CommType.all_gather,CommGroup.dp_group,8,8192,backward.allgather_fn,None,None,,0.18636800348758698,0.04,0.04,1
CommType.all_gather,CommGroup.dp_group,8,90177536,backward.allgather_fn,None,None,,15.036416053771973,5.59,4.89,1
CommType.all_gather,CommGroup.dp_group,8,90177536,backward.allgather_fn,None,None,,15.164287567138672,5.54,4.85,1
CommType.all_gather,CommGroup.dp_group,8,90177536,backward.allgather_fn,None,None,,15.154175758361816,5.54,4.85,1
CommType.all_gather,CommGroup.dp_group,8,8192,backward.allgather_fn,None,None,,0.1027199998497963,0.07,0.06,1
CommType.all_gather,CommGroup.dp_group,8,33554432,backward.allgather_fn,None,None,,5.516416072845459,5.66,4.96,1
CommType.all_gather,CommGroup.dp_group,8,33554432,backward.allgather_fn,None,None,,5.501952171325684,5.68,4.97,1
CommType.all_gather,CommGroup.dp_group,8,33554432,backward.allgather_fn,None,None,,5.440512180328369,5.74,5.03,1
CommType.all_gather,CommGroup.dp_group,8,33554432,backward.allgather_fn,None,None,,5.633024215698242,5.55,4.85,1
CommType.all_gather,CommGroup.dp_group,8,8192,backward.allgather_fn,None,None,,0.2396160066127777,0.03,0.03,1
CommType.all_gather,CommGroup.dp_group,8,90177536,backward.allgather_fn,None,None,,15.073280334472656,5.57,4.88,1
CommType.all_gather,CommGroup.dp_group,8,90177536,backward.allgather_fn,None,None,,15.231776237487793,5.51,4.82,1
CommType.all_gather,CommGroup.dp_group,8,90177536,backward.allgather_fn,None,None,,15.163392066955566,5.54,4.85,1
CommType.all_gather,CommGroup.dp_group,8,8192,backward.allgather_fn,None,None,,0.12057600170373917,0.06,0.06,1
CommType.all_gather,CommGroup.dp_group,8,33554432,backward.allgather_fn,None,None,,5.529600143432617,5.65,4.94,1
CommType.all_gather,CommGroup.dp_group,8,33554432,backward.allgather_fn,None,None,,5.4824957847595215,5.7,4.99,1
CommType.all_gather,CommGroup.dp_group,8,33554432,backward.allgather_fn,None,None,,5.518239974975586,5.66,4.96,1
CommType.all_gather,CommGroup.dp_group,8,33554432,backward.allgather_fn,None,None,,5.67193603515625,5.51,4.82,1
CommType.all_gather,CommGroup.dp_group,8,8192,backward.allgather_fn,None,None,,0.20476800203323364,0.04,0.03,1
CommType.all_gather,CommGroup.dp_group,8,90177536,backward.allgather_fn,None,None,,15.113216400146484,5.56,4.86,1
CommType.reduce_scatter,CommGroup.dp_group,8,943759360,backward.reduce_scatter_fn,None,None,,156.19276428222656,5.63,4.92,1
CommType.all_gather,CommGroup.dp_group,8,90177536,backward.allgather_fn,None,None,,14.955519676208496,5.62,4.91,1
CommType.all_gather,CommGroup.dp_group,8,90177536,backward.allgather_fn,None,None,,15.150079727172852,5.54,4.85,1
CommType.all_gather,CommGroup.dp_group,8,8192,backward.allgather_fn,None,None,,0.1379839926958084,0.06,0.05,1
CommType.all_gather,CommGroup.dp_group,8,33554432,backward.allgather_fn,None,None,,5.515168190002441,5.67,4.96,1
CommType.all_gather,CommGroup.dp_group,8,33554432,backward.allgather_fn,None,None,,5.5294718742370605,5.65,4.95,1
CommType.all_gather,CommGroup.dp_group,8,33554432,backward.allgather_fn,None,None,,5.562111854553223,5.62,4.92,1
CommType.all_gather,CommGroup.dp_group,8,33554432,backward.allgather_fn,None,None,,5.583871841430664,5.6,4.9,1
CommType.all_gather,CommGroup.dp_group,8,8192,backward.allgather_fn,None,None,,0.19865599274635315,0.04,0.03,1
CommType.all_gather,CommGroup.dp_group,8,90177536,backward.allgather_fn,None,None,,15.055871963500977,5.58,4.88,1
CommType.all_gather,CommGroup.dp_group,8,90177536,backward.allgather_fn,None,None,,15.097599983215332,5.56,4.87,1
CommType.all_gather,CommGroup.dp_group,8,90177536,backward.allgather_fn,None,None,,15.265791893005371,5.5,4.81,1
CommType.all_gather,CommGroup.dp_group,8,8192,backward.allgather_fn,None,None,,0.10358399897813797,0.07,0.06,1
CommType.all_gather,CommGroup.dp_group,8,33554432,backward.allgather_fn,None,None,,5.533696174621582,5.65,4.94,1
CommType.all_gather,CommGroup.dp_group,8,33554432,backward.allgather_fn,None,None,,5.505023956298828,5.68,4.97,1
CommType.all_gather,CommGroup.dp_group,8,33554432,backward.allgather_fn,None,None,,5.457920074462891,5.73,5.01,1
CommType.all_gather,CommGroup.dp_group,8,33554432,backward.allgather_fn,None,None,,5.570847988128662,5.61,4.91,1
CommType.all_gather,CommGroup.dp_group,8,8192,backward.allgather_fn,None,None,,0.2824319899082184,0.03,0.02,1
CommType.all_gather,CommGroup.dp_group,8,90177536,backward.allgather_fn,None,None,,15.039487838745117,5.58,4.89,1
CommType.all_gather,CommGroup.dp_group,8,90177536,backward.allgather_fn,None,None,,15.152128219604492,5.54,4.85,1
CommType.all_gather,CommGroup.dp_group,8,90177536,backward.allgather_fn,None,None,,15.220735549926758,5.52,4.83,1
CommType.reduce_scatter,CommGroup.dp_group,8,989888512,backward.reduce_scatter_fn,None,None,,163.3290252685547,5.64,4.94,1
CommType.all_gather,CommGroup.dp_group,8,8192,backward.allgather_fn,None,None,,0.12902399897575378,0.06,0.05,1
CommType.all_gather,CommGroup.dp_group,8,33554432,backward.allgather_fn,None,None,,5.5265278816223145,5.65,4.95,1
CommType.all_gather,CommGroup.dp_group,8,33554432,backward.allgather_fn,None,None,,5.47219181060791,5.71,5.0,1
CommType.all_gather,CommGroup.dp_group,8,33554432,backward.allgather_fn,None,None,,5.438271999359131,5.75,5.03,1
CommType.all_gather,CommGroup.dp_group,8,33554432,backward.allgather_fn,None,None,,5.604576110839844,5.58,4.88,1
CommType.all_gather,CommGroup.dp_group,8,8192,backward.allgather_fn,None,None,,0.2314240038394928,0.03,0.03,1
CommType.all_gather,CommGroup.dp_group,8,90177536,backward.allgather_fn,None,None,,15.073344230651855,5.57,4.88,1
CommType.all_gather,CommGroup.dp_group,8,90177536,backward.allgather_fn,None,None,,15.181695938110352,5.53,4.84,1
CommType.all_gather,CommGroup.dp_group,8,90177536,backward.allgather_fn,None,None,,15.152128219604492,5.54,4.85,1
CommType.all_gather,CommGroup.dp_group,8,8192,backward.allgather_fn,None,None,,0.10444799810647964,0.07,0.06,1
CommType.all_gather,CommGroup.dp_group,8,33554432,backward.allgather_fn,None,None,,5.499904155731201,5.68,4.97,1
CommType.all_gather,CommGroup.dp_group,8,33554432,backward.allgather_fn,None,None,,5.4917120933532715,5.69,4.98,1
CommType.all_gather,CommGroup.dp_group,8,33554432,backward.allgather_fn,None,None,,5.520383834838867,5.66,4.95,1
CommType.all_gather,CommGroup.dp_group,8,33554432,backward.allgather_fn,None,None,,5.485568046569824,5.7,4.98,1
CommType.all_gather,CommGroup.dp_group,8,8192,backward.allgather_fn,None,None,,0.2949120104312897,0.03,0.02,1
CommType.all_gather,CommGroup.dp_group,8,262144000,backward.allgather_fn,None,None,,44.02278518676758,5.55,4.85,1
CommType.reduce_scatter,CommGroup.dp_group,8,891322368,step.reduce_scatter_fn,None,None,,146.9951934814453,5.65,4.94,1
CommType.all_reduce,CommGroup.dp_group,8,1,step.has_overflow,None,None,,0.324319988489151,0.0,0.0,1
CommType.all_reduce,CommGroup.dp_group,8,8,step.get_grad_norm_direct,None,None,,0.374783992767334,0.0,0.0,1
CommType.all_gather,CommGroup.dp_group,8,8192,step.allgather_fn,None,None,,0.131071999669075,0.06,0.05,1
CommType.all_gather,CommGroup.dp_group,8,8192,step.allgather_fn,None,None,,0.10252799838781357,0.07,0.07,1
CommType.all_gather,CommGroup.dp_group,8,8192,step.allgather_fn,None,None,,0.1289920061826706,0.06,0.05,1
CommType.all_gather,CommGroup.dp_group,8,8192,step.allgather_fn,None,None,,0.10230399668216705,0.07,0.07,1
CommType.all_gather,CommGroup.dp_group,8,8192,step.allgather_fn,None,None,,0.10239999741315842,0.07,0.07,1
CommType.all_gather,CommGroup.dp_group,8,8192,step.allgather_fn,None,None,,0.10035199671983719,0.08,0.07,1
CommType.all_gather,CommGroup.dp_group,8,8192,step.allgather_fn,None,None,,0.10025600343942642,0.08,0.07,1
CommType.all_gather,CommGroup.dp_group,8,8192,step.allgather_fn,None,None,,0.09932799637317657,0.08,0.07,1
CommType.all_gather,CommGroup.dp_group,8,8192,step.allgather_fn,None,None,,0.1003199964761734,0.08,0.07,1
CommType.all_gather,CommGroup.dp_group,8,8192,step.allgather_fn,None,None,,0.10259199887514114,0.07,0.07,1
CommType.all_gather,CommGroup.dp_group,8,8192,step.allgather_fn,None,None,,0.09932799637317657,0.08,0.07,1
CommType.all_gather,CommGroup.dp_group,8,8192,step.allgather_fn,None,None,,0.09932799637317657,0.08,0.07,1
CommType.all_gather,CommGroup.dp_group,8,8192,step.allgather_fn,None,None,,0.09836799651384354,0.08,0.07,1
CommType.all_gather,CommGroup.dp_group,8,8192,step.allgather_fn,None,None,,0.09830400347709656,0.08,0.07,1
CommType.all_gather,CommGroup.dp_group,8,8192,step.allgather_fn,None,None,,0.1106560006737709,0.07,0.06,1
CommType.all_gather,CommGroup.dp_group,8,8192,step.allgather_fn,None,None,,0.10239999741315842,0.07,0.07,1
CommType.all_gather,CommGroup.dp_group,8,8192,step.allgather_fn,None,None,,0.1149120032787323,0.07,0.06,1
CommType.all_gather,CommGroup.dp_group,8,8192,step.allgather_fn,None,None,,0.1013759970664978,0.08,0.07,1
CommType.all_gather,CommGroup.dp_group,8,8192,step.allgather_fn,None,None,,0.09932799637317657,0.08,0.07,1
CommType.all_gather,CommGroup.dp_group,8,8192,step.allgather_fn,None,None,,0.11264000087976456,0.07,0.06,1
CommType.all_gather,CommGroup.dp_group,8,8192,step.allgather_fn,None,None,,0.10121600329875946,0.08,0.07,1
CommType.all_gather,CommGroup.dp_group,8,8192,step.allgather_fn,None,None,,0.10028800368309021,0.08,0.07,1
CommType.all_gather,CommGroup.dp_group,8,8192,step.allgather_fn,None,None,,0.1013759970664978,0.08,0.07,1
CommType.all_gather,CommGroup.dp_group,8,8192,step.allgather_fn,None,None,,0.10003200173377991,0.08,0.07,1
CommType.all_gather,CommGroup.dp_group,8,8192,step.allgather_fn,None,None,,0.11059200018644333,0.07,0.06,1
CommType.all_gather,CommGroup.dp_group,8,8192,step.allgather_fn,None,None,,0.10239999741315842,0.07,0.07,1
CommType.all_gather,CommGroup.dp_group,8,8192,step.allgather_fn,None,None,,0.10016000270843506,0.08,0.07,1
CommType.all_gather,CommGroup.dp_group,8,8192,step.allgather_fn,None,None,,0.10035199671983719,0.08,0.07,1
CommType.all_gather,CommGroup.dp_group,8,8192,step.allgather_fn,None,None,,0.09939199686050415,0.08,0.07,1
CommType.all_gather,CommGroup.dp_group,8,8192,step.allgather_fn,None,None,,0.12595200538635254,0.06,0.05,1
CommType.all_gather,CommGroup.dp_group,8,8192,step.allgather_fn,None,None,,0.10262399911880493,0.07,0.07,1
CommType.all_gather,CommGroup.dp_group,8,8192,step.allgather_fn,None,None,,0.09862399846315384,0.08,0.07,1
CommType.all_gather,CommGroup.dp_group,8,8192,step.allgather_fn,None,None,,0.1013759970664978,0.08,0.07,1
CommType.all_gather,CommGroup.dp_group,8,8192,step.allgather_fn,None,None,,0.09916800260543823,0.08,0.07,1
CommType.all_gather,CommGroup.dp_group,8,8192,step.allgather_fn,None,None,,0.09932799637317657,0.08,0.07,1
CommType.all_gather,CommGroup.dp_group,8,8192,step.allgather_fn,None,None,,0.10239999741315842,0.07,0.07,1
CommType.all_gather,CommGroup.dp_group,8,8192,step.allgather_fn,None,None,,0.09932799637317657,0.08,0.07,1
CommType.all_gather,CommGroup.dp_group,8,8192,step.allgather_fn,None,None,,0.09932799637317657,0.08,0.07,1
CommType.all_gather,CommGroup.dp_group,8,8192,step.allgather_fn,None,None,,0.10035199671983719,0.08,0.07,1
CommType.all_gather,CommGroup.dp_group,8,8192,step.allgather_fn,None,None,,0.09932799637317657,0.08,0.07,1
CommType.all_gather,CommGroup.dp_group,8,8192,step.allgather_fn,None,None,,0.10035199671983719,0.08,0.07,1
CommType.all_gather,CommGroup.dp_group,8,8192,step.allgather_fn,None,None,,0.10208000242710114,0.07,0.07,1
CommType.all_gather,CommGroup.dp_group,8,8192,step.allgather_fn,None,None,,0.10035199671983719,0.08,0.07,1
CommType.all_gather,CommGroup.dp_group,8,8192,step.allgather_fn,None,None,,0.09839999675750732,0.08,0.07,1
CommType.all_gather,CommGroup.dp_group,8,8192,step.allgather_fn,None,None,,0.1005759984254837,0.08,0.07,1
CommType.all_gather,CommGroup.dp_group,8,8192,step.allgather_fn,None,None,,0.10963200032711029,0.07,0.06,1
CommType.all_gather,CommGroup.dp_group,8,8192,step.allgather_fn,None,None,,0.10035199671983719,0.08,0.07,1
CommType.all_gather,CommGroup.dp_group,8,8192,step.allgather_fn,None,None,,0.10127999633550644,0.08,0.07,1
CommType.all_gather,CommGroup.dp_group,8,8192,step.allgather_fn,None,None,,0.1013759970664978,0.08,0.07,1
CommType.all_gather,CommGroup.dp_group,8,8192,step.allgather_fn,None,None,,0.09910400211811066,0.08,0.07,1
CommType.all_gather,CommGroup.dp_group,8,8192,step.allgather_fn,None,None,,0.11264000087976456,0.07,0.06,1
CommType.all_gather,CommGroup.dp_group,8,8192,step.allgather_fn,None,None,,0.10035199671983719,0.08,0.07,1
CommType.all_gather,CommGroup.dp_group,8,8192,step.allgather_fn,None,None,,0.09916800260543823,0.08,0.07,1
CommType.all_gather,CommGroup.dp_group,8,8192,step.allgather_fn,None,None,,0.0995199978351593,0.08,0.07,1
CommType.all_gather,CommGroup.dp_group,8,8192,step.allgather_fn,None,None,,0.09904000163078308,0.08,0.07,1
CommType.all_gather,CommGroup.dp_group,8,8192,step.allgather_fn,None,None,,0.09932799637317657,0.08,0.07,1
CommType.all_gather,CommGroup.dp_group,8,8192,step.allgather_fn,None,None,,0.1013759970664978,0.08,0.07,1
CommType.all_gather,CommGroup.dp_group,8,8192,step.allgather_fn,None,None,,0.09830400347709656,0.08,0.07,1
CommType.all_gather,CommGroup.dp_group,8,8192,step.allgather_fn,None,None,,0.09843199700117111,0.08,0.07,1
CommType.all_gather,CommGroup.dp_group,8,8192,step.allgather_fn,None,None,,0.09939199686050415,0.08,0.07,1
CommType.all_gather,CommGroup.dp_group,8,8192,step.allgather_fn,None,None,,0.0984639972448349,0.08,0.07,1
CommType.all_gather,CommGroup.dp_group,8,8192,step.allgather_fn,None,None,,0.10054399818181992,0.08,0.07,1
CommType.all_gather,CommGroup.dp_group,8,8192,step.allgather_fn,None,None,,0.10047999769449234,0.08,0.07,1
CommType.all_gather,CommGroup.dp_group,8,8192,step.allgather_fn,None,None,,0.09916800260543823,0.08,0.07,1
CommType.all_gather,CommGroup.dp_group,8,8192,step.allgather_fn,None,None,,0.10038399696350098,0.08,0.07,1
CommType.epoch_end,None,None,0,,None,None,,6821.746349334717,0.0,0.0,1
CommType.all_gather,CommGroup.dp_group,8,2015363072,forward.allgather_fn,None,None,,339.7294006347656,5.52,4.83,1
CommType.all_gather,CommGroup.dp_group,8,270532608,forward.allgather_fn,None,None,,45.79225540161133,5.5,4.81,1
CommType.all_gather,CommGroup.dp_group,8,33554432,forward.allgather_fn,None,None,,5.219327926635742,5.99,5.24,1
CommType.all_gather,CommGroup.dp_group,8,33554432,forward.allgather_fn,None,None,,5.889023780822754,5.31,4.64,1
CommType.all_gather,CommGroup.dp_group,8,33554432,forward.allgather_fn,None,None,,5.7927680015563965,5.39,4.72,1
CommType.all_gather,CommGroup.dp_group,8,33554432,forward.allgather_fn,None,None,,5.714943885803223,5.47,4.78,1
CommType.all_gather,CommGroup.dp_group,8,90177536,forward.allgather_fn,None,None,,15.204352378845215,5.52,4.83,1
CommType.all_gather,CommGroup.dp_group,8,90177536,forward.allgather_fn,None,None,,15.085760116577148,5.57,4.87,1
CommType.all_gather,CommGroup.dp_group,8,90177536,forward.allgather_fn,None,None,,15.126527786254883,5.55,4.86,1
CommType.all_gather,CommGroup.dp_group,8,33554432,forward.allgather_fn,None,None,,5.492735862731934,5.69,4.98,1
CommType.all_gather,CommGroup.dp_group,8,33554432,forward.allgather_fn,None,None,,5.497856140136719,5.68,4.97,1
CommType.all_gather,CommGroup.dp_group,8,33554432,forward.allgather_fn,None,None,,5.5070719718933105,5.67,4.97,1
CommType.all_gather,CommGroup.dp_group,8,33554432,forward.allgather_fn,None,None,,5.4269118309021,5.76,5.04,1
CommType.all_gather,CommGroup.dp_group,8,90177536,forward.allgather_fn,None,None,,15.282272338867188,5.5,4.81,1
CommType.all_gather,CommGroup.dp_group,8,90177536,forward.allgather_fn,None,None,,15.120384216308594,5.55,4.86,1
CommType.all_gather,CommGroup.dp_group,8,90177536,forward.allgather_fn,None,None,,15.088640213012695,5.57,4.87,1
CommType.all_gather,CommGroup.dp_group,8,33554432,forward.allgather_fn,None,None,,5.426176071166992,5.76,5.04,1
CommType.all_gather,CommGroup.dp_group,8,33554432,forward.allgather_fn,None,None,,5.639167785644531,5.54,4.85,1
CommType.all_gather,CommGroup.dp_group,8,33554432,forward.allgather_fn,None,None,,5.57260799407959,5.61,4.91,1
CommType.all_gather,CommGroup.dp_group,8,33554432,forward.allgather_fn,None,None,,5.574656009674072,5.61,4.91,1
CommType.all_gather,CommGroup.dp_group,8,90177536,forward.allgather_fn,None,None,,15.176704406738281,5.53,4.84,1
CommType.all_gather,CommGroup.dp_group,8,90177536,forward.allgather_fn,None,None,,15.06713581085205,5.57,4.88,1
CommType.all_gather,CommGroup.dp_group,8,90177536,forward.allgather_fn,None,None,,15.156224250793457,5.54,4.85,1
CommType.all_gather,CommGroup.dp_group,8,33554432,forward.allgather_fn,None,None,,5.450751781463623,5.73,5.02,1
CommType.all_gather,CommGroup.dp_group,8,33554432,forward.allgather_fn,None,None,,5.618688106536865,5.56,4.87,1
CommType.all_gather,CommGroup.dp_group,8,33554432,forward.allgather_fn,None,None,,5.606400012969971,5.57,4.88,1
CommType.all_gather,CommGroup.dp_group,8,33554432,forward.allgather_fn,None,None,,5.539840221405029,5.64,4.94,1
CommType.all_gather,CommGroup.dp_group,8,90177536,forward.allgather_fn,None,None,,15.162367820739746,5.54,4.85,1
CommType.all_gather,CommGroup.dp_group,8,90177536,forward.allgather_fn,None,None,,15.096832275390625,5.56,4.87,1
CommType.all_gather,CommGroup.dp_group,8,90177536,forward.allgather_fn,None,None,,15.08351993560791,5.57,4.87,1
CommType.all_gather,CommGroup.dp_group,8,33554432,forward.allgather_fn,None,None,,5.483520030975342,5.7,4.99,1
CommType.all_gather,CommGroup.dp_group,8,33554432,forward.allgather_fn,None,None,,5.609471797943115,5.57,4.87,1
CommType.all_gather,CommGroup.dp_group,8,33554432,forward.allgather_fn,None,None,,5.591040134429932,5.59,4.89,1
CommType.all_gather,CommGroup.dp_group,8,33554432,forward.allgather_fn,None,None,,5.542912006378174,5.64,4.93,1
CommType.all_gather,CommGroup.dp_group,8,90177536,forward.allgather_fn,None,None,,15.151871681213379,5.54,4.85,1
CommType.all_gather,CommGroup.dp_group,8,90177536,forward.allgather_fn,None,None,,15.08556842803955,5.57,4.87,1
CommType.all_gather,CommGroup.dp_group,8,90177536,forward.allgather_fn,None,None,,15.104000091552734,5.56,4.87,1
CommType.all_gather,CommGroup.dp_group,8,33554432,forward.allgather_fn,None,None,,5.426176071166992,5.76,5.04,1
CommType.all_gather,CommGroup.dp_group,8,33554432,forward.allgather_fn,None,None,,5.599232196807861,5.58,4.88,1
CommType.all_gather,CommGroup.dp_group,8,33554432,forward.allgather_fn,None,None,,5.560319900512695,5.62,4.92,1
CommType.all_gather,CommGroup.dp_group,8,33554432,forward.allgather_fn,None,None,,5.566463947296143,5.61,4.91,1
CommType.all_gather,CommGroup.dp_group,8,90177536,forward.allgather_fn,None,None,,15.14799976348877,5.54,4.85,1
CommType.all_gather,CommGroup.dp_group,8,90177536,forward.allgather_fn,None,None,,15.06713581085205,5.57,4.88,1
CommType.all_gather,CommGroup.dp_group,8,90177536,forward.allgather_fn,None,None,,15.09887981414795,5.56,4.87,1
CommType.all_gather,CommGroup.dp_group,8,33554432,forward.allgather_fn,None,None,,5.451776027679443,5.73,5.02,1
CommType.all_gather,CommGroup.dp_group,8,33554432,forward.allgather_fn,None,None,,5.631999969482422,5.55,4.86,1
CommType.all_gather,CommGroup.dp_group,8,33554432,forward.allgather_fn,None,None,,5.543935775756836,5.64,4.93,1
CommType.all_gather,CommGroup.dp_group,8,33554432,forward.allgather_fn,None,None,,5.574656009674072,5.61,4.91,1
CommType.all_gather,CommGroup.dp_group,8,90177536,forward.allgather_fn,None,None,,15.131648063659668,5.55,4.86,1
CommType.all_gather,CommGroup.dp_group,8,90177536,forward.allgather_fn,None,None,,15.082528114318848,5.57,4.87,1
CommType.all_gather,CommGroup.dp_group,8,90177536,forward.allgather_fn,None,None,,15.104000091552734,5.56,4.87,1
CommType.all_gather,CommGroup.dp_group,8,33554432,forward.allgather_fn,None,None,,5.4527997970581055,5.73,5.01,1
CommType.all_gather,CommGroup.dp_group,8,33554432,forward.allgather_fn,None,None,,5.620736122131348,5.56,4.86,1
CommType.all_gather,CommGroup.dp_group,8,33554432,forward.allgather_fn,None,None,,5.5357441902160645,5.65,4.94,1
CommType.all_gather,CommGroup.dp_group,8,33554432,forward.allgather_fn,None,None,,5.569536209106445,5.61,4.91,1
CommType.all_gather,CommGroup.dp_group,8,90177536,forward.allgather_fn,None,None,,15.136639595031738,5.55,4.85,1
CommType.all_gather,CommGroup.dp_group,8,90177536,forward.allgather_fn,None,None,,15.115263938903809,5.56,4.86,1
CommType.all_gather,CommGroup.dp_group,8,90177536,forward.allgather_fn,None,None,,15.130623817443848,5.55,4.86,1
CommType.all_gather,CommGroup.dp_group,8,33554432,forward.allgather_fn,None,None,,5.427199840545654,5.76,5.04,1
CommType.all_gather,CommGroup.dp_group,8,33554432,forward.allgather_fn,None,None,,5.641215801239014,5.54,4.85,1
CommType.all_gather,CommGroup.dp_group,8,33554432,forward.allgather_fn,None,None,,5.5511040687561035,5.63,4.93,1
CommType.all_gather,CommGroup.dp_group,8,33554432,forward.allgather_fn,None,None,,5.557248115539551,5.62,4.92,1
CommType.all_gather,CommGroup.dp_group,8,90177536,forward.allgather_fn,None,None,,15.195136070251465,5.53,4.84,1
CommType.all_gather,CommGroup.dp_group,8,90177536,forward.allgather_fn,None,None,,15.038656234741211,5.58,4.89,1
CommType.all_gather,CommGroup.dp_group,8,90177536,forward.allgather_fn,None,None,,15.116288185119629,5.56,4.86,1
CommType.all_gather,CommGroup.dp_group,8,33554432,forward.allgather_fn,None,None,,5.446656227111816,5.74,5.02,1
CommType.all_gather,CommGroup.dp_group,8,33554432,forward.allgather_fn,None,None,,5.574783802032471,5.61,4.9,1
CommType.all_gather,CommGroup.dp_group,8,33554432,forward.allgather_fn,None,None,,5.616640090942383,5.56,4.87,1
CommType.all_gather,CommGroup.dp_group,8,33554432,forward.allgather_fn,None,None,,5.5808000564575195,5.6,4.9,1
CommType.all_gather,CommGroup.dp_group,8,90177536,forward.allgather_fn,None,None,,15.160320281982422,5.54,4.85,1
CommType.all_gather,CommGroup.dp_group,8,90177536,forward.allgather_fn,None,None,,15.10912036895752,5.56,4.86,1
CommType.all_gather,CommGroup.dp_group,8,90177536,forward.allgather_fn,None,None,,15.10092830657959,5.56,4.87,1
CommType.all_gather,CommGroup.dp_group,8,33554432,forward.allgather_fn,None,None,,5.448768138885498,5.74,5.02,1
CommType.all_gather,CommGroup.dp_group,8,33554432,forward.allgather_fn,None,None,,5.6104960441589355,5.57,4.87,1
CommType.all_gather,CommGroup.dp_group,8,33554432,forward.allgather_fn,None,None,,8.400896072387695,3.72,3.25,1
CommType.all_gather,CommGroup.dp_group,8,33554432,forward.allgather_fn,None,None,,5.6842241287231445,5.5,4.81,1
CommType.all_gather,CommGroup.dp_group,8,90177536,forward.allgather_fn,None,None,,15.221759796142578,5.52,4.83,1
CommType.all_gather,CommGroup.dp_group,8,90177536,forward.allgather_fn,None,None,,15.224831581115723,5.52,4.83,1
CommType.all_gather,CommGroup.dp_group,8,90177536,forward.allgather_fn,None,None,,14.98425579071045,5.6,4.9,1
CommType.all_gather,CommGroup.dp_group,8,33554432,forward.allgather_fn,None,None,,5.527552127838135,5.65,4.95,1
CommType.all_gather,CommGroup.dp_group,8,33554432,forward.allgather_fn,None,None,,5.465983867645264,5.72,5.0,1
CommType.all_gather,CommGroup.dp_group,8,33554432,forward.allgather_fn,None,None,,5.527552127838135,5.65,4.95,1
CommType.all_gather,CommGroup.dp_group,8,33554432,forward.allgather_fn,None,None,,5.56441593170166,5.62,4.91,1
CommType.all_gather,CommGroup.dp_group,8,90177536,forward.allgather_fn,None,None,,15.432703971862793,5.44,4.76,1
CommType.all_gather,CommGroup.dp_group,8,90177536,forward.allgather_fn,None,None,,15.052800178527832,5.58,4.88,1
CommType.all_gather,CommGroup.dp_group,8,90177536,forward.allgather_fn,None,None,,15.130623817443848,5.55,4.86,1
CommType.all_gather,CommGroup.dp_group,8,33554432,forward.allgather_fn,None,None,,5.437439918518066,5.75,5.03,1
CommType.all_gather,CommGroup.dp_group,8,33554432,forward.allgather_fn,None,None,,5.642240047454834,5.54,4.85,1
CommType.all_gather,CommGroup.dp_group,8,33554432,forward.allgather_fn,None,None,,5.549056053161621,5.63,4.93,1
CommType.all_gather,CommGroup.dp_group,8,33554432,forward.allgather_fn,None,None,,5.556159973144531,5.62,4.92,1
CommType.all_gather,CommGroup.dp_group,8,90177536,forward.allgather_fn,None,None,,15.151103973388672,5.54,4.85,1
CommType.all_gather,CommGroup.dp_group,8,90177536,forward.allgather_fn,None,None,,15.11731243133545,5.56,4.86,1
CommType.all_gather,CommGroup.dp_group,8,90177536,forward.allgather_fn,None,None,,15.079423904418945,5.57,4.87,1
CommType.all_gather,CommGroup.dp_group,8,33554432,forward.allgather_fn,None,None,,5.430272102355957,5.75,5.04,1
CommType.all_gather,CommGroup.dp_group,8,33554432,forward.allgather_fn,None,None,,5.67091178894043,5.51,4.82,1
CommType.all_gather,CommGroup.dp_group,8,33554432,forward.allgather_fn,None,None,,5.596159934997559,5.58,4.89,1
CommType.all_gather,CommGroup.dp_group,8,33554432,forward.allgather_fn,None,None,,5.593088150024414,5.59,4.89,1
CommType.all_gather,CommGroup.dp_group,8,90177536,forward.allgather_fn,None,None,,15.165247917175293,5.54,4.85,1
CommType.all_gather,CommGroup.dp_group,8,90177536,forward.allgather_fn,None,None,,15.113216400146484,5.56,4.86,1
CommType.all_gather,CommGroup.dp_group,8,90177536,forward.allgather_fn,None,None,,15.0763521194458,5.57,4.87,1
CommType.all_gather,CommGroup.dp_group,8,33554432,forward.allgather_fn,None,None,,5.502975940704346,5.68,4.97,1
CommType.all_gather,CommGroup.dp_group,8,33554432,forward.allgather_fn,None,None,,5.5808000564575195,5.6,4.9,1
CommType.all_gather,CommGroup.dp_group,8,33554432,forward.allgather_fn,None,None,,5.581632137298584,5.6,4.9,1
CommType.all_gather,CommGroup.dp_group,8,33554432,forward.allgather_fn,None,None,,5.658400058746338,5.52,4.83,1
CommType.all_gather,CommGroup.dp_group,8,90177536,forward.allgather_fn,None,None,,15.218688011169434,5.52,4.83,1
CommType.all_gather,CommGroup.dp_group,8,90177536,forward.allgather_fn,None,None,,15.080448150634766,5.57,4.87,1
CommType.all_gather,CommGroup.dp_group,8,90177536,forward.allgather_fn,None,None,,15.102975845336914,5.56,4.87,1
CommType.all_gather,CommGroup.dp_group,8,33554432,forward.allgather_fn,None,None,,5.442560195922852,5.74,5.02,1
CommType.all_gather,CommGroup.dp_group,8,33554432,forward.allgather_fn,None,None,,5.6156158447265625,5.56,4.87,1
CommType.all_gather,CommGroup.dp_group,8,33554432,forward.allgather_fn,None,None,,5.535776138305664,5.65,4.94,1
CommType.all_gather,CommGroup.dp_group,8,33554432,forward.allgather_fn,None,None,,5.555200099945068,5.63,4.92,1
CommType.all_gather,CommGroup.dp_group,8,90177536,forward.allgather_fn,None,None,,15.20025634765625,5.53,4.83,1
CommType.all_gather,CommGroup.dp_group,8,90177536,forward.allgather_fn,None,None,,15.1080961227417,5.56,4.86,1
CommType.all_gather,CommGroup.dp_group,8,90177536,forward.allgather_fn,None,None,,15.107071876525879,5.56,4.86,1
CommType.all_gather,CommGroup.dp_group,8,33554432,forward.allgather_fn,None,None,,5.440512180328369,5.74,5.03,1
CommType.all_gather,CommGroup.dp_group,8,33554432,forward.allgather_fn,None,None,,5.63097620010376,5.55,4.86,1
CommType.all_gather,CommGroup.dp_group,8,33554432,forward.allgather_fn,None,None,,5.567488193511963,5.61,4.91,1
CommType.all_gather,CommGroup.dp_group,8,33554432,forward.allgather_fn,None,None,,5.538815975189209,5.64,4.94,1
CommType.all_gather,CommGroup.dp_group,8,90177536,forward.allgather_fn,None,None,,15.16652774810791,5.54,4.85,1
CommType.all_gather,CommGroup.dp_group,8,90177536,forward.allgather_fn,None,None,,15.0763521194458,5.57,4.87,1
CommType.all_gather,CommGroup.dp_group,8,90177536,forward.allgather_fn,None,None,,15.160191535949707,5.54,4.85,1
CommType.all_gather,CommGroup.dp_group,8,33554432,forward.allgather_fn,None,None,,5.445631980895996,5.74,5.02,1
CommType.all_gather,CommGroup.dp_group,8,33554432,forward.allgather_fn,None,None,,5.516287803649902,5.67,4.96,1
CommType.all_gather,CommGroup.dp_group,8,33554432,forward.allgather_fn,None,None,,5.63097620010376,5.55,4.86,1
CommType.all_gather,CommGroup.dp_group,8,33554432,forward.allgather_fn,None,None,,5.545983791351318,5.63,4.93,1
CommType.all_gather,CommGroup.dp_group,8,90177536,forward.allgather_fn,None,None,,15.164383888244629,5.54,4.85,1
CommType.all_gather,CommGroup.dp_group,8,90177536,forward.allgather_fn,None,None,,15.09068775177002,5.57,4.87,1
CommType.all_gather,CommGroup.dp_group,8,90177536,forward.allgather_fn,None,None,,15.034367561340332,5.59,4.89,1
CommType.all_gather,CommGroup.dp_group,8,33554432,forward.allgather_fn,None,None,,5.51423978805542,5.67,4.96,1
CommType.all_gather,CommGroup.dp_group,8,33554432,forward.allgather_fn,None,None,,5.573631763458252,5.61,4.91,1
CommType.all_gather,CommGroup.dp_group,8,33554432,forward.allgather_fn,None,None,,5.555200099945068,5.63,4.92,1
CommType.all_gather,CommGroup.dp_group,8,33554432,forward.allgather_fn,None,None,,5.571584224700928,5.61,4.91,1
CommType.all_gather,CommGroup.dp_group,8,90177536,forward.allgather_fn,None,None,,15.143936157226562,5.55,4.85,1
CommType.all_gather,CommGroup.dp_group,8,90177536,forward.allgather_fn,None,None,,15.095808029174805,5.56,4.87,1
CommType.all_gather,CommGroup.dp_group,8,90177536,forward.allgather_fn,None,None,,15.105024337768555,5.56,4.87,1
CommType.all_gather,CommGroup.dp_group,8,33554432,forward.allgather_fn,None,None,,5.448703765869141,5.74,5.02,1
CommType.all_gather,CommGroup.dp_group,8,33554432,forward.allgather_fn,None,None,,5.636096000671387,5.54,4.85,1
CommType.all_gather,CommGroup.dp_group,8,33554432,forward.allgather_fn,None,None,,5.586944103240967,5.59,4.89,1
CommType.all_gather,CommGroup.dp_group,8,33554432,forward.allgather_fn,None,None,,5.590176105499268,5.59,4.89,1
CommType.all_gather,CommGroup.dp_group,8,90177536,forward.allgather_fn,None,None,,15.114239692687988,5.56,4.86,1
CommType.all_gather,CommGroup.dp_group,8,90177536,forward.allgather_fn,None,None,,15.116288185119629,5.56,4.86,1
CommType.all_gather,CommGroup.dp_group,8,90177536,forward.allgather_fn,None,None,,15.087615966796875,5.57,4.87,1
CommType.all_gather,CommGroup.dp_group,8,33554432,forward.allgather_fn,None,None,,5.46611213684082,5.72,5.0,1
CommType.all_gather,CommGroup.dp_group,8,33554432,forward.allgather_fn,None,None,,5.612544059753418,5.57,4.87,1
CommType.all_gather,CommGroup.dp_group,8,33554432,forward.allgather_fn,None,None,,5.571584224700928,5.61,4.91,1
CommType.all_gather,CommGroup.dp_group,8,33554432,forward.allgather_fn,None,None,,5.559296131134033,5.62,4.92,1
CommType.all_gather,CommGroup.dp_group,8,90177536,forward.allgather_fn,None,None,,15.150079727172852,5.54,4.85,1
CommType.all_gather,CommGroup.dp_group,8,90177536,forward.allgather_fn,None,None,,15.163392066955566,5.54,4.85,1
CommType.all_gather,CommGroup.dp_group,8,90177536,forward.allgather_fn,None,None,,15.078399658203125,5.57,4.87,1
CommType.all_gather,CommGroup.dp_group,8,33554432,forward.allgather_fn,None,None,,5.471231937408447,5.71,5.0,1
CommType.all_gather,CommGroup.dp_group,8,33554432,forward.allgather_fn,None,None,,5.597184181213379,5.58,4.89,1
CommType.all_gather,CommGroup.dp_group,8,33554432,forward.allgather_fn,None,None,,5.567488193511963,5.61,4.91,1
CommType.all_gather,CommGroup.dp_group,8,33554432,forward.allgather_fn,None,None,,5.570559978485107,5.61,4.91,1
CommType.all_gather,CommGroup.dp_group,8,90177536,forward.allgather_fn,None,None,,15.137791633605957,5.55,4.85,1
CommType.all_gather,CommGroup.dp_group,8,90177536,forward.allgather_fn,None,None,,15.104000091552734,5.56,4.87,1
CommType.all_gather,CommGroup.dp_group,8,90177536,forward.allgather_fn,None,None,,15.078399658203125,5.57,4.87,1
CommType.all_gather,CommGroup.dp_group,8,33554432,forward.allgather_fn,None,None,,5.4476799964904785,5.74,5.02,1
CommType.all_gather,CommGroup.dp_group,8,33554432,forward.allgather_fn,None,None,,5.597184181213379,5.58,4.89,1
CommType.all_gather,CommGroup.dp_group,8,33554432,forward.allgather_fn,None,None,,5.584671974182129,5.6,4.9,1
CommType.all_gather,CommGroup.dp_group,8,33554432,forward.allgather_fn,None,None,,5.557248115539551,5.62,4.92,1
CommType.all_gather,CommGroup.dp_group,8,90177536,forward.allgather_fn,None,None,,15.224831581115723,5.52,4.83,1
CommType.all_gather,CommGroup.dp_group,8,90177536,forward.allgather_fn,None,None,,15.093759536743164,5.56,4.87,1
CommType.all_gather,CommGroup.dp_group,8,90177536,forward.allgather_fn,None,None,,15.057920455932617,5.58,4.88,1
CommType.all_gather,CommGroup.dp_group,8,33554432,forward.allgather_fn,None,None,,5.4476799964904785,5.74,5.02,1
CommType.all_gather,CommGroup.dp_group,8,33554432,forward.allgather_fn,None,None,,5.641215801239014,5.54,4.85,1
CommType.all_gather,CommGroup.dp_group,8,33554432,forward.allgather_fn,None,None,,5.587967872619629,5.59,4.89,1
CommType.all_gather,CommGroup.dp_group,8,33554432,forward.allgather_fn,None,None,,5.548031806945801,5.63,4.93,1
CommType.all_gather,CommGroup.dp_group,8,90177536,forward.allgather_fn,None,None,,15.19206428527832,5.53,4.84,1
CommType.all_gather,CommGroup.dp_group,8,90177536,forward.allgather_fn,None,None,,15.097855567932129,5.56,4.87,1
CommType.all_gather,CommGroup.dp_group,8,90177536,forward.allgather_fn,None,None,,15.09990406036377,5.56,4.87,1
CommType.all_gather,CommGroup.dp_group,8,33554432,forward.allgather_fn,None,None,,5.494783878326416,5.69,4.98,1
CommType.all_gather,CommGroup.dp_group,8,33554432,forward.allgather_fn,None,None,,5.600255966186523,5.58,4.88,1
CommType.all_gather,CommGroup.dp_group,8,33554432,forward.allgather_fn,None,None,,5.524479866027832,5.66,4.95,1
CommType.all_gather,CommGroup.dp_group,8,33554432,forward.allgather_fn,None,None,,5.563392162322998,5.62,4.91,1
CommType.all_gather,CommGroup.dp_group,8,90177536,forward.allgather_fn,None,None,,15.13862419128418,5.55,4.85,1
CommType.all_gather,CommGroup.dp_group,8,90177536,forward.allgather_fn,None,None,,15.115263938903809,5.56,4.86,1
CommType.all_gather,CommGroup.dp_group,8,90177536,forward.allgather_fn,None,None,,15.102815628051758,5.56,4.87,1
CommType.all_gather,CommGroup.dp_group,8,33554432,forward.allgather_fn,None,None,,5.490687847137451,5.69,4.98,1
CommType.all_gather,CommGroup.dp_group,8,33554432,forward.allgather_fn,None,None,,5.568511962890625,5.61,4.91,1
CommType.all_gather,CommGroup.dp_group,8,33554432,forward.allgather_fn,None,None,,5.5511040687561035,5.63,4.93,1
CommType.all_gather,CommGroup.dp_group,8,33554432,forward.allgather_fn,None,None,,5.545983791351318,5.63,4.93,1
CommType.all_gather,CommGroup.dp_group,8,90177536,forward.allgather_fn,None,None,,15.154175758361816,5.54,4.85,1
CommType.all_gather,CommGroup.dp_group,8,90177536,forward.allgather_fn,None,None,,15.101951599121094,5.56,4.87,1
CommType.all_gather,CommGroup.dp_group,8,90177536,forward.allgather_fn,None,None,,15.1080961227417,5.56,4.86,1
CommType.all_gather,CommGroup.dp_group,8,33554432,forward.allgather_fn,None,None,,5.472256183624268,5.71,5.0,1
CommType.all_gather,CommGroup.dp_group,8,33554432,forward.allgather_fn,None,None,,5.627903938293457,5.55,4.86,1
CommType.all_gather,CommGroup.dp_group,8,33554432,forward.allgather_fn,None,None,,5.562431812286377,5.62,4.92,1
CommType.all_gather,CommGroup.dp_group,8,33554432,forward.allgather_fn,None,None,,5.565408229827881,5.62,4.91,1
CommType.all_gather,CommGroup.dp_group,8,90177536,forward.allgather_fn,None,None,,14.6626558303833,5.73,5.01,1
CommType.all_gather,CommGroup.dp_group,8,90177536,forward.allgather_fn,None,None,,15.058943748474121,5.58,4.88,1
CommType.all_gather,CommGroup.dp_group,8,90177536,forward.allgather_fn,None,None,,15.095808029174805,5.56,4.87,1
CommType.all_gather,CommGroup.dp_group,8,262144000,forward.allgather_fn,None,None,,44.21836853027344,5.52,4.83,1
CommType.all_gather,CommGroup.dp_group,8,90177536,forward.allgather_fn,None,None,,15.113216400146484,5.56,4.86,1
CommType.all_gather,CommGroup.dp_group,8,224395264,backward.allgather_fn,None,None,,37.844993591308594,5.52,4.83,1
CommType.all_gather,CommGroup.dp_group,8,90177536,backward.allgather_fn,None,None,,15.080448150634766,5.57,4.87,1
CommType.all_gather,CommGroup.dp_group,8,90177536,backward.allgather_fn,None,None,,15.062015533447266,5.58,4.88,1
CommType.all_gather,CommGroup.dp_group,8,90177536,backward.allgather_fn,None,None,,15.108223915100098,5.56,4.86,1
CommType.all_gather,CommGroup.dp_group,8,33554432,backward.allgather_fn,None,None,,5.489664077758789,5.69,4.98,1
CommType.all_gather,CommGroup.dp_group,8,33554432,backward.allgather_fn,None,None,,5.5951361656188965,5.59,4.89,1
CommType.all_gather,CommGroup.dp_group,8,33554432,backward.allgather_fn,None,None,,5.56441593170166,5.62,4.91,1
CommType.all_gather,CommGroup.dp_group,8,33554432,backward.allgather_fn,None,None,,5.578752040863037,5.6,4.9,1
CommType.all_gather,CommGroup.dp_group,8,90177536,backward.allgather_fn,None,None,,15.163392066955566,5.54,4.85,1
CommType.all_gather,CommGroup.dp_group,8,90177536,backward.allgather_fn,None,None,,15.081472396850586,5.57,4.87,1
CommType.all_gather,CommGroup.dp_group,8,90177536,backward.allgather_fn,None,None,,15.159296035766602,5.54,4.85,1
CommType.all_gather,CommGroup.dp_group,8,33554432,backward.allgather_fn,None,None,,5.458943843841553,5.72,5.01,1
CommType.reduce_scatter,CommGroup.dp_group,8,971014144,backward.reduce_scatter_fn,None,None,,160.2713623046875,5.64,4.94,1
CommType.all_gather,CommGroup.dp_group,8,33554432,backward.allgather_fn,None,None,,5.416736125946045,5.77,5.05,1
CommType.all_gather,CommGroup.dp_group,8,33554432,backward.allgather_fn,None,None,,5.427231788635254,5.76,5.04,1
CommType.all_gather,CommGroup.dp_group,8,33554432,backward.allgather_fn,None,None,,5.625855922698975,5.55,4.86,1
CommType.all_gather,CommGroup.dp_group,8,90177536,backward.allgather_fn,None,None,,15.18284797668457,5.53,4.84,1
CommType.all_gather,CommGroup.dp_group,8,90177536,backward.allgather_fn,None,None,,15.121408462524414,5.55,4.86,1
CommType.all_gather,CommGroup.dp_group,8,90177536,backward.allgather_fn,None,None,,15.13145637512207,5.55,4.86,1
CommType.all_gather,CommGroup.dp_group,8,33554432,backward.allgather_fn,None,None,,5.457920074462891,5.73,5.01,1
CommType.all_gather,CommGroup.dp_group,8,33554432,backward.allgather_fn,None,None,,5.601280212402344,5.58,4.88,1
CommType.all_gather,CommGroup.dp_group,8,33554432,backward.allgather_fn,None,None,,5.571584224700928,5.61,4.91,1
CommType.all_gather,CommGroup.dp_group,8,33554432,backward.allgather_fn,None,None,,5.574656009674072,5.61,4.91,1
CommType.all_gather,CommGroup.dp_group,8,90177536,backward.allgather_fn,None,None,,15.159296035766602,5.54,4.85,1
CommType.all_gather,CommGroup.dp_group,8,90177536,backward.allgather_fn,None,None,,15.040512084960938,5.58,4.89,1
CommType.all_gather,CommGroup.dp_group,8,90177536,backward.allgather_fn,None,None,,15.0764799118042,5.57,4.87,1
CommType.all_gather,CommGroup.dp_group,8,33554432,backward.allgather_fn,None,None,,5.471231937408447,5.71,5.0,1
CommType.all_gather,CommGroup.dp_group,8,33554432,backward.allgather_fn,None,None,,5.579775810241699,5.6,4.9,1
CommType.all_gather,CommGroup.dp_group,8,33554432,backward.allgather_fn,None,None,,5.57260799407959,5.61,4.91,1
CommType.all_gather,CommGroup.dp_group,8,33554432,backward.allgather_fn,None,None,,5.578752040863037,5.6,4.9,1
CommType.reduce_scatter,CommGroup.dp_group,8,910204928,backward.reduce_scatter_fn,None,None,,150.17677307128906,5.64,4.94,1
CommType.all_gather,CommGroup.dp_group,8,90177536,backward.allgather_fn,None,None,,14.972928047180176,5.61,4.91,1
CommType.all_gather,CommGroup.dp_group,8,90177536,backward.allgather_fn,None,None,,15.130623817443848,5.55,4.86,1
CommType.all_gather,CommGroup.dp_group,8,90177536,backward.allgather_fn,None,None,,15.140864372253418,5.55,4.85,1
CommType.all_gather,CommGroup.dp_group,8,33554432,backward.allgather_fn,None,None,,5.433343887329102,5.75,5.03,1
CommType.all_gather,CommGroup.dp_group,8,33554432,backward.allgather_fn,None,None,,5.6596479415893555,5.52,4.83,1
CommType.all_gather,CommGroup.dp_group,8,33554432,backward.allgather_fn,None,None,,5.553152084350586,5.63,4.92,1
CommType.all_gather,CommGroup.dp_group,8,33554432,backward.allgather_fn,None,None,,5.561344146728516,5.62,4.92,1
CommType.all_gather,CommGroup.dp_group,8,90177536,backward.allgather_fn,None,None,,15.1910400390625,5.53,4.84,1
CommType.all_gather,CommGroup.dp_group,8,90177536,backward.allgather_fn,None,None,,15.041536331176758,5.58,4.89,1
CommType.all_gather,CommGroup.dp_group,8,90177536,backward.allgather_fn,None,None,,15.113216400146484,5.56,4.86,1
CommType.all_gather,CommGroup.dp_group,8,33554432,backward.allgather_fn,None,None,,5.441535949707031,5.74,5.03,1
CommType.all_gather,CommGroup.dp_group,8,33554432,backward.allgather_fn,None,None,,5.605279922485352,5.58,4.88,1
CommType.all_gather,CommGroup.dp_group,8,33554432,backward.allgather_fn,None,None,,5.4991679191589355,5.68,4.97,1
CommType.all_gather,CommGroup.dp_group,8,33554432,backward.allgather_fn,None,None,,5.582848072052002,5.6,4.9,1
CommType.all_gather,CommGroup.dp_group,8,90177536,backward.allgather_fn,None,None,,15.195136070251465,5.53,4.84,1
CommType.all_gather,CommGroup.dp_group,8,90177536,backward.allgather_fn,None,None,,15.072256088256836,5.57,4.88,1
CommType.reduce_scatter,CommGroup.dp_group,8,989888512,backward.reduce_scatter_fn,None,None,,164.1246795654297,5.62,4.91,1
CommType.all_gather,CommGroup.dp_group,8,90177536,backward.allgather_fn,None,None,,15.175680160522461,5.53,4.84,1
CommType.all_gather,CommGroup.dp_group,8,33554432,backward.allgather_fn,None,None,,5.511168003082275,5.67,4.96,1
CommType.all_gather,CommGroup.dp_group,8,33554432,backward.allgather_fn,None,None,,5.577727794647217,5.6,4.9,1
CommType.all_gather,CommGroup.dp_group,8,33554432,backward.allgather_fn,None,None,,5.592063903808594,5.59,4.89,1
CommType.all_gather,CommGroup.dp_group,8,33554432,backward.allgather_fn,None,None,,5.545983791351318,5.63,4.93,1
CommType.all_gather,CommGroup.dp_group,8,90177536,backward.allgather_fn,None,None,,15.133695602416992,5.55,4.86,1
CommType.all_gather,CommGroup.dp_group,8,90177536,backward.allgather_fn,None,None,,15.107839584350586,5.56,4.86,1
CommType.all_gather,CommGroup.dp_group,8,90177536,backward.allgather_fn,None,None,,15.08249568939209,5.57,4.87,1
CommType.all_gather,CommGroup.dp_group,8,33554432,backward.allgather_fn,None,None,,5.483520030975342,5.7,4.99,1
CommType.all_gather,CommGroup.dp_group,8,33554432,backward.allgather_fn,None,None,,5.634047985076904,5.55,4.85,1
CommType.all_gather,CommGroup.dp_group,8,33554432,backward.allgather_fn,None,None,,5.559296131134033,5.62,4.92,1
CommType.all_gather,CommGroup.dp_group,8,33554432,backward.allgather_fn,None,None,,5.532671928405762,5.65,4.94,1
CommType.all_gather,CommGroup.dp_group,8,90177536,backward.allgather_fn,None,None,,15.153152465820312,5.54,4.85,1
CommType.all_gather,CommGroup.dp_group,8,90177536,backward.allgather_fn,None,None,,15.08351993560791,5.57,4.87,1
CommType.all_gather,CommGroup.dp_group,8,90177536,backward.allgather_fn,None,None,,15.08351993560791,5.57,4.87,1
CommType.all_gather,CommGroup.dp_group,8,33554432,backward.allgather_fn,None,None,,5.4476799964904785,5.74,5.02,1
CommType.all_gather,CommGroup.dp_group,8,33554432,backward.allgather_fn,None,None,,5.635072231292725,5.55,4.85,1
CommType.reduce_scatter,CommGroup.dp_group,8,966828032,backward.reduce_scatter_fn,None,None,,159.65994262695312,5.64,4.93,1
CommType.all_gather,CommGroup.dp_group,8,33554432,backward.allgather_fn,None,None,,5.499904155731201,5.68,4.97,1
CommType.all_gather,CommGroup.dp_group,8,33554432,backward.allgather_fn,None,None,,5.545983791351318,5.63,4.93,1
CommType.all_gather,CommGroup.dp_group,8,90177536,backward.allgather_fn,None,None,,15.184896469116211,5.53,4.84,1
CommType.all_gather,CommGroup.dp_group,8,90177536,backward.allgather_fn,None,None,,15.08351993560791,5.57,4.87,1
CommType.all_gather,CommGroup.dp_group,8,90177536,backward.allgather_fn,None,None,,15.10912036895752,5.56,4.86,1
CommType.all_gather,CommGroup.dp_group,8,33554432,backward.allgather_fn,None,None,,5.430272102355957,5.75,5.04,1
CommType.all_gather,CommGroup.dp_group,8,33554432,backward.allgather_fn,None,None,,5.63097620010376,5.55,4.86,1
CommType.all_gather,CommGroup.dp_group,8,33554432,backward.allgather_fn,None,None,,5.542912006378174,5.64,4.93,1
CommType.all_gather,CommGroup.dp_group,8,33554432,backward.allgather_fn,None,None,,5.578752040863037,5.6,4.9,1
CommType.all_gather,CommGroup.dp_group,8,90177536,backward.allgather_fn,None,None,,15.161343574523926,5.54,4.85,1
CommType.all_gather,CommGroup.dp_group,8,90177536,backward.allgather_fn,None,None,,15.141887664794922,5.55,4.85,1
CommType.all_gather,CommGroup.dp_group,8,90177536,backward.allgather_fn,None,None,,15.071231842041016,5.57,4.88,1
CommType.all_gather,CommGroup.dp_group,8,33554432,backward.allgather_fn,None,None,,5.4773759841918945,5.71,4.99,1
CommType.all_gather,CommGroup.dp_group,8,33554432,backward.allgather_fn,None,None,,5.611519813537598,5.57,4.87,1
CommType.all_gather,CommGroup.dp_group,8,33554432,backward.allgather_fn,None,None,,5.57260799407959,5.61,4.91,1
CommType.all_gather,CommGroup.dp_group,8,33554432,backward.allgather_fn,None,None,,5.586944103240967,5.59,4.89,1
CommType.all_gather,CommGroup.dp_group,8,90177536,backward.allgather_fn,None,None,,15.179712295532227,5.53,4.84,1
CommType.reduce_scatter,CommGroup.dp_group,8,966828032,backward.reduce_scatter_fn,None,None,,159.52896118164062,5.64,4.94,1
CommType.all_gather,CommGroup.dp_group,8,90177536,backward.allgather_fn,None,None,,15.050751686096191,5.58,4.88,1
CommType.all_gather,CommGroup.dp_group,8,90177536,backward.allgather_fn,None,None,,15.07430362701416,5.57,4.87,1
CommType.all_gather,CommGroup.dp_group,8,33554432,backward.allgather_fn,None,None,,5.483520030975342,5.7,4.99,1
CommType.all_gather,CommGroup.dp_group,8,33554432,backward.allgather_fn,None,None,,5.576704025268555,5.6,4.9,1
CommType.all_gather,CommGroup.dp_group,8,33554432,backward.allgather_fn,None,None,,5.553152084350586,5.63,4.92,1
CommType.all_gather,CommGroup.dp_group,8,33554432,backward.allgather_fn,None,None,,5.566463947296143,5.61,4.91,1
CommType.all_gather,CommGroup.dp_group,8,90177536,backward.allgather_fn,None,None,,15.10092830657959,5.56,4.87,1
CommType.all_gather,CommGroup.dp_group,8,90177536,backward.allgather_fn,None,None,,15.08249568939209,5.57,4.87,1
CommType.all_gather,CommGroup.dp_group,8,90177536,backward.allgather_fn,None,None,,15.131872177124023,5.55,4.86,1
CommType.all_gather,CommGroup.dp_group,8,33554432,backward.allgather_fn,None,None,,5.533696174621582,5.65,4.94,1
CommType.all_gather,CommGroup.dp_group,8,33554432,backward.allgather_fn,None,None,,5.582848072052002,5.6,4.9,1
CommType.all_gather,CommGroup.dp_group,8,33554432,backward.allgather_fn,None,None,,5.557248115539551,5.62,4.92,1
CommType.all_gather,CommGroup.dp_group,8,33554432,backward.allgather_fn,None,None,,5.56220817565918,5.62,4.92,1
CommType.all_gather,CommGroup.dp_group,8,90177536,backward.allgather_fn,None,None,,15.19001579284668,5.53,4.84,1
CommType.all_gather,CommGroup.dp_group,8,90177536,backward.allgather_fn,None,None,,15.068160057067871,5.57,4.88,1
CommType.all_gather,CommGroup.dp_group,8,90177536,backward.allgather_fn,None,None,,15.139840126037598,5.55,4.85,1
CommType.reduce_scatter,CommGroup.dp_group,8,989896704,backward.reduce_scatter_fn,None,None,,163.28807067871094,5.65,4.94,1
CommType.all_gather,CommGroup.dp_group,8,33554432,backward.allgather_fn,None,None,,5.52345609664917,5.66,4.95,1
CommType.all_gather,CommGroup.dp_group,8,33554432,backward.allgather_fn,None,None,,5.4036478996276855,5.78,5.06,1
CommType.all_gather,CommGroup.dp_group,8,33554432,backward.allgather_fn,None,None,,5.652480125427246,5.53,4.84,1
CommType.all_gather,CommGroup.dp_group,8,33554432,backward.allgather_fn,None,None,,5.606400012969971,5.57,4.88,1
CommType.all_gather,CommGroup.dp_group,8,90177536,backward.allgather_fn,None,None,,15.152128219604492,5.54,4.85,1
CommType.all_gather,CommGroup.dp_group,8,90177536,backward.allgather_fn,None,None,,15.147007942199707,5.54,4.85,1
CommType.all_gather,CommGroup.dp_group,8,90177536,backward.allgather_fn,None,None,,15.29651165008545,5.49,4.8,1
CommType.all_gather,CommGroup.dp_group,8,33554432,backward.allgather_fn,None,None,,5.2572479248046875,5.94,5.2,1
CommType.all_gather,CommGroup.dp_group,8,33554432,backward.allgather_fn,None,None,,5.57260799407959,5.61,4.91,1
CommType.all_gather,CommGroup.dp_group,8,33554432,backward.allgather_fn,None,None,,5.607423782348633,5.57,4.88,1
CommType.all_gather,CommGroup.dp_group,8,33554432,backward.allgather_fn,None,None,,5.595263957977295,5.59,4.89,1
CommType.all_gather,CommGroup.dp_group,8,90177536,backward.allgather_fn,None,None,,15.148032188415527,5.54,4.85,1
CommType.all_gather,CommGroup.dp_group,8,90177536,backward.allgather_fn,None,None,,15.131648063659668,5.55,4.86,1
CommType.all_gather,CommGroup.dp_group,8,90177536,backward.allgather_fn,None,None,,15.095808029174805,5.56,4.87,1
CommType.all_gather,CommGroup.dp_group,8,33554432,backward.allgather_fn,None,None,,5.45689582824707,5.73,5.01,1
CommType.all_gather,CommGroup.dp_group,8,33554432,backward.allgather_fn,None,None,,5.579775810241699,5.6,4.9,1
CommType.all_gather,CommGroup.dp_group,8,33554432,backward.allgather_fn,None,None,,5.581823825836182,5.6,4.9,1
CommType.all_gather,CommGroup.dp_group,8,33554432,backward.allgather_fn,None,None,,5.596159934997559,5.58,4.89,1
CommType.reduce_scatter,CommGroup.dp_group,8,943759360,backward.reduce_scatter_fn,None,None,,155.97669982910156,5.64,4.93,1
CommType.all_gather,CommGroup.dp_group,8,90177536,backward.allgather_fn,None,None,,15.140864372253418,5.55,4.85,1
CommType.all_gather,CommGroup.dp_group,8,90177536,backward.allgather_fn,None,None,,15.18182373046875,5.53,4.84,1
CommType.all_gather,CommGroup.dp_group,8,90177536,backward.allgather_fn,None,None,,15.138815879821777,5.55,4.85,1
CommType.all_gather,CommGroup.dp_group,8,33554432,backward.allgather_fn,None,None,,5.467135906219482,5.72,5.0,1
CommType.all_gather,CommGroup.dp_group,8,33554432,backward.allgather_fn,None,None,,5.593088150024414,5.59,4.89,1
CommType.all_gather,CommGroup.dp_group,8,33554432,backward.allgather_fn,None,None,,5.555200099945068,5.63,4.92,1
CommType.all_gather,CommGroup.dp_group,8,33554432,backward.allgather_fn,None,None,,5.577727794647217,5.6,4.9,1
CommType.all_gather,CommGroup.dp_group,8,90177536,backward.allgather_fn,None,None,,15.113216400146484,5.56,4.86,1
CommType.all_gather,CommGroup.dp_group,8,90177536,backward.allgather_fn,None,None,,15.09273624420166,5.56,4.87,1
CommType.all_gather,CommGroup.dp_group,8,90177536,backward.allgather_fn,None,None,,15.08249568939209,5.57,4.87,1
CommType.all_gather,CommGroup.dp_group,8,33554432,backward.allgather_fn,None,None,,5.463967800140381,5.72,5.0,1
CommType.all_gather,CommGroup.dp_group,8,33554432,backward.allgather_fn,None,None,,5.620575904846191,5.56,4.86,1
CommType.all_gather,CommGroup.dp_group,8,33554432,backward.allgather_fn,None,None,,5.578752040863037,5.6,4.9,1
CommType.all_gather,CommGroup.dp_group,8,33554432,backward.allgather_fn,None,None,,5.566463947296143,5.61,4.91,1
CommType.all_gather,CommGroup.dp_group,8,90177536,backward.allgather_fn,None,None,,15.175519943237305,5.53,4.84,1
CommType.all_gather,CommGroup.dp_group,8,90177536,backward.allgather_fn,None,None,,15.130623817443848,5.55,4.86,1
CommType.reduce_scatter,CommGroup.dp_group,8,989888512,backward.reduce_scatter_fn,None,None,,163.26144409179688,5.65,4.94,1
CommType.all_gather,CommGroup.dp_group,8,90177536,backward.allgather_fn,None,None,,15.057920455932617,5.58,4.88,1
CommType.all_gather,CommGroup.dp_group,8,33554432,backward.allgather_fn,None,None,,5.440512180328369,5.74,5.03,1
CommType.all_gather,CommGroup.dp_group,8,33554432,backward.allgather_fn,None,None,,5.60537576675415,5.58,4.88,1
CommType.all_gather,CommGroup.dp_group,8,33554432,backward.allgather_fn,None,None,,5.573631763458252,5.61,4.91,1
CommType.all_gather,CommGroup.dp_group,8,33554432,backward.allgather_fn,None,None,,5.561344146728516,5.62,4.92,1
CommType.all_gather,CommGroup.dp_group,8,90177536,backward.allgather_fn,None,None,,15.193087577819824,5.53,4.84,1
CommType.all_gather,CommGroup.dp_group,8,90177536,backward.allgather_fn,None,None,,15.0763521194458,5.57,4.87,1
CommType.all_gather,CommGroup.dp_group,8,90177536,backward.allgather_fn,None,None,,15.114239692687988,5.56,4.86,1
CommType.all_gather,CommGroup.dp_group,8,33554432,backward.allgather_fn,None,None,,5.495808124542236,5.69,4.98,1
CommType.all_gather,CommGroup.dp_group,8,33554432,backward.allgather_fn,None,None,,5.5511040687561035,5.63,4.93,1
CommType.all_gather,CommGroup.dp_group,8,33554432,backward.allgather_fn,None,None,,5.563104152679443,5.62,4.92,1
CommType.all_gather,CommGroup.dp_group,8,33554432,backward.allgather_fn,None,None,,5.560287952423096,5.62,4.92,1
CommType.all_gather,CommGroup.dp_group,8,90177536,backward.allgather_fn,None,None,,15.113216400146484,5.56,4.86,1
CommType.all_gather,CommGroup.dp_group,8,90177536,backward.allgather_fn,None,None,,15.107071876525879,5.56,4.86,1
CommType.all_gather,CommGroup.dp_group,8,90177536,backward.allgather_fn,None,None,,15.081664085388184,5.57,4.87,1
CommType.all_gather,CommGroup.dp_group,8,33554432,backward.allgather_fn,None,None,,5.442560195922852,5.74,5.02,1
CommType.all_gather,CommGroup.dp_group,8,33554432,backward.allgather_fn,None,None,,5.578752040863037,5.6,4.9,1
CommType.reduce_scatter,CommGroup.dp_group,8,966828032,backward.reduce_scatter_fn,None,None,,159.7460479736328,5.64,4.93,1
CommType.all_gather,CommGroup.dp_group,8,33554432,backward.allgather_fn,None,None,,5.47327995300293,5.71,5.0,1
CommType.all_gather,CommGroup.dp_group,8,33554432,backward.allgather_fn,None,None,,5.572447776794434,5.61,4.91,1
CommType.all_gather,CommGroup.dp_group,8,90177536,backward.allgather_fn,None,None,,15.102975845336914,5.56,4.87,1
CommType.all_gather,CommGroup.dp_group,8,90177536,backward.allgather_fn,None,None,,15.118335723876953,5.56,4.86,1
CommType.all_gather,CommGroup.dp_group,8,90177536,backward.allgather_fn,None,None,,15.107071876525879,5.56,4.86,1
CommType.all_gather,CommGroup.dp_group,8,33554432,backward.allgather_fn,None,None,,5.448703765869141,5.74,5.02,1
CommType.all_gather,CommGroup.dp_group,8,33554432,backward.allgather_fn,None,None,,5.62278413772583,5.56,4.86,1
CommType.all_gather,CommGroup.dp_group,8,33554432,backward.allgather_fn,None,None,,5.550079822540283,5.63,4.93,1
CommType.all_gather,CommGroup.dp_group,8,33554432,backward.allgather_fn,None,None,,5.582848072052002,5.6,4.9,1
CommType.all_gather,CommGroup.dp_group,8,90177536,backward.allgather_fn,None,None,,15.121408462524414,5.55,4.86,1
CommType.all_gather,CommGroup.dp_group,8,90177536,backward.allgather_fn,None,None,,15.119359970092773,5.55,4.86,1
CommType.all_gather,CommGroup.dp_group,8,90177536,backward.allgather_fn,None,None,,15.139840126037598,5.55,4.85,1
CommType.all_gather,CommGroup.dp_group,8,33554432,backward.allgather_fn,None,None,,5.465087890625,5.72,5.0,1
CommType.all_gather,CommGroup.dp_group,8,33554432,backward.allgather_fn,None,None,,5.606400012969971,5.57,4.88,1
CommType.all_gather,CommGroup.dp_group,8,33554432,backward.allgather_fn,None,None,,5.571584224700928,5.61,4.91,1
CommType.all_gather,CommGroup.dp_group,8,33554432,backward.allgather_fn,None,None,,5.5511040687561035,5.63,4.93,1
CommType.all_gather,CommGroup.dp_group,8,90177536,backward.allgather_fn,None,None,,15.11731243133545,5.56,4.86,1
CommType.reduce_scatter,CommGroup.dp_group,8,966828032,backward.reduce_scatter_fn,None,None,,159.54124450683594,5.64,4.94,1
CommType.all_gather,CommGroup.dp_group,8,90177536,backward.allgather_fn,None,None,,15.089664459228516,5.57,4.87,1
CommType.all_gather,CommGroup.dp_group,8,90177536,backward.allgather_fn,None,None,,15.08351993560791,5.57,4.87,1
CommType.all_gather,CommGroup.dp_group,8,33554432,backward.allgather_fn,None,None,,5.453824043273926,5.73,5.01,1
CommType.all_gather,CommGroup.dp_group,8,33554432,backward.allgather_fn,None,None,,5.6104960441589355,5.57,4.87,1
CommType.all_gather,CommGroup.dp_group,8,33554432,backward.allgather_fn,None,None,,5.550079822540283,5.63,4.93,1
CommType.all_gather,CommGroup.dp_group,8,33554432,backward.allgather_fn,None,None,,5.550079822540283,5.63,4.93,1
CommType.all_gather,CommGroup.dp_group,8,90177536,backward.allgather_fn,None,None,,15.20742416381836,5.52,4.83,1
CommType.all_gather,CommGroup.dp_group,8,90177536,backward.allgather_fn,None,None,,15.078399658203125,5.57,4.87,1
CommType.all_gather,CommGroup.dp_group,8,90177536,backward.allgather_fn,None,None,,15.0763521194458,5.57,4.87,1
CommType.all_gather,CommGroup.dp_group,8,33554432,backward.allgather_fn,None,None,,5.445631980895996,5.74,5.02,1
CommType.all_gather,CommGroup.dp_group,8,33554432,backward.allgather_fn,None,None,,5.599232196807861,5.58,4.88,1
CommType.all_gather,CommGroup.dp_group,8,33554432,backward.allgather_fn,None,None,,5.588992118835449,5.59,4.89,1
CommType.all_gather,CommGroup.dp_group,8,33554432,backward.allgather_fn,None,None,,5.552127838134766,5.63,4.92,1
CommType.all_gather,CommGroup.dp_group,8,90177536,backward.allgather_fn,None,None,,15.202303886413574,5.52,4.83,1
CommType.all_gather,CommGroup.dp_group,8,90177536,backward.allgather_fn,None,None,,15.08351993560791,5.57,4.87,1
CommType.all_gather,CommGroup.dp_group,8,90177536,backward.allgather_fn,None,None,,15.104000091552734,5.56,4.87,1
CommType.reduce_scatter,CommGroup.dp_group,8,989896704,backward.reduce_scatter_fn,None,None,,163.38636779785156,5.64,4.94,1
CommType.all_gather,CommGroup.dp_group,8,33554432,backward.allgather_fn,None,None,,5.355519771575928,5.84,5.11,1
CommType.all_gather,CommGroup.dp_group,8,33554432,backward.allgather_fn,None,None,,5.651296138763428,5.53,4.84,1
CommType.all_gather,CommGroup.dp_group,8,33554432,backward.allgather_fn,None,None,,5.686272144317627,5.5,4.81,1
CommType.all_gather,CommGroup.dp_group,8,33554432,backward.allgather_fn,None,None,,5.56441593170166,5.62,4.91,1
CommType.all_gather,CommGroup.dp_group,8,90177536,backward.allgather_fn,None,None,,15.17465591430664,5.53,4.84,1
CommType.all_gather,CommGroup.dp_group,8,90177536,backward.allgather_fn,None,None,,15.131648063659668,5.55,4.86,1
CommType.all_gather,CommGroup.dp_group,8,90177536,backward.allgather_fn,None,None,,15.069184303283691,5.57,4.88,1
CommType.all_gather,CommGroup.dp_group,8,33554432,backward.allgather_fn,None,None,,5.492735862731934,5.69,4.98,1
CommType.all_gather,CommGroup.dp_group,8,33554432,backward.allgather_fn,None,None,,5.562367916107178,5.62,4.92,1
CommType.all_gather,CommGroup.dp_group,8,33554432,backward.allgather_fn,None,None,,5.567488193511963,5.61,4.91,1
CommType.all_gather,CommGroup.dp_group,8,33554432,backward.allgather_fn,None,None,,5.5316481590271,5.65,4.94,1
CommType.all_gather,CommGroup.dp_group,8,262144000,backward.allgather_fn,None,None,,44.21120071411133,5.52,4.83,1
CommType.reduce_scatter,CommGroup.dp_group,8,943759360,backward.reduce_scatter_fn,None,None,,155.80467224121094,5.64,4.94,1
CommType.reduce_scatter,CommGroup.dp_group,8,989888512,backward.reduce_scatter_fn,None,None,,163.10272216796875,5.65,4.95,1
CommType.reduce_scatter,CommGroup.dp_group,8,891322368,step.reduce_scatter_fn,None,None,,146.5294647216797,5.67,4.96,1
CommType.all_reduce,CommGroup.dp_group,8,1,step.has_overflow,None,None,,0.18937599658966064,0.0,0.0,1
CommType.all_reduce,CommGroup.dp_group,8,8,step.get_grad_norm_direct,None,None,,0.14950400590896606,0.0,0.0,1
CommType.all_gather,CommGroup.dp_group,8,8192,step.allgather_fn,None,None,,0.12080000340938568,0.06,0.06,1
CommType.all_gather,CommGroup.dp_group,8,8192,step.allgather_fn,None,None,,0.12383999675512314,0.06,0.05,1
CommType.all_gather,CommGroup.dp_group,8,8192,step.allgather_fn,None,None,,0.1210239976644516,0.06,0.06,1
CommType.all_gather,CommGroup.dp_group,8,8192,step.allgather_fn,None,None,,0.1013759970664978,0.08,0.07,1
CommType.all_gather,CommGroup.dp_group,8,8192,step.allgather_fn,None,None,,0.10956799983978271,0.07,0.06,1
CommType.all_gather,CommGroup.dp_group,8,8192,step.allgather_fn,None,None,,0.10035199671983719,0.08,0.07,1
CommType.all_gather,CommGroup.dp_group,8,8192,step.allgather_fn,None,None,,0.10035199671983719,0.08,0.07,1
CommType.all_gather,CommGroup.dp_group,8,8192,step.allgather_fn,None,None,,0.10022400319576263,0.08,0.07,1
CommType.all_gather,CommGroup.dp_group,8,8192,step.allgather_fn,None,None,,0.10003200173377991,0.08,0.07,1
CommType.all_gather,CommGroup.dp_group,8,8192,step.allgather_fn,None,None,,0.10035199671983719,0.08,0.07,1
CommType.all_gather,CommGroup.dp_group,8,8192,step.allgather_fn,None,None,,0.10342399775981903,0.07,0.06,1
CommType.all_gather,CommGroup.dp_group,8,8192,step.allgather_fn,None,None,,0.09932799637317657,0.08,0.07,1
CommType.all_gather,CommGroup.dp_group,8,8192,step.allgather_fn,None,None,,0.09830400347709656,0.08,0.07,1
CommType.all_gather,CommGroup.dp_group,8,8192,step.allgather_fn,None,None,,0.09830400347709656,0.08,0.07,1
CommType.all_gather,CommGroup.dp_group,8,8192,step.allgather_fn,None,None,,0.09964799880981445,0.08,0.07,1
CommType.all_gather,CommGroup.dp_group,8,8192,step.allgather_fn,None,None,,0.10239999741315842,0.07,0.07,1
CommType.all_gather,CommGroup.dp_group,8,8192,step.allgather_fn,None,None,,0.10019200295209885,0.08,0.07,1
CommType.all_gather,CommGroup.dp_group,8,8192,step.allgather_fn,None,None,,0.1013759970664978,0.08,0.07,1
CommType.all_gather,CommGroup.dp_group,8,8192,step.allgather_fn,None,None,,0.10028800368309021,0.08,0.07,1
CommType.all_gather,CommGroup.dp_group,8,8192,step.allgather_fn,None,None,,0.09932799637317657,0.08,0.07,1
CommType.all_gather,CommGroup.dp_group,8,8192,step.allgather_fn,None,None,,0.11264000087976456,0.07,0.06,1
CommType.all_gather,CommGroup.dp_group,8,8192,step.allgather_fn,None,None,,0.09932799637317657,0.08,0.07,1
CommType.all_gather,CommGroup.dp_group,8,8192,step.allgather_fn,None,None,,0.10035199671983719,0.08,0.07,1
CommType.all_gather,CommGroup.dp_group,8,8192,step.allgather_fn,None,None,,0.11264000087976456,0.07,0.06,1
CommType.all_gather,CommGroup.dp_group,8,8192,step.allgather_fn,None,None,,0.1024319976568222,0.07,0.07,1
CommType.all_gather,CommGroup.dp_group,8,8192,step.allgather_fn,None,None,,0.11257600039243698,0.07,0.06,1
CommType.all_gather,CommGroup.dp_group,8,8192,step.allgather_fn,None,None,,0.10224000364542007,0.07,0.07,1
CommType.all_gather,CommGroup.dp_group,8,8192,step.allgather_fn,None,None,,0.10054399818181992,0.08,0.07,1
CommType.all_gather,CommGroup.dp_group,8,8192,step.allgather_fn,None,None,,0.09916800260543823,0.08,0.07,1
CommType.all_gather,CommGroup.dp_group,8,8192,step.allgather_fn,None,None,,0.09939199686050415,0.08,0.07,1
CommType.all_gather,CommGroup.dp_group,8,8192,step.allgather_fn,None,None,,0.1085439994931221,0.07,0.06,1
CommType.all_gather,CommGroup.dp_group,8,8192,step.allgather_fn,None,None,,0.10019200295209885,0.08,0.07,1
CommType.all_gather,CommGroup.dp_group,8,8192,step.allgather_fn,None,None,,0.09935999661684036,0.08,0.07,1
CommType.all_gather,CommGroup.dp_group,8,8192,step.allgather_fn,None,None,,0.09852799773216248,0.08,0.07,1
CommType.all_gather,CommGroup.dp_group,8,8192,step.allgather_fn,None,None,,0.09833600372076035,0.08,0.07,1
CommType.all_gather,CommGroup.dp_group,8,8192,step.allgather_fn,None,None,,0.10025600343942642,0.08,0.07,1
CommType.all_gather,CommGroup.dp_group,8,8192,step.allgather_fn,None,None,,0.10038399696350098,0.08,0.07,1
CommType.all_gather,CommGroup.dp_group,8,8192,step.allgather_fn,None,None,,0.09830400347709656,0.08,0.07,1
CommType.all_gather,CommGroup.dp_group,8,8192,step.allgather_fn,None,None,,0.09859199821949005,0.08,0.07,1
CommType.all_gather,CommGroup.dp_group,8,8192,step.allgather_fn,None,None,,0.10035199671983719,0.08,0.07,1
CommType.all_gather,CommGroup.dp_group,8,8192,step.allgather_fn,None,None,,0.0984639972448349,0.08,0.07,1
CommType.all_gather,CommGroup.dp_group,8,8192,step.allgather_fn,None,None,,0.1103999987244606,0.07,0.06,1
CommType.all_gather,CommGroup.dp_group,8,8192,step.allgather_fn,None,None,,0.09932799637317657,0.08,0.07,1
CommType.all_gather,CommGroup.dp_group,8,8192,step.allgather_fn,None,None,,0.0990080013871193,0.08,0.07,1
CommType.all_gather,CommGroup.dp_group,8,8192,step.allgather_fn,None,None,,0.09830400347709656,0.08,0.07,1
CommType.all_gather,CommGroup.dp_group,8,8192,step.allgather_fn,None,None,,0.10009600222110748,0.08,0.07,1
CommType.all_gather,CommGroup.dp_group,8,8192,step.allgather_fn,None,None,,0.10886400192975998,0.07,0.06,1
CommType.all_gather,CommGroup.dp_group,8,8192,step.allgather_fn,None,None,,0.10035199671983719,0.08,0.07,1
CommType.all_gather,CommGroup.dp_group,8,8192,step.allgather_fn,None,None,,0.10035199671983719,0.08,0.07,1
CommType.all_gather,CommGroup.dp_group,8,8192,step.allgather_fn,None,None,,0.09932799637317657,0.08,0.07,1
CommType.all_gather,CommGroup.dp_group,8,8192,step.allgather_fn,None,None,,0.10444799810647964,0.07,0.06,1
CommType.all_gather,CommGroup.dp_group,8,8192,step.allgather_fn,None,None,,0.1003199964761734,0.08,0.07,1
CommType.all_gather,CommGroup.dp_group,8,8192,step.allgather_fn,None,None,,0.09935999661684036,0.08,0.07,1
CommType.all_gather,CommGroup.dp_group,8,8192,step.allgather_fn,None,None,,0.0984639972448349,0.08,0.07,1
CommType.all_gather,CommGroup.dp_group,8,8192,step.allgather_fn,None,None,,0.0990080013871193,0.08,0.07,1
CommType.all_gather,CommGroup.dp_group,8,8192,step.allgather_fn,None,None,,0.09932799637317657,0.08,0.07,1
CommType.all_gather,CommGroup.dp_group,8,8192,step.allgather_fn,None,None,,0.10035199671983719,0.08,0.07,1
CommType.all_gather,CommGroup.dp_group,8,8192,step.allgather_fn,None,None,,0.10054399818181992,0.08,0.07,1
CommType.all_gather,CommGroup.dp_group,8,8192,step.allgather_fn,None,None,,0.1013759970664978,0.08,0.07,1
CommType.all_gather,CommGroup.dp_group,8,8192,step.allgather_fn,None,None,,0.09932799637317657,0.08,0.07,1
CommType.all_gather,CommGroup.dp_group,8,8192,step.allgather_fn,None,None,,0.09932799637317657,0.08,0.07,1
CommType.all_gather,CommGroup.dp_group,8,8192,step.allgather_fn,None,None,,0.09932799637317657,0.08,0.07,1
CommType.all_gather,CommGroup.dp_group,8,8192,step.allgather_fn,None,None,,0.11033599823713303,0.07,0.06,1
CommType.all_gather,CommGroup.dp_group,8,8192,step.allgather_fn,None,None,,0.09932799637317657,0.08,0.07,1
CommType.all_gather,CommGroup.dp_group,8,8192,step.allgather_fn,None,None,,0.09830400347709656,0.08,0.07,1
CommType.epoch_end,None,None,0,,None,None,,6458.682298660278,0.0,0.0,1
CommType.all_gather,CommGroup.dp_group,8,2015363072,forward.allgather_fn,None,None,,339.6341857910156,5.53,4.84,1
CommType.all_gather,CommGroup.dp_group,8,270532608,forward.allgather_fn,None,None,,45.75539016723633,5.51,4.82,1
CommType.all_gather,CommGroup.dp_group,8,33554432,forward.allgather_fn,None,None,,5.554175853729248,5.63,4.92,1
CommType.all_gather,CommGroup.dp_group,8,33554432,forward.allgather_fn,None,None,,5.481472015380859,5.7,4.99,1
CommType.all_gather,CommGroup.dp_group,8,33554432,forward.allgather_fn,None,None,,5.502975940704346,5.68,4.97,1
CommType.all_gather,CommGroup.dp_group,8,33554432,forward.allgather_fn,None,None,,5.613664150238037,5.57,4.87,1
CommType.all_gather,CommGroup.dp_group,8,90177536,forward.allgather_fn,None,None,,15.369215965270996,5.46,4.78,1
CommType.all_gather,CommGroup.dp_group,8,90177536,forward.allgather_fn,None,None,,15.048864364624023,5.58,4.88,1
CommType.all_gather,CommGroup.dp_group,8,90177536,forward.allgather_fn,None,None,,15.036416053771973,5.59,4.89,1
CommType.all_gather,CommGroup.dp_group,8,33554432,forward.allgather_fn,None,None,,5.441535949707031,5.74,5.03,1
CommType.all_gather,CommGroup.dp_group,8,33554432,forward.allgather_fn,None,None,,5.575679779052734,5.6,4.9,1
CommType.all_gather,CommGroup.dp_group,8,33554432,forward.allgather_fn,None,None,,5.591040134429932,5.59,4.89,1
CommType.all_gather,CommGroup.dp_group,8,33554432,forward.allgather_fn,None,None,,5.56441593170166,5.62,4.91,1
CommType.all_gather,CommGroup.dp_group,8,90177536,forward.allgather_fn,None,None,,15.121408462524414,5.55,4.86,1
CommType.all_gather,CommGroup.dp_group,8,90177536,forward.allgather_fn,None,None,,15.119359970092773,5.55,4.86,1
CommType.all_gather,CommGroup.dp_group,8,90177536,forward.allgather_fn,None,None,,15.11731243133545,5.56,4.86,1
CommType.all_gather,CommGroup.dp_group,8,33554432,forward.allgather_fn,None,None,,5.4917120933532715,5.69,4.98,1
CommType.all_gather,CommGroup.dp_group,8,33554432,forward.allgather_fn,None,None,,5.537792205810547,5.64,4.94,1
CommType.all_gather,CommGroup.dp_group,8,33554432,forward.allgather_fn,None,None,,5.591040134429932,5.59,4.89,1
CommType.all_gather,CommGroup.dp_group,8,33554432,forward.allgather_fn,None,None,,5.542912006378174,5.64,4.93,1
CommType.all_gather,CommGroup.dp_group,8,90177536,forward.allgather_fn,None,None,,15.18188762664795,5.53,4.84,1
CommType.all_gather,CommGroup.dp_group,8,90177536,forward.allgather_fn,None,None,,15.120384216308594,5.55,4.86,1
CommType.all_gather,CommGroup.dp_group,8,90177536,forward.allgather_fn,None,None,,15.081472396850586,5.57,4.87,1
CommType.all_gather,CommGroup.dp_group,8,33554432,forward.allgather_fn,None,None,,5.475327968597412,5.71,4.99,1
CommType.all_gather,CommGroup.dp_group,8,33554432,forward.allgather_fn,None,None,,5.569536209106445,5.61,4.91,1
CommType.all_gather,CommGroup.dp_group,8,33554432,forward.allgather_fn,None,None,,5.5562238693237305,5.62,4.92,1
CommType.all_gather,CommGroup.dp_group,8,33554432,forward.allgather_fn,None,None,,5.583871841430664,5.6,4.9,1
CommType.all_gather,CommGroup.dp_group,8,90177536,forward.allgather_fn,None,None,,15.145983695983887,5.54,4.85,1
CommType.all_gather,CommGroup.dp_group,8,90177536,forward.allgather_fn,None,None,,15.087615966796875,5.57,4.87,1
CommType.all_gather,CommGroup.dp_group,8,90177536,forward.allgather_fn,None,None,,15.07430362701416,5.57,4.87,1
CommType.all_gather,CommGroup.dp_group,8,33554432,forward.allgather_fn,None,None,,5.450751781463623,5.73,5.02,1
CommType.all_gather,CommGroup.dp_group,8,33554432,forward.allgather_fn,None,None,,5.617663860321045,5.56,4.87,1
CommType.all_gather,CommGroup.dp_group,8,33554432,forward.allgather_fn,None,None,,5.601280212402344,5.58,4.88,1
CommType.all_gather,CommGroup.dp_group,8,33554432,forward.allgather_fn,None,None,,5.593088150024414,5.59,4.89,1
CommType.all_gather,CommGroup.dp_group,8,90177536,forward.allgather_fn,None,None,,15.151103973388672,5.54,4.85,1
CommType.all_gather,CommGroup.dp_group,8,90177536,forward.allgather_fn,None,None,,15.102975845336914,5.56,4.87,1
CommType.all_gather,CommGroup.dp_group,8,90177536,forward.allgather_fn,None,None,,15.1080961227417,5.56,4.86,1
CommType.all_gather,CommGroup.dp_group,8,33554432,forward.allgather_fn,None,None,,5.480447769165039,5.7,4.99,1
CommType.all_gather,CommGroup.dp_group,8,33554432,forward.allgather_fn,None,None,,5.6156158447265625,5.56,4.87,1
CommType.all_gather,CommGroup.dp_group,8,33554432,forward.allgather_fn,None,None,,5.566463947296143,5.61,4.91,1
CommType.all_gather,CommGroup.dp_group,8,33554432,forward.allgather_fn,None,None,,5.542912006378174,5.64,4.93,1
CommType.all_gather,CommGroup.dp_group,8,90177536,forward.allgather_fn,None,None,,15.134719848632812,5.55,4.86,1
CommType.all_gather,CommGroup.dp_group,8,90177536,forward.allgather_fn,None,None,,15.080448150634766,5.57,4.87,1
CommType.all_gather,CommGroup.dp_group,8,90177536,forward.allgather_fn,None,None,,15.071231842041016,5.57,4.88,1
CommType.all_gather,CommGroup.dp_group,8,33554432,forward.allgather_fn,None,None,,5.485568046569824,5.7,4.98,1
CommType.all_gather,CommGroup.dp_group,8,33554432,forward.allgather_fn,None,None,,5.599232196807861,5.58,4.88,1
CommType.all_gather,CommGroup.dp_group,8,33554432,forward.allgather_fn,None,None,,5.575679779052734,5.6,4.9,1
CommType.all_gather,CommGroup.dp_group,8,33554432,forward.allgather_fn,None,None,,5.581727981567383,5.6,4.9,1
CommType.all_gather,CommGroup.dp_group,8,90177536,forward.allgather_fn,None,None,,15.157055854797363,5.54,4.85,1
CommType.all_gather,CommGroup.dp_group,8,90177536,forward.allgather_fn,None,None,,15.055871963500977,5.58,4.88,1
CommType.all_gather,CommGroup.dp_group,8,90177536,forward.allgather_fn,None,None,,15.070207595825195,5.57,4.88,1
CommType.all_gather,CommGroup.dp_group,8,33554432,forward.allgather_fn,None,None,,5.453824043273926,5.73,5.01,1
CommType.all_gather,CommGroup.dp_group,8,33554432,forward.allgather_fn,None,None,,5.6156158447265625,5.56,4.87,1
CommType.all_gather,CommGroup.dp_group,8,33554432,forward.allgather_fn,None,None,,5.570591926574707,5.61,4.91,1
CommType.all_gather,CommGroup.dp_group,8,33554432,forward.allgather_fn,None,None,,5.567488193511963,5.61,4.91,1
CommType.all_gather,CommGroup.dp_group,8,90177536,forward.allgather_fn,None,None,,15.113216400146484,5.56,4.86,1
CommType.all_gather,CommGroup.dp_group,8,90177536,forward.allgather_fn,None,None,,15.130623817443848,5.55,4.86,1
CommType.all_gather,CommGroup.dp_group,8,90177536,forward.allgather_fn,None,None,,15.080448150634766,5.57,4.87,1
CommType.all_gather,CommGroup.dp_group,8,33554432,forward.allgather_fn,None,None,,5.454847812652588,5.73,5.01,1
CommType.all_gather,CommGroup.dp_group,8,33554432,forward.allgather_fn,None,None,,5.623807907104492,5.56,4.86,1
CommType.all_gather,CommGroup.dp_group,8,33554432,forward.allgather_fn,None,None,,5.539840221405029,5.64,4.94,1
CommType.all_gather,CommGroup.dp_group,8,33554432,forward.allgather_fn,None,None,,5.578752040863037,5.6,4.9,1
CommType.all_gather,CommGroup.dp_group,8,90177536,forward.allgather_fn,None,None,,15.166463851928711,5.54,4.85,1
CommType.all_gather,CommGroup.dp_group,8,90177536,forward.allgather_fn,None,None,,15.080448150634766,5.57,4.87,1
CommType.all_gather,CommGroup.dp_group,8,90177536,forward.allgather_fn,None,None,,15.10912036895752,5.56,4.86,1
CommType.all_gather,CommGroup.dp_group,8,33554432,forward.allgather_fn,None,None,,5.444608211517334,5.74,5.02,1
CommType.all_gather,CommGroup.dp_group,8,33554432,forward.allgather_fn,None,None,,5.604351997375488,5.58,4.88,1
CommType.all_gather,CommGroup.dp_group,8,33554432,forward.allgather_fn,None,None,,5.563392162322998,5.62,4.91,1
CommType.all_gather,CommGroup.dp_group,8,33554432,forward.allgather_fn,None,None,,5.5654401779174805,5.62,4.91,1
CommType.all_gather,CommGroup.dp_group,8,90177536,forward.allgather_fn,None,None,,15.17363166809082,5.53,4.84,1
CommType.all_gather,CommGroup.dp_group,8,90177536,forward.allgather_fn,None,None,,15.077376365661621,5.57,4.87,1
CommType.all_gather,CommGroup.dp_group,8,90177536,forward.allgather_fn,None,None,,15.10092830657959,5.56,4.87,1
CommType.all_gather,CommGroup.dp_group,8,33554432,forward.allgather_fn,None,None,,5.475327968597412,5.71,4.99,1
CommType.all_gather,CommGroup.dp_group,8,33554432,forward.allgather_fn,None,None,,5.505023956298828,5.68,4.97,1
CommType.all_gather,CommGroup.dp_group,8,33554432,forward.allgather_fn,None,None,,5.571584224700928,5.61,4.91,1
CommType.all_gather,CommGroup.dp_group,8,33554432,forward.allgather_fn,None,None,,5.555200099945068,5.63,4.92,1
CommType.all_gather,CommGroup.dp_group,8,90177536,forward.allgather_fn,None,None,,15.164416313171387,5.54,4.85,1
CommType.all_gather,CommGroup.dp_group,8,90177536,forward.allgather_fn,None,None,,15.096832275390625,5.56,4.87,1
CommType.all_gather,CommGroup.dp_group,8,90177536,forward.allgather_fn,None,None,,15.0763521194458,5.57,4.87,1
CommType.all_gather,CommGroup.dp_group,8,33554432,forward.allgather_fn,None,None,,5.464064121246338,5.72,5.0,1
CommType.all_gather,CommGroup.dp_group,8,33554432,forward.allgather_fn,None,None,,5.5859198570251465,5.59,4.9,1
CommType.all_gather,CommGroup.dp_group,8,33554432,forward.allgather_fn,None,None,,5.539840221405029,5.64,4.94,1
CommType.all_gather,CommGroup.dp_group,8,33554432,forward.allgather_fn,None,None,,5.5562238693237305,5.62,4.92,1
CommType.all_gather,CommGroup.dp_group,8,90177536,forward.allgather_fn,None,None,,15.166463851928711,5.54,4.85,1
CommType.all_gather,CommGroup.dp_group,8,90177536,forward.allgather_fn,None,None,,15.09068775177002,5.57,4.87,1
CommType.all_gather,CommGroup.dp_group,8,90177536,forward.allgather_fn,None,None,,15.08556842803955,5.57,4.87,1
CommType.all_gather,CommGroup.dp_group,8,33554432,forward.allgather_fn,None,None,,5.495808124542236,5.69,4.98,1
CommType.all_gather,CommGroup.dp_group,8,33554432,forward.allgather_fn,None,None,,5.600255966186523,5.58,4.88,1
CommType.all_gather,CommGroup.dp_group,8,33554432,forward.allgather_fn,None,None,,5.558432102203369,5.62,4.92,1
CommType.all_gather,CommGroup.dp_group,8,33554432,forward.allgather_fn,None,None,,5.57260799407959,5.61,4.91,1
CommType.all_gather,CommGroup.dp_group,8,90177536,forward.allgather_fn,None,None,,15.132543563842773,5.55,4.86,1
CommType.all_gather,CommGroup.dp_group,8,90177536,forward.allgather_fn,None,None,,15.042559623718262,5.58,4.89,1
CommType.all_gather,CommGroup.dp_group,8,90177536,forward.allgather_fn,None,None,,15.116288185119629,5.56,4.86,1
CommType.all_gather,CommGroup.dp_group,8,33554432,forward.allgather_fn,None,None,,5.429344177246094,5.76,5.04,1
CommType.all_gather,CommGroup.dp_group,8,33554432,forward.allgather_fn,None,None,,5.658527851104736,5.52,4.83,1
CommType.all_gather,CommGroup.dp_group,8,33554432,forward.allgather_fn,None,None,,5.553152084350586,5.63,4.92,1
CommType.all_gather,CommGroup.dp_group,8,33554432,forward.allgather_fn,None,None,,5.5654401779174805,5.62,4.91,1
CommType.all_gather,CommGroup.dp_group,8,90177536,forward.allgather_fn,None,None,,15.171711921691895,5.54,4.84,1
CommType.all_gather,CommGroup.dp_group,8,90177536,forward.allgather_fn,None,None,,15.093759536743164,5.56,4.87,1
CommType.all_gather,CommGroup.dp_group,8,90177536,forward.allgather_fn,None,None,,15.102975845336914,5.56,4.87,1
CommType.all_gather,CommGroup.dp_group,8,33554432,forward.allgather_fn,None,None,,5.506783962249756,5.67,4.97,1
CommType.all_gather,CommGroup.dp_group,8,33554432,forward.allgather_fn,None,None,,5.5562238693237305,5.62,4.92,1
CommType.all_gather,CommGroup.dp_group,8,33554432,forward.allgather_fn,None,None,,5.5562238693237305,5.62,4.92,1
CommType.all_gather,CommGroup.dp_group,8,33554432,forward.allgather_fn,None,None,,5.603328227996826,5.58,4.88,1
CommType.all_gather,CommGroup.dp_group,8,90177536,forward.allgather_fn,None,None,,15.197183609008789,5.53,4.84,1
CommType.all_gather,CommGroup.dp_group,8,90177536,forward.allgather_fn,None,None,,15.088640213012695,5.57,4.87,1
CommType.all_gather,CommGroup.dp_group,8,90177536,forward.allgather_fn,None,None,,15.08556842803955,5.57,4.87,1
CommType.all_gather,CommGroup.dp_group,8,33554432,forward.allgather_fn,None,None,,5.488639831542969,5.69,4.98,1
CommType.all_gather,CommGroup.dp_group,8,33554432,forward.allgather_fn,None,None,,5.555200099945068,5.63,4.92,1
CommType.all_gather,CommGroup.dp_group,8,33554432,forward.allgather_fn,None,None,,5.566495895385742,5.61,4.91,1
CommType.all_gather,CommGroup.dp_group,8,33554432,forward.allgather_fn,None,None,,5.595104217529297,5.59,4.89,1
CommType.all_gather,CommGroup.dp_group,8,90177536,forward.allgather_fn,None,None,,15.114239692687988,5.56,4.86,1
CommType.all_gather,CommGroup.dp_group,8,90177536,forward.allgather_fn,None,None,,15.115263938903809,5.56,4.86,1
CommType.all_gather,CommGroup.dp_group,8,90177536,forward.allgather_fn,None,None,,15.053824424743652,5.58,4.88,1
CommType.all_gather,CommGroup.dp_group,8,33554432,forward.allgather_fn,None,None,,5.465087890625,5.72,5.0,1
CommType.all_gather,CommGroup.dp_group,8,33554432,forward.allgather_fn,None,None,,5.601215839385986,5.58,4.88,1
CommType.all_gather,CommGroup.dp_group,8,33554432,forward.allgather_fn,None,None,,5.561344146728516,5.62,4.92,1
CommType.all_gather,CommGroup.dp_group,8,33554432,forward.allgather_fn,None,None,,5.559296131134033,5.62,4.92,1
CommType.all_gather,CommGroup.dp_group,8,90177536,forward.allgather_fn,None,None,,15.175680160522461,5.53,4.84,1
CommType.all_gather,CommGroup.dp_group,8,90177536,forward.allgather_fn,None,None,,15.10092830657959,5.56,4.87,1
CommType.all_gather,CommGroup.dp_group,8,90177536,forward.allgather_fn,None,None,,15.124480247497559,5.55,4.86,1
CommType.all_gather,CommGroup.dp_group,8,33554432,forward.allgather_fn,None,None,,5.465087890625,5.72,5.0,1
CommType.all_gather,CommGroup.dp_group,8,33554432,forward.allgather_fn,None,None,,5.553152084350586,5.63,4.92,1
CommType.all_gather,CommGroup.dp_group,8,33554432,forward.allgather_fn,None,None,,5.566463947296143,5.61,4.91,1
CommType.all_gather,CommGroup.dp_group,8,33554432,forward.allgather_fn,None,None,,5.570559978485107,5.61,4.91,1
CommType.all_gather,CommGroup.dp_group,8,90177536,forward.allgather_fn,None,None,,15.152128219604492,5.54,4.85,1
CommType.all_gather,CommGroup.dp_group,8,90177536,forward.allgather_fn,None,None,,15.145983695983887,5.54,4.85,1
CommType.all_gather,CommGroup.dp_group,8,90177536,forward.allgather_fn,None,None,,15.093759536743164,5.56,4.87,1
CommType.all_gather,CommGroup.dp_group,8,33554432,forward.allgather_fn,None,None,,5.464064121246338,5.72,5.0,1
CommType.all_gather,CommGroup.dp_group,8,33554432,forward.allgather_fn,None,None,,5.657599925994873,5.52,4.83,1
CommType.all_gather,CommGroup.dp_group,8,33554432,forward.allgather_fn,None,None,,5.594111919403076,5.59,4.89,1
CommType.all_gather,CommGroup.dp_group,8,33554432,forward.allgather_fn,None,None,,5.5542402267456055,5.63,4.92,1
CommType.all_gather,CommGroup.dp_group,8,90177536,forward.allgather_fn,None,None,,15.251296043395996,5.51,4.82,1
CommType.all_gather,CommGroup.dp_group,8,90177536,forward.allgather_fn,None,None,,15.237119674682617,5.51,4.82,1
CommType.all_gather,CommGroup.dp_group,8,90177536,forward.allgather_fn,None,None,,15.146143913269043,5.54,4.85,1
CommType.all_gather,CommGroup.dp_group,8,33554432,forward.allgather_fn,None,None,,5.500927925109863,5.68,4.97,1
CommType.all_gather,CommGroup.dp_group,8,33554432,forward.allgather_fn,None,None,,5.611519813537598,5.57,4.87,1
CommType.all_gather,CommGroup.dp_group,8,33554432,forward.allgather_fn,None,None,,5.600287914276123,5.58,4.88,1
CommType.all_gather,CommGroup.dp_group,8,33554432,forward.allgather_fn,None,None,,5.525343894958496,5.66,4.95,1
CommType.all_gather,CommGroup.dp_group,8,90177536,forward.allgather_fn,None,None,,15.1910400390625,5.53,4.84,1
CommType.all_gather,CommGroup.dp_group,8,90177536,forward.allgather_fn,None,None,,15.134719848632812,5.55,4.86,1
CommType.all_gather,CommGroup.dp_group,8,90177536,forward.allgather_fn,None,None,,15.136768341064453,5.55,4.85,1
CommType.all_gather,CommGroup.dp_group,8,33554432,forward.allgather_fn,None,None,,5.5357441902160645,5.65,4.94,1
CommType.all_gather,CommGroup.dp_group,8,33554432,forward.allgather_fn,None,None,,5.695487976074219,5.49,4.8,1
CommType.all_gather,CommGroup.dp_group,8,33554432,forward.allgather_fn,None,None,,5.639167785644531,5.54,4.85,1
CommType.all_gather,CommGroup.dp_group,8,33554432,forward.allgather_fn,None,None,,5.573440074920654,5.61,4.91,1
CommType.all_gather,CommGroup.dp_group,8,90177536,forward.allgather_fn,None,None,,15.243264198303223,5.51,4.82,1
CommType.all_gather,CommGroup.dp_group,8,90177536,forward.allgather_fn,None,None,,15.19206428527832,5.53,4.84,1
CommType.all_gather,CommGroup.dp_group,8,90177536,forward.allgather_fn,None,None,,15.139840126037598,5.55,4.85,1
CommType.all_gather,CommGroup.dp_group,8,33554432,forward.allgather_fn,None,None,,5.460991859436035,5.72,5.01,1
CommType.all_gather,CommGroup.dp_group,8,33554432,forward.allgather_fn,None,None,,5.617663860321045,5.56,4.87,1
CommType.all_gather,CommGroup.dp_group,8,33554432,forward.allgather_fn,None,None,,5.559328079223633,5.62,4.92,1
CommType.all_gather,CommGroup.dp_group,8,33554432,forward.allgather_fn,None,None,,5.540863990783691,5.64,4.93,1
CommType.all_gather,CommGroup.dp_group,8,90177536,forward.allgather_fn,None,None,,15.149984359741211,5.54,4.85,1
CommType.all_gather,CommGroup.dp_group,8,90177536,forward.allgather_fn,None,None,,15.096832275390625,5.56,4.87,1
CommType.all_gather,CommGroup.dp_group,8,90177536,forward.allgather_fn,None,None,,15.086591720581055,5.57,4.87,1
CommType.all_gather,CommGroup.dp_group,8,33554432,forward.allgather_fn,None,None,,5.457920074462891,5.73,5.01,1
CommType.all_gather,CommGroup.dp_group,8,33554432,forward.allgather_fn,None,None,,5.633024215698242,5.55,4.85,1
CommType.all_gather,CommGroup.dp_group,8,33554432,forward.allgather_fn,None,None,,5.568511962890625,5.61,4.91,1
CommType.all_gather,CommGroup.dp_group,8,33554432,forward.allgather_fn,None,None,,5.57260799407959,5.61,4.91,1
CommType.all_gather,CommGroup.dp_group,8,90177536,forward.allgather_fn,None,None,,15.137791633605957,5.55,4.85,1
CommType.all_gather,CommGroup.dp_group,8,90177536,forward.allgather_fn,None,None,,15.101951599121094,5.56,4.87,1
CommType.all_gather,CommGroup.dp_group,8,90177536,forward.allgather_fn,None,None,,15.088640213012695,5.57,4.87,1
CommType.all_gather,CommGroup.dp_group,8,33554432,forward.allgather_fn,None,None,,5.434368133544922,5.75,5.03,1
CommType.all_gather,CommGroup.dp_group,8,33554432,forward.allgather_fn,None,None,,5.618688106536865,5.56,4.87,1
CommType.all_gather,CommGroup.dp_group,8,33554432,forward.allgather_fn,None,None,,5.563392162322998,5.62,4.91,1
CommType.all_gather,CommGroup.dp_group,8,33554432,forward.allgather_fn,None,None,,5.580832004547119,5.6,4.9,1
CommType.all_gather,CommGroup.dp_group,8,90177536,forward.allgather_fn,None,None,,15.169535636901855,5.54,4.84,1
CommType.all_gather,CommGroup.dp_group,8,90177536,forward.allgather_fn,None,None,,15.07430362701416,5.57,4.87,1
CommType.all_gather,CommGroup.dp_group,8,90177536,forward.allgather_fn,None,None,,15.10092830657959,5.56,4.87,1
CommType.all_gather,CommGroup.dp_group,8,33554432,forward.allgather_fn,None,None,,5.483520030975342,5.7,4.99,1
CommType.all_gather,CommGroup.dp_group,8,33554432,forward.allgather_fn,None,None,,5.615551948547363,5.56,4.87,1
CommType.all_gather,CommGroup.dp_group,8,33554432,forward.allgather_fn,None,None,,5.567488193511963,5.61,4.91,1
CommType.all_gather,CommGroup.dp_group,8,33554432,forward.allgather_fn,None,None,,5.592864036560059,5.59,4.89,1
CommType.all_gather,CommGroup.dp_group,8,90177536,forward.allgather_fn,None,None,,15.144960403442383,5.55,4.85,1
CommType.all_gather,CommGroup.dp_group,8,90177536,forward.allgather_fn,None,None,,15.101951599121094,5.56,4.87,1
CommType.all_gather,CommGroup.dp_group,8,90177536,forward.allgather_fn,None,None,,15.10912036895752,5.56,4.86,1
CommType.all_gather,CommGroup.dp_group,8,33554432,forward.allgather_fn,None,None,,5.46611213684082,5.72,5.0,1
CommType.all_gather,CommGroup.dp_group,8,33554432,forward.allgather_fn,None,None,,5.6299519538879395,5.55,4.86,1
CommType.all_gather,CommGroup.dp_group,8,33554432,forward.allgather_fn,None,None,,5.5562238693237305,5.62,4.92,1
CommType.all_gather,CommGroup.dp_group,8,33554432,forward.allgather_fn,None,None,,5.566463947296143,5.61,4.91,1
CommType.all_gather,CommGroup.dp_group,8,90177536,forward.allgather_fn,None,None,,15.195136070251465,5.53,4.84,1
CommType.all_gather,CommGroup.dp_group,8,90177536,forward.allgather_fn,None,None,,15.09887981414795,5.56,4.87,1
CommType.all_gather,CommGroup.dp_group,8,90177536,forward.allgather_fn,None,None,,15.094783782958984,5.56,4.87,1
CommType.all_gather,CommGroup.dp_group,8,33554432,forward.allgather_fn,None,None,,5.4527997970581055,5.73,5.01,1
CommType.all_gather,CommGroup.dp_group,8,33554432,forward.allgather_fn,None,None,,5.594111919403076,5.59,4.89,1
CommType.all_gather,CommGroup.dp_group,8,33554432,forward.allgather_fn,None,None,,5.558271884918213,5.62,4.92,1
CommType.all_gather,CommGroup.dp_group,8,33554432,forward.allgather_fn,None,None,,5.56441593170166,5.62,4.91,1
CommType.all_gather,CommGroup.dp_group,8,90177536,forward.allgather_fn,None,None,,15.129504203796387,5.55,4.86,1
CommType.all_gather,CommGroup.dp_group,8,90177536,forward.allgather_fn,None,None,,15.125503540039062,5.55,4.86,1
CommType.all_gather,CommGroup.dp_group,8,90177536,forward.allgather_fn,None,None,,15.114239692687988,5.56,4.86,1
CommType.all_gather,CommGroup.dp_group,8,262144000,forward.allgather_fn,None,None,,44.224510192871094,5.52,4.83,1
CommType.all_gather,CommGroup.dp_group,8,90177536,forward.allgather_fn,None,None,,15.107872009277344,5.56,4.86,1
CommType.all_gather,CommGroup.dp_group,8,224395264,backward.allgather_fn,None,None,,37.773311614990234,5.53,4.84,1
CommType.all_gather,CommGroup.dp_group,8,90177536,backward.allgather_fn,None,None,,15.104000091552734,5.56,4.87,1
CommType.all_gather,CommGroup.dp_group,8,90177536,backward.allgather_fn,None,None,,15.09171199798584,5.56,4.87,1
CommType.all_gather,CommGroup.dp_group,8,90177536,backward.allgather_fn,None,None,,15.08249568939209,5.57,4.87,1
CommType.all_gather,CommGroup.dp_group,8,33554432,backward.allgather_fn,None,None,,5.471231937408447,5.71,5.0,1
CommType.all_gather,CommGroup.dp_group,8,33554432,backward.allgather_fn,None,None,,5.593088150024414,5.59,4.89,1
CommType.all_gather,CommGroup.dp_group,8,33554432,backward.allgather_fn,None,None,,5.557248115539551,5.62,4.92,1
CommType.all_gather,CommGroup.dp_group,8,33554432,backward.allgather_fn,None,None,,5.573631763458252,5.61,4.91,1
CommType.all_gather,CommGroup.dp_group,8,90177536,backward.allgather_fn,None,None,,15.122271537780762,5.55,4.86,1
CommType.all_gather,CommGroup.dp_group,8,90177536,backward.allgather_fn,None,None,,15.10912036895752,5.56,4.86,1
CommType.all_gather,CommGroup.dp_group,8,90177536,backward.allgather_fn,None,None,,15.087615966796875,5.57,4.87,1
CommType.all_gather,CommGroup.dp_group,8,33554432,backward.allgather_fn,None,None,,5.44982385635376,5.73,5.02,1
CommType.reduce_scatter,CommGroup.dp_group,8,971014144,backward.reduce_scatter_fn,None,None,,160.2713623046875,5.64,4.94,1
CommType.all_gather,CommGroup.dp_group,8,33554432,backward.allgather_fn,None,None,,5.476352214813232,5.71,4.99,1
CommType.all_gather,CommGroup.dp_group,8,33554432,backward.allgather_fn,None,None,,5.600255966186523,5.58,4.88,1
CommType.all_gather,CommGroup.dp_group,8,33554432,backward.allgather_fn,None,None,,5.576704025268555,5.6,4.9,1
CommType.all_gather,CommGroup.dp_group,8,90177536,backward.allgather_fn,None,None,,15.134719848632812,5.55,4.86,1
CommType.all_gather,CommGroup.dp_group,8,90177536,backward.allgather_fn,None,None,,15.095808029174805,5.56,4.87,1
CommType.all_gather,CommGroup.dp_group,8,90177536,backward.allgather_fn,None,None,,15.068160057067871,5.57,4.88,1
CommType.all_gather,CommGroup.dp_group,8,33554432,backward.allgather_fn,None,None,,5.499904155731201,5.68,4.97,1
CommType.all_gather,CommGroup.dp_group,8,33554432,backward.allgather_fn,None,None,,5.603328227996826,5.58,4.88,1
CommType.all_gather,CommGroup.dp_group,8,33554432,backward.allgather_fn,None,None,,5.5511040687561035,5.63,4.93,1
CommType.all_gather,CommGroup.dp_group,8,33554432,backward.allgather_fn,None,None,,5.553152084350586,5.63,4.92,1
CommType.all_gather,CommGroup.dp_group,8,90177536,backward.allgather_fn,None,None,,15.157247543334961,5.54,4.85,1
CommType.all_gather,CommGroup.dp_group,8,90177536,backward.allgather_fn,None,None,,15.260671615600586,5.5,4.82,1
CommType.all_gather,CommGroup.dp_group,8,90177536,backward.allgather_fn,None,None,,15.107071876525879,5.56,4.86,1
CommType.all_gather,CommGroup.dp_group,8,33554432,backward.allgather_fn,None,None,,5.5070719718933105,5.67,4.97,1
CommType.all_gather,CommGroup.dp_group,8,33554432,backward.allgather_fn,None,None,,5.6011199951171875,5.58,4.88,1
CommType.all_gather,CommGroup.dp_group,8,33554432,backward.allgather_fn,None,None,,5.545983791351318,5.63,4.93,1
CommType.all_gather,CommGroup.dp_group,8,33554432,backward.allgather_fn,None,None,,5.576704025268555,5.6,4.9,1
CommType.reduce_scatter,CommGroup.dp_group,8,910204928,backward.reduce_scatter_fn,None,None,,150.69708251953125,5.63,4.92,1
CommType.all_gather,CommGroup.dp_group,8,90177536,backward.allgather_fn,None,None,,15.025152206420898,5.59,4.89,1
CommType.all_gather,CommGroup.dp_group,8,90177536,backward.allgather_fn,None,None,,15.225791931152344,5.52,4.83,1
CommType.all_gather,CommGroup.dp_group,8,90177536,backward.allgather_fn,None,None,,15.126527786254883,5.55,4.86,1
CommType.all_gather,CommGroup.dp_group,8,33554432,backward.allgather_fn,None,None,,5.42633581161499,5.76,5.04,1
CommType.all_gather,CommGroup.dp_group,8,33554432,backward.allgather_fn,None,None,,5.648287773132324,5.53,4.84,1
CommType.all_gather,CommGroup.dp_group,8,33554432,backward.allgather_fn,None,None,,5.549088001251221,5.63,4.93,1
CommType.all_gather,CommGroup.dp_group,8,33554432,backward.allgather_fn,None,None,,5.576704025268555,5.6,4.9,1
CommType.all_gather,CommGroup.dp_group,8,90177536,backward.allgather_fn,None,None,,15.166463851928711,5.54,4.85,1
CommType.all_gather,CommGroup.dp_group,8,90177536,backward.allgather_fn,None,None,,15.088640213012695,5.57,4.87,1
CommType.all_gather,CommGroup.dp_group,8,90177536,backward.allgather_fn,None,None,,15.08681583404541,5.57,4.87,1
CommType.all_gather,CommGroup.dp_group,8,33554432,backward.allgather_fn,None,None,,5.463039875030518,5.72,5.01,1
CommType.all_gather,CommGroup.dp_group,8,33554432,backward.allgather_fn,None,None,,5.582848072052002,5.6,4.9,1
CommType.all_gather,CommGroup.dp_group,8,33554432,backward.allgather_fn,None,None,,5.558271884918213,5.62,4.92,1
CommType.all_gather,CommGroup.dp_group,8,33554432,backward.allgather_fn,None,None,,5.562560081481934,5.62,4.92,1
CommType.all_gather,CommGroup.dp_group,8,90177536,backward.allgather_fn,None,None,,15.189824104309082,5.53,4.84,1
CommType.all_gather,CommGroup.dp_group,8,90177536,backward.allgather_fn,None,None,,15.043583869934082,5.58,4.88,1
CommType.reduce_scatter,CommGroup.dp_group,8,989888512,backward.reduce_scatter_fn,None,None,,163.35072326660156,5.64,4.94,1
CommType.all_gather,CommGroup.dp_group,8,90177536,backward.allgather_fn,None,None,,15.069184303283691,5.57,4.88,1
CommType.all_gather,CommGroup.dp_group,8,33554432,backward.allgather_fn,None,None,,5.441535949707031,5.74,5.03,1
CommType.all_gather,CommGroup.dp_group,8,33554432,backward.allgather_fn,None,None,,5.612544059753418,5.57,4.87,1
CommType.all_gather,CommGroup.dp_group,8,33554432,backward.allgather_fn,None,None,,5.602303981781006,5.58,4.88,1
CommType.all_gather,CommGroup.dp_group,8,33554432,backward.allgather_fn,None,None,,5.571584224700928,5.61,4.91,1
CommType.all_gather,CommGroup.dp_group,8,90177536,backward.allgather_fn,None,None,,15.123456001281738,5.55,4.86,1
CommType.all_gather,CommGroup.dp_group,8,90177536,backward.allgather_fn,None,None,,15.08351993560791,5.57,4.87,1
CommType.all_gather,CommGroup.dp_group,8,90177536,backward.allgather_fn,None,None,,15.08454418182373,5.57,4.87,1
CommType.all_gather,CommGroup.dp_group,8,33554432,backward.allgather_fn,None,None,,5.467135906219482,5.72,5.0,1
CommType.all_gather,CommGroup.dp_group,8,33554432,backward.allgather_fn,None,None,,5.617663860321045,5.56,4.87,1
CommType.all_gather,CommGroup.dp_group,8,33554432,backward.allgather_fn,None,None,,5.564703941345215,5.62,4.91,1
CommType.all_gather,CommGroup.dp_group,8,33554432,backward.allgather_fn,None,None,,5.555200099945068,5.63,4.92,1
CommType.all_gather,CommGroup.dp_group,8,90177536,backward.allgather_fn,None,None,,15.111167907714844,5.56,4.86,1
CommType.all_gather,CommGroup.dp_group,8,90177536,backward.allgather_fn,None,None,,15.071231842041016,5.57,4.88,1
CommType.all_gather,CommGroup.dp_group,8,90177536,backward.allgather_fn,None,None,,15.048768043518066,5.58,4.88,1
CommType.all_gather,CommGroup.dp_group,8,33554432,backward.allgather_fn,None,None,,5.443583965301514,5.74,5.02,1
CommType.all_gather,CommGroup.dp_group,8,33554432,backward.allgather_fn,None,None,,5.636096000671387,5.54,4.85,1
CommType.reduce_scatter,CommGroup.dp_group,8,966828032,backward.reduce_scatter_fn,None,None,,159.6927947998047,5.64,4.93,1
CommType.all_gather,CommGroup.dp_group,8,33554432,backward.allgather_fn,None,None,,5.492735862731934,5.69,4.98,1
CommType.all_gather,CommGroup.dp_group,8,33554432,backward.allgather_fn,None,None,,5.559296131134033,5.62,4.92,1
CommType.all_gather,CommGroup.dp_group,8,90177536,backward.allgather_fn,None,None,,15.18284797668457,5.53,4.84,1
CommType.all_gather,CommGroup.dp_group,8,90177536,backward.allgather_fn,None,None,,15.110143661499023,5.56,4.86,1
CommType.all_gather,CommGroup.dp_group,8,90177536,backward.allgather_fn,None,None,,15.114239692687988,5.56,4.86,1
CommType.all_gather,CommGroup.dp_group,8,33554432,backward.allgather_fn,None,None,,5.4527997970581055,5.73,5.01,1
CommType.all_gather,CommGroup.dp_group,8,33554432,backward.allgather_fn,None,None,,5.619711875915527,5.56,4.87,1
CommType.all_gather,CommGroup.dp_group,8,33554432,backward.allgather_fn,None,None,,5.538815975189209,5.64,4.94,1
CommType.all_gather,CommGroup.dp_group,8,33554432,backward.allgather_fn,None,None,,5.578752040863037,5.6,4.9,1
CommType.all_gather,CommGroup.dp_group,8,90177536,backward.allgather_fn,None,None,,15.129695892333984,5.55,4.86,1
CommType.all_gather,CommGroup.dp_group,8,90177536,backward.allgather_fn,None,None,,15.128576278686523,5.55,4.86,1
CommType.all_gather,CommGroup.dp_group,8,90177536,backward.allgather_fn,None,None,,15.11731243133545,5.56,4.86,1
CommType.all_gather,CommGroup.dp_group,8,33554432,backward.allgather_fn,None,None,,5.450751781463623,5.73,5.02,1
CommType.all_gather,CommGroup.dp_group,8,33554432,backward.allgather_fn,None,None,,5.599232196807861,5.58,4.88,1
CommType.all_gather,CommGroup.dp_group,8,33554432,backward.allgather_fn,None,None,,5.574656009674072,5.61,4.91,1
CommType.all_gather,CommGroup.dp_group,8,33554432,backward.allgather_fn,None,None,,5.56441593170166,5.62,4.91,1
CommType.all_gather,CommGroup.dp_group,8,90177536,backward.allgather_fn,None,None,,15.186112403869629,5.53,4.84,1
CommType.reduce_scatter,CommGroup.dp_group,8,966828032,backward.reduce_scatter_fn,None,None,,159.67642211914062,5.64,4.93,1
CommType.all_gather,CommGroup.dp_group,8,90177536,backward.allgather_fn,None,None,,15.285247802734375,5.49,4.81,1
CommType.all_gather,CommGroup.dp_group,8,90177536,backward.allgather_fn,None,None,,15.060992240905762,5.58,4.88,1
CommType.all_gather,CommGroup.dp_group,8,33554432,backward.allgather_fn,None,None,,5.4476799964904785,5.74,5.02,1
CommType.all_gather,CommGroup.dp_group,8,33554432,backward.allgather_fn,None,None,,5.628096103668213,5.55,4.86,1
CommType.all_gather,CommGroup.dp_group,8,33554432,backward.allgather_fn,None,None,,5.56928014755249,5.61,4.91,1
CommType.all_gather,CommGroup.dp_group,8,33554432,backward.allgather_fn,None,None,,5.545983791351318,5.63,4.93,1
CommType.all_gather,CommGroup.dp_group,8,90177536,backward.allgather_fn,None,None,,15.112095832824707,5.56,4.86,1
CommType.all_gather,CommGroup.dp_group,8,90177536,backward.allgather_fn,None,None,,15.06214427947998,5.58,4.88,1
CommType.all_gather,CommGroup.dp_group,8,90177536,backward.allgather_fn,None,None,,15.089664459228516,5.57,4.87,1
CommType.all_gather,CommGroup.dp_group,8,33554432,backward.allgather_fn,None,None,,5.442560195922852,5.74,5.02,1
CommType.all_gather,CommGroup.dp_group,8,33554432,backward.allgather_fn,None,None,,5.581823825836182,5.6,4.9,1
CommType.all_gather,CommGroup.dp_group,8,33554432,backward.allgather_fn,None,None,,5.581632137298584,5.6,4.9,1
CommType.all_gather,CommGroup.dp_group,8,33554432,backward.allgather_fn,None,None,,5.568511962890625,5.61,4.91,1
CommType.all_gather,CommGroup.dp_group,8,90177536,backward.allgather_fn,None,None,,15.176704406738281,5.53,4.84,1
CommType.all_gather,CommGroup.dp_group,8,90177536,backward.allgather_fn,None,None,,15.102975845336914,5.56,4.87,1
CommType.all_gather,CommGroup.dp_group,8,90177536,backward.allgather_fn,None,None,,15.086591720581055,5.57,4.87,1
CommType.reduce_scatter,CommGroup.dp_group,8,989896704,backward.reduce_scatter_fn,None,None,,163.3280029296875,5.64,4.94,1
CommType.all_gather,CommGroup.dp_group,8,33554432,backward.allgather_fn,None,None,,5.5595197677612305,5.62,4.92,1
CommType.all_gather,CommGroup.dp_group,8,33554432,backward.allgather_fn,None,None,,5.479423999786377,5.7,4.99,1
CommType.all_gather,CommGroup.dp_group,8,33554432,backward.allgather_fn,None,None,,5.470208168029785,5.71,5.0,1
CommType.all_gather,CommGroup.dp_group,8,33554432,backward.allgather_fn,None,None,,5.672959804534912,5.51,4.82,1
CommType.all_gather,CommGroup.dp_group,8,90177536,backward.allgather_fn,None,None,,15.150079727172852,5.54,4.85,1
CommType.all_gather,CommGroup.dp_group,8,90177536,backward.allgather_fn,None,None,,15.07532787322998,5.57,4.87,1
CommType.all_gather,CommGroup.dp_group,8,90177536,backward.allgather_fn,None,None,,15.116288185119629,5.56,4.86,1
CommType.all_gather,CommGroup.dp_group,8,33554432,backward.allgather_fn,None,None,,5.4323201179504395,5.75,5.03,1
CommType.all_gather,CommGroup.dp_group,8,33554432,backward.allgather_fn,None,None,,5.585887908935547,5.59,4.9,1
CommType.all_gather,CommGroup.dp_group,8,33554432,backward.allgather_fn,None,None,,5.561344146728516,5.62,4.92,1
CommType.all_gather,CommGroup.dp_group,8,33554432,backward.allgather_fn,None,None,,5.560319900512695,5.62,4.92,1
CommType.all_gather,CommGroup.dp_group,8,90177536,backward.allgather_fn,None,None,,15.151103973388672,5.54,4.85,1
CommType.all_gather,CommGroup.dp_group,8,90177536,backward.allgather_fn,None,None,,15.101951599121094,5.56,4.87,1
CommType.all_gather,CommGroup.dp_group,8,90177536,backward.allgather_fn,None,None,,15.087615966796875,5.57,4.87,1
CommType.all_gather,CommGroup.dp_group,8,33554432,backward.allgather_fn,None,None,,5.4476799964904785,5.74,5.02,1
CommType.all_gather,CommGroup.dp_group,8,33554432,backward.allgather_fn,None,None,,5.635072231292725,5.55,4.85,1
CommType.all_gather,CommGroup.dp_group,8,33554432,backward.allgather_fn,None,None,,5.552127838134766,5.63,4.92,1
CommType.all_gather,CommGroup.dp_group,8,33554432,backward.allgather_fn,None,None,,5.570559978485107,5.61,4.91,1
CommType.reduce_scatter,CommGroup.dp_group,8,943759360,backward.reduce_scatter_fn,None,None,,155.8804168701172,5.64,4.93,1
CommType.all_gather,CommGroup.dp_group,8,90177536,backward.allgather_fn,None,None,,15.016960144042969,5.59,4.89,1
CommType.all_gather,CommGroup.dp_group,8,90177536,backward.allgather_fn,None,None,,15.18182373046875,5.53,4.84,1
CommType.all_gather,CommGroup.dp_group,8,90177536,backward.allgather_fn,None,None,,15.09171199798584,5.56,4.87,1
CommType.all_gather,CommGroup.dp_group,8,33554432,backward.allgather_fn,None,None,,5.494783878326416,5.69,4.98,1
CommType.all_gather,CommGroup.dp_group,8,33554432,backward.allgather_fn,None,None,,5.542912006378174,5.64,4.93,1
CommType.all_gather,CommGroup.dp_group,8,33554432,backward.allgather_fn,None,None,,5.559199810028076,5.62,4.92,1
CommType.all_gather,CommGroup.dp_group,8,33554432,backward.allgather_fn,None,None,,5.571584224700928,5.61,4.91,1
CommType.all_gather,CommGroup.dp_group,8,90177536,backward.allgather_fn,None,None,,15.162367820739746,5.54,4.85,1
CommType.all_gather,CommGroup.dp_group,8,90177536,backward.allgather_fn,None,None,,15.063039779663086,5.58,4.88,1
CommType.all_gather,CommGroup.dp_group,8,90177536,backward.allgather_fn,None,None,,15.070207595825195,5.57,4.88,1
CommType.all_gather,CommGroup.dp_group,8,33554432,backward.allgather_fn,None,None,,5.489664077758789,5.69,4.98,1
CommType.all_gather,CommGroup.dp_group,8,33554432,backward.allgather_fn,None,None,,5.574592113494873,5.61,4.91,1
CommType.all_gather,CommGroup.dp_group,8,33554432,backward.allgather_fn,None,None,,5.569471836090088,5.61,4.91,1
CommType.all_gather,CommGroup.dp_group,8,33554432,backward.allgather_fn,None,None,,5.561344146728516,5.62,4.92,1
CommType.all_gather,CommGroup.dp_group,8,90177536,backward.allgather_fn,None,None,,15.116288185119629,5.56,4.86,1
CommType.all_gather,CommGroup.dp_group,8,90177536,backward.allgather_fn,None,None,,15.09990406036377,5.56,4.87,1
CommType.reduce_scatter,CommGroup.dp_group,8,989888512,backward.reduce_scatter_fn,None,None,,163.35256958007812,5.64,4.94,1
CommType.all_gather,CommGroup.dp_group,8,90177536,backward.allgather_fn,None,None,,15.132672309875488,5.55,4.86,1
CommType.all_gather,CommGroup.dp_group,8,33554432,backward.allgather_fn,None,None,,5.505023956298828,5.68,4.97,1
CommType.all_gather,CommGroup.dp_group,8,33554432,backward.allgather_fn,None,None,,5.480607986450195,5.7,4.99,1
CommType.all_gather,CommGroup.dp_group,8,33554432,backward.allgather_fn,None,None,,5.603328227996826,5.58,4.88,1
CommType.all_gather,CommGroup.dp_group,8,33554432,backward.allgather_fn,None,None,,5.567264080047607,5.61,4.91,1
CommType.all_gather,CommGroup.dp_group,8,90177536,backward.allgather_fn,None,None,,15.186944007873535,5.53,4.84,1
CommType.all_gather,CommGroup.dp_group,8,90177536,backward.allgather_fn,None,None,,15.10092830657959,5.56,4.87,1
CommType.all_gather,CommGroup.dp_group,8,90177536,backward.allgather_fn,None,None,,15.088640213012695,5.57,4.87,1
CommType.all_gather,CommGroup.dp_group,8,33554432,backward.allgather_fn,None,None,,5.42412805557251,5.76,5.04,1
CommType.all_gather,CommGroup.dp_group,8,33554432,backward.allgather_fn,None,None,,5.493663787841797,5.69,4.98,1
CommType.all_gather,CommGroup.dp_group,8,33554432,backward.allgather_fn,None,None,,5.696512222290039,5.49,4.8,1
CommType.all_gather,CommGroup.dp_group,8,33554432,backward.allgather_fn,None,None,,5.603328227996826,5.58,4.88,1
CommType.all_gather,CommGroup.dp_group,8,90177536,backward.allgather_fn,None,None,,15.203359603881836,5.52,4.83,1
CommType.all_gather,CommGroup.dp_group,8,90177536,backward.allgather_fn,None,None,,15.072256088256836,5.57,4.88,1
CommType.all_gather,CommGroup.dp_group,8,90177536,backward.allgather_fn,None,None,,15.063039779663086,5.58,4.88,1
CommType.all_gather,CommGroup.dp_group,8,33554432,backward.allgather_fn,None,None,,5.4620161056518555,5.72,5.01,1
CommType.all_gather,CommGroup.dp_group,8,33554432,backward.allgather_fn,None,None,,5.619584083557129,5.56,4.87,1
CommType.reduce_scatter,CommGroup.dp_group,8,966828032,backward.reduce_scatter_fn,None,None,,159.5852813720703,5.64,4.94,1
CommType.all_gather,CommGroup.dp_group,8,33554432,backward.allgather_fn,None,None,,5.475327968597412,5.71,4.99,1
CommType.all_gather,CommGroup.dp_group,8,33554432,backward.allgather_fn,None,None,,5.545983791351318,5.63,4.93,1
CommType.all_gather,CommGroup.dp_group,8,90177536,backward.allgather_fn,None,None,,15.171551704406738,5.54,4.84,1
CommType.all_gather,CommGroup.dp_group,8,90177536,backward.allgather_fn,None,None,,15.1080961227417,5.56,4.86,1
CommType.all_gather,CommGroup.dp_group,8,90177536,backward.allgather_fn,None,None,,15.0763521194458,5.57,4.87,1
CommType.all_gather,CommGroup.dp_group,8,33554432,backward.allgather_fn,None,None,,5.436736106872559,5.75,5.03,1
CommType.all_gather,CommGroup.dp_group,8,33554432,backward.allgather_fn,None,None,,5.616640090942383,5.56,4.87,1
CommType.all_gather,CommGroup.dp_group,8,33554432,backward.allgather_fn,None,None,,5.594111919403076,5.59,4.89,1
CommType.all_gather,CommGroup.dp_group,8,33554432,backward.allgather_fn,None,None,,5.578752040863037,5.6,4.9,1
CommType.all_gather,CommGroup.dp_group,8,90177536,backward.allgather_fn,None,None,,15.210463523864746,5.52,4.83,1
CommType.all_gather,CommGroup.dp_group,8,90177536,backward.allgather_fn,None,None,,15.069184303283691,5.57,4.88,1
CommType.all_gather,CommGroup.dp_group,8,90177536,backward.allgather_fn,None,None,,15.063039779663086,5.58,4.88,1
CommType.all_gather,CommGroup.dp_group,8,33554432,backward.allgather_fn,None,None,,5.425151824951172,5.76,5.04,1
CommType.all_gather,CommGroup.dp_group,8,33554432,backward.allgather_fn,None,None,,5.617663860321045,5.56,4.87,1
CommType.all_gather,CommGroup.dp_group,8,33554432,backward.allgather_fn,None,None,,5.578752040863037,5.6,4.9,1
CommType.all_gather,CommGroup.dp_group,8,33554432,backward.allgather_fn,None,None,,5.5654401779174805,5.62,4.91,1
CommType.all_gather,CommGroup.dp_group,8,90177536,backward.allgather_fn,None,None,,15.167488098144531,5.54,4.84,1
CommType.reduce_scatter,CommGroup.dp_group,8,966828032,backward.reduce_scatter_fn,None,None,,159.50335693359375,5.65,4.94,1
CommType.all_gather,CommGroup.dp_group,8,90177536,backward.allgather_fn,None,None,,15.096832275390625,5.56,4.87,1
CommType.all_gather,CommGroup.dp_group,8,90177536,backward.allgather_fn,None,None,,15.029248237609863,5.59,4.89,1
CommType.all_gather,CommGroup.dp_group,8,33554432,backward.allgather_fn,None,None,,5.464064121246338,5.72,5.0,1
CommType.all_gather,CommGroup.dp_group,8,33554432,backward.allgather_fn,None,None,,5.5859198570251465,5.59,4.9,1
CommType.all_gather,CommGroup.dp_group,8,33554432,backward.allgather_fn,None,None,,5.5511040687561035,5.63,4.93,1
CommType.all_gather,CommGroup.dp_group,8,33554432,backward.allgather_fn,None,None,,5.561215877532959,5.62,4.92,1
CommType.all_gather,CommGroup.dp_group,8,90177536,backward.allgather_fn,None,None,,15.140864372253418,5.55,4.85,1
CommType.all_gather,CommGroup.dp_group,8,90177536,backward.allgather_fn,None,None,,15.094783782958984,5.56,4.87,1
CommType.all_gather,CommGroup.dp_group,8,90177536,backward.allgather_fn,None,None,,15.104000091552734,5.56,4.87,1
CommType.all_gather,CommGroup.dp_group,8,33554432,backward.allgather_fn,None,None,,5.471231937408447,5.71,5.0,1
CommType.all_gather,CommGroup.dp_group,8,33554432,backward.allgather_fn,None,None,,5.613408088684082,5.57,4.87,1
CommType.all_gather,CommGroup.dp_group,8,33554432,backward.allgather_fn,None,None,,5.568511962890625,5.61,4.91,1
CommType.all_gather,CommGroup.dp_group,8,33554432,backward.allgather_fn,None,None,,5.558047771453857,5.62,4.92,1
CommType.all_gather,CommGroup.dp_group,8,90177536,backward.allgather_fn,None,None,,15.17363166809082,5.53,4.84,1
CommType.all_gather,CommGroup.dp_group,8,90177536,backward.allgather_fn,None,None,,15.113216400146484,5.56,4.86,1
CommType.all_gather,CommGroup.dp_group,8,90177536,backward.allgather_fn,None,None,,15.128576278686523,5.55,4.86,1
CommType.reduce_scatter,CommGroup.dp_group,8,989896704,backward.reduce_scatter_fn,None,None,,163.5194854736328,5.64,4.93,1
CommType.all_gather,CommGroup.dp_group,8,33554432,backward.allgather_fn,None,None,,5.539840221405029,5.64,4.94,1
CommType.all_gather,CommGroup.dp_group,8,33554432,backward.allgather_fn,None,None,,5.399424076080322,5.79,5.06,1
CommType.all_gather,CommGroup.dp_group,8,33554432,backward.allgather_fn,None,None,,5.685247898101807,5.5,4.81,1
CommType.all_gather,CommGroup.dp_group,8,33554432,backward.allgather_fn,None,None,,5.569536209106445,5.61,4.91,1
CommType.all_gather,CommGroup.dp_group,8,90177536,backward.allgather_fn,None,None,,15.150079727172852,5.54,4.85,1
CommType.all_gather,CommGroup.dp_group,8,90177536,backward.allgather_fn,None,None,,15.10092830657959,5.56,4.87,1
CommType.all_gather,CommGroup.dp_group,8,90177536,backward.allgather_fn,None,None,,15.09273624420166,5.56,4.87,1
CommType.all_gather,CommGroup.dp_group,8,33554432,backward.allgather_fn,None,None,,5.465087890625,5.72,5.0,1
CommType.all_gather,CommGroup.dp_group,8,33554432,backward.allgather_fn,None,None,,5.5654401779174805,5.62,4.91,1
CommType.all_gather,CommGroup.dp_group,8,33554432,backward.allgather_fn,None,None,,5.566463947296143,5.61,4.91,1
CommType.all_gather,CommGroup.dp_group,8,33554432,backward.allgather_fn,None,None,,5.529600143432617,5.65,4.94,1
CommType.all_gather,CommGroup.dp_group,8,262144000,backward.allgather_fn,None,None,,44.15795135498047,5.53,4.84,1
CommType.reduce_scatter,CommGroup.dp_group,8,943759360,backward.reduce_scatter_fn,None,None,,155.7749786376953,5.64,4.94,1
CommType.reduce_scatter,CommGroup.dp_group,8,989888512,backward.reduce_scatter_fn,None,None,,163.37408447265625,5.64,4.94,1
CommType.reduce_scatter,CommGroup.dp_group,8,891322368,step.reduce_scatter_fn,None,None,,147.02796936035156,5.65,4.94,1
CommType.all_reduce,CommGroup.dp_group,8,1,step.has_overflow,None,None,,0.1422400027513504,0.0,0.0,1
CommType.all_reduce,CommGroup.dp_group,8,8,step.get_grad_norm_direct,None,None,,0.11468800157308578,0.0,0.0,1
CommType.all_gather,CommGroup.dp_group,8,8192,step.allgather_fn,None,None,,0.11059200018644333,0.07,0.06,1
CommType.all_gather,CommGroup.dp_group,8,8192,step.allgather_fn,None,None,,0.10438399761915207,0.07,0.06,1
CommType.all_gather,CommGroup.dp_group,8,8192,step.allgather_fn,None,None,,0.11343999952077866,0.07,0.06,1
CommType.all_gather,CommGroup.dp_group,8,8192,step.allgather_fn,None,None,,0.10416000336408615,0.07,0.06,1
CommType.all_gather,CommGroup.dp_group,8,8192,step.allgather_fn,None,None,,0.1013759970664978,0.08,0.07,1
CommType.all_gather,CommGroup.dp_group,8,8192,step.allgather_fn,None,None,,0.10239999741315842,0.07,0.07,1
CommType.all_gather,CommGroup.dp_group,8,8192,step.allgather_fn,None,None,,0.1003199964761734,0.08,0.07,1
CommType.all_gather,CommGroup.dp_group,8,8192,step.allgather_fn,None,None,,0.11161600053310394,0.07,0.06,1
CommType.all_gather,CommGroup.dp_group,8,8192,step.allgather_fn,None,None,,0.10028800368309021,0.08,0.07,1
CommType.all_gather,CommGroup.dp_group,8,8192,step.allgather_fn,None,None,,0.10038399696350098,0.08,0.07,1
CommType.all_gather,CommGroup.dp_group,8,8192,step.allgather_fn,None,None,,0.10035199671983719,0.08,0.07,1
CommType.all_gather,CommGroup.dp_group,8,8192,step.allgather_fn,None,None,,0.10035199671983719,0.08,0.07,1
CommType.all_gather,CommGroup.dp_group,8,8192,step.allgather_fn,None,None,,0.09932799637317657,0.08,0.07,1
CommType.all_gather,CommGroup.dp_group,8,8192,step.allgather_fn,None,None,,0.1013759970664978,0.08,0.07,1
CommType.all_gather,CommGroup.dp_group,8,8192,step.allgather_fn,None,None,,0.09830400347709656,0.08,0.07,1
CommType.all_gather,CommGroup.dp_group,8,8192,step.allgather_fn,None,None,,0.0984639972448349,0.08,0.07,1
CommType.all_gather,CommGroup.dp_group,8,8192,step.allgather_fn,None,None,,0.09833600372076035,0.08,0.07,1
CommType.all_gather,CommGroup.dp_group,8,8192,step.allgather_fn,None,None,,0.10326399654150009,0.07,0.06,1
CommType.all_gather,CommGroup.dp_group,8,8192,step.allgather_fn,None,None,,0.09958399832248688,0.08,0.07,1
CommType.all_gather,CommGroup.dp_group,8,8192,step.allgather_fn,None,None,,0.10022400319576263,0.08,0.07,1
CommType.all_gather,CommGroup.dp_group,8,8192,step.allgather_fn,None,None,,0.09830400347709656,0.08,0.07,1
CommType.all_gather,CommGroup.dp_group,8,8192,step.allgather_fn,None,None,,0.09827200323343277,0.08,0.07,1
CommType.all_gather,CommGroup.dp_group,8,8192,step.allgather_fn,None,None,,0.09932799637317657,0.08,0.07,1
CommType.all_gather,CommGroup.dp_group,8,8192,step.allgather_fn,None,None,,0.11059200018644333,0.07,0.06,1
CommType.all_gather,CommGroup.dp_group,8,8192,step.allgather_fn,None,None,,0.09932799637317657,0.08,0.07,1
CommType.all_gather,CommGroup.dp_group,8,8192,step.allgather_fn,None,None,,0.10035199671983719,0.08,0.07,1
CommType.all_gather,CommGroup.dp_group,8,8192,step.allgather_fn,None,None,,0.09907200187444687,0.08,0.07,1
CommType.all_gather,CommGroup.dp_group,8,8192,step.allgather_fn,None,None,,0.0982080027461052,0.08,0.07,1
CommType.all_gather,CommGroup.dp_group,8,8192,step.allgather_fn,None,None,,0.10825599730014801,0.07,0.06,1
CommType.all_gather,CommGroup.dp_group,8,8192,step.allgather_fn,None,None,,0.10035199671983719,0.08,0.07,1
CommType.all_gather,CommGroup.dp_group,8,8192,step.allgather_fn,None,None,,0.09913600236177444,0.08,0.07,1
CommType.all_gather,CommGroup.dp_group,8,8192,step.allgather_fn,None,None,,0.10025600343942642,0.08,0.07,1
CommType.all_gather,CommGroup.dp_group,8,8192,step.allgather_fn,None,None,,0.09932799637317657,0.08,0.07,1
CommType.all_gather,CommGroup.dp_group,8,8192,step.allgather_fn,None,None,,0.09932799637317657,0.08,0.07,1
CommType.all_gather,CommGroup.dp_group,8,8192,step.allgather_fn,None,None,,0.10035199671983719,0.08,0.07,1
CommType.all_gather,CommGroup.dp_group,8,8192,step.allgather_fn,None,None,,0.09932799637317657,0.08,0.07,1
CommType.all_gather,CommGroup.dp_group,8,8192,step.allgather_fn,None,None,,0.09932799637317657,0.08,0.07,1
CommType.all_gather,CommGroup.dp_group,8,8192,step.allgather_fn,None,None,,0.10239999741315842,0.07,0.07,1
CommType.all_gather,CommGroup.dp_group,8,8192,step.allgather_fn,None,None,,0.09843199700117111,0.08,0.07,1
CommType.all_gather,CommGroup.dp_group,8,8192,step.allgather_fn,None,None,,0.11264000087976456,0.07,0.06,1
CommType.all_gather,CommGroup.dp_group,8,8192,step.allgather_fn,None,None,,0.09859199821949005,0.08,0.07,1
CommType.all_gather,CommGroup.dp_group,8,8192,step.allgather_fn,None,None,,0.09932799637317657,0.08,0.07,1
CommType.all_gather,CommGroup.dp_group,8,8192,step.allgather_fn,None,None,,0.09811200201511383,0.08,0.07,1
CommType.all_gather,CommGroup.dp_group,8,8192,step.allgather_fn,None,None,,0.09932799637317657,0.08,0.07,1
CommType.all_gather,CommGroup.dp_group,8,8192,step.allgather_fn,None,None,,0.10758399963378906,0.07,0.06,1
CommType.all_gather,CommGroup.dp_group,8,8192,step.allgather_fn,None,None,,0.0995199978351593,0.08,0.07,1
CommType.all_gather,CommGroup.dp_group,8,8192,step.allgather_fn,None,None,,0.09923200309276581,0.08,0.07,1
CommType.all_gather,CommGroup.dp_group,8,8192,step.allgather_fn,None,None,,0.09932799637317657,0.08,0.07,1
CommType.all_gather,CommGroup.dp_group,8,8192,step.allgather_fn,None,None,,0.09916800260543823,0.08,0.07,1
CommType.all_gather,CommGroup.dp_group,8,8192,step.allgather_fn,None,None,,0.09932799637317657,0.08,0.07,1
CommType.all_gather,CommGroup.dp_group,8,8192,step.allgather_fn,None,None,,0.10127999633550644,0.08,0.07,1
CommType.all_gather,CommGroup.dp_group,8,8192,step.allgather_fn,None,None,,0.09907200187444687,0.08,0.07,1
CommType.all_gather,CommGroup.dp_group,8,8192,step.allgather_fn,None,None,,0.09932799637317657,0.08,0.07,1
CommType.all_gather,CommGroup.dp_group,8,8192,step.allgather_fn,None,None,,0.10028800368309021,0.08,0.07,1
CommType.all_gather,CommGroup.dp_group,8,8192,step.allgather_fn,None,None,,0.1013759970664978,0.08,0.07,1
CommType.all_gather,CommGroup.dp_group,8,8192,step.allgather_fn,None,None,,0.10035199671983719,0.08,0.07,1
CommType.all_gather,CommGroup.dp_group,8,8192,step.allgather_fn,None,None,,0.09830400347709656,0.08,0.07,1
CommType.all_gather,CommGroup.dp_group,8,8192,step.allgather_fn,None,None,,0.09920000284910202,0.08,0.07,1
CommType.all_gather,CommGroup.dp_group,8,8192,step.allgather_fn,None,None,,0.09932799637317657,0.08,0.07,1
CommType.all_gather,CommGroup.dp_group,8,8192,step.allgather_fn,None,None,,0.09855999797582626,0.08,0.07,1
CommType.all_gather,CommGroup.dp_group,8,8192,step.allgather_fn,None,None,,0.1117440015077591,0.07,0.06,1
CommType.all_gather,CommGroup.dp_group,8,8192,step.allgather_fn,None,None,,0.09932799637317657,0.08,0.07,1
CommType.all_gather,CommGroup.dp_group,8,8192,step.allgather_fn,None,None,,0.0992640033364296,0.08,0.07,1
CommType.all_gather,CommGroup.dp_group,8,8192,step.allgather_fn,None,None,,0.09753599762916565,0.08,0.07,1
CommType.all_gather,CommGroup.dp_group,8,8192,step.allgather_fn,None,None,,0.09747199714183807,0.08,0.07,1
CommType.epoch_end,None,None,0,,None,None,,6455.071926116943,0.0,0.0,1
CommType.all_gather,CommGroup.dp_group,8,2015363072,forward.allgather_fn,None,None,,340.0970153808594,5.52,4.83,1
CommType.all_gather,CommGroup.dp_group,8,270532608,forward.allgather_fn,None,None,,45.72351837158203,5.51,4.82,1
CommType.all_gather,CommGroup.dp_group,8,33554432,forward.allgather_fn,None,None,,5.62278413772583,5.56,4.86,1
CommType.all_gather,CommGroup.dp_group,8,33554432,forward.allgather_fn,None,None,,5.550015926361084,5.63,4.93,1
CommType.all_gather,CommGroup.dp_group,8,33554432,forward.allgather_fn,None,None,,5.4824957847595215,5.7,4.99,1
CommType.all_gather,CommGroup.dp_group,8,33554432,forward.allgather_fn,None,None,,5.533696174621582,5.65,4.94,1
CommType.all_gather,CommGroup.dp_group,8,90177536,forward.allgather_fn,None,None,,15.328255653381348,5.48,4.79,1
CommType.all_gather,CommGroup.dp_group,8,90177536,forward.allgather_fn,None,None,,15.088640213012695,5.57,4.87,1
CommType.all_gather,CommGroup.dp_group,8,90177536,forward.allgather_fn,None,None,,15.119359970092773,5.55,4.86,1
CommType.all_gather,CommGroup.dp_group,8,33554432,forward.allgather_fn,None,None,,5.47327995300293,5.71,5.0,1
CommType.all_gather,CommGroup.dp_group,8,33554432,forward.allgather_fn,None,None,,5.560319900512695,5.62,4.92,1
CommType.all_gather,CommGroup.dp_group,8,33554432,forward.allgather_fn,None,None,,5.563392162322998,5.62,4.91,1
CommType.all_gather,CommGroup.dp_group,8,33554432,forward.allgather_fn,None,None,,5.5511040687561035,5.63,4.93,1
CommType.all_gather,CommGroup.dp_group,8,90177536,forward.allgather_fn,None,None,,15.154175758361816,5.54,4.85,1
CommType.all_gather,CommGroup.dp_group,8,90177536,forward.allgather_fn,None,None,,15.125632286071777,5.55,4.86,1
CommType.all_gather,CommGroup.dp_group,8,90177536,forward.allgather_fn,None,None,,15.110143661499023,5.56,4.86,1
CommType.all_gather,CommGroup.dp_group,8,33554432,forward.allgather_fn,None,None,,5.455872058868408,5.73,5.01,1
CommType.all_gather,CommGroup.dp_group,8,33554432,forward.allgather_fn,None,None,,5.638144016265869,5.54,4.85,1
CommType.all_gather,CommGroup.dp_group,8,33554432,forward.allgather_fn,None,None,,5.559199810028076,5.62,4.92,1
CommType.all_gather,CommGroup.dp_group,8,33554432,forward.allgather_fn,None,None,,5.543935775756836,5.64,4.93,1
CommType.all_gather,CommGroup.dp_group,8,90177536,forward.allgather_fn,None,None,,15.170559883117676,5.54,4.84,1
CommType.all_gather,CommGroup.dp_group,8,90177536,forward.allgather_fn,None,None,,15.09171199798584,5.56,4.87,1
CommType.all_gather,CommGroup.dp_group,8,90177536,forward.allgather_fn,None,None,,15.073280334472656,5.57,4.88,1
CommType.all_gather,CommGroup.dp_group,8,33554432,forward.allgather_fn,None,None,,5.4527997970581055,5.73,5.01,1
CommType.all_gather,CommGroup.dp_group,8,33554432,forward.allgather_fn,None,None,,5.5859198570251465,5.59,4.9,1
CommType.all_gather,CommGroup.dp_group,8,33554432,forward.allgather_fn,None,None,,5.569536209106445,5.61,4.91,1
CommType.all_gather,CommGroup.dp_group,8,33554432,forward.allgather_fn,None,None,,5.576704025268555,5.6,4.9,1
CommType.all_gather,CommGroup.dp_group,8,90177536,forward.allgather_fn,None,None,,15.175583839416504,5.53,4.84,1
CommType.all_gather,CommGroup.dp_group,8,90177536,forward.allgather_fn,None,None,,15.09887981414795,5.56,4.87,1
CommType.all_gather,CommGroup.dp_group,8,90177536,forward.allgather_fn,None,None,,15.116288185119629,5.56,4.86,1
CommType.all_gather,CommGroup.dp_group,8,33554432,forward.allgather_fn,None,None,,5.449728012084961,5.73,5.02,1
CommType.all_gather,CommGroup.dp_group,8,33554432,forward.allgather_fn,None,None,,5.61356782913208,5.57,4.87,1
CommType.all_gather,CommGroup.dp_group,8,33554432,forward.allgather_fn,None,None,,5.579775810241699,5.6,4.9,1
CommType.all_gather,CommGroup.dp_group,8,33554432,forward.allgather_fn,None,None,,5.586944103240967,5.59,4.89,1
CommType.all_gather,CommGroup.dp_group,8,90177536,forward.allgather_fn,None,None,,15.130623817443848,5.55,4.86,1
CommType.all_gather,CommGroup.dp_group,8,90177536,forward.allgather_fn,None,None,,15.080448150634766,5.57,4.87,1
CommType.all_gather,CommGroup.dp_group,8,90177536,forward.allgather_fn,None,None,,15.057920455932617,5.58,4.88,1
CommType.all_gather,CommGroup.dp_group,8,33554432,forward.allgather_fn,None,None,,5.484543800354004,5.7,4.99,1
CommType.all_gather,CommGroup.dp_group,8,33554432,forward.allgather_fn,None,None,,5.61356782913208,5.57,4.87,1
CommType.all_gather,CommGroup.dp_group,8,33554432,forward.allgather_fn,None,None,,5.575679779052734,5.6,4.9,1
CommType.all_gather,CommGroup.dp_group,8,33554432,forward.allgather_fn,None,None,,5.571360111236572,5.61,4.91,1
CommType.all_gather,CommGroup.dp_group,8,90177536,forward.allgather_fn,None,None,,15.149056434631348,5.54,4.85,1
CommType.all_gather,CommGroup.dp_group,8,90177536,forward.allgather_fn,None,None,,15.124480247497559,5.55,4.86,1
CommType.all_gather,CommGroup.dp_group,8,90177536,forward.allgather_fn,None,None,,15.131648063659668,5.55,4.86,1
CommType.all_gather,CommGroup.dp_group,8,33554432,forward.allgather_fn,None,None,,5.464191913604736,5.72,5.0,1
CommType.all_gather,CommGroup.dp_group,8,33554432,forward.allgather_fn,None,None,,5.61356782913208,5.57,4.87,1
CommType.all_gather,CommGroup.dp_group,8,33554432,forward.allgather_fn,None,None,,5.581888198852539,5.6,4.9,1
CommType.all_gather,CommGroup.dp_group,8,33554432,forward.allgather_fn,None,None,,5.5511040687561035,5.63,4.93,1
CommType.all_gather,CommGroup.dp_group,8,90177536,forward.allgather_fn,None,None,,15.183551788330078,5.53,4.84,1
CommType.all_gather,CommGroup.dp_group,8,90177536,forward.allgather_fn,None,None,,15.06713581085205,5.57,4.88,1
CommType.all_gather,CommGroup.dp_group,8,90177536,forward.allgather_fn,None,None,,15.169535636901855,5.54,4.84,1
CommType.all_gather,CommGroup.dp_group,8,33554432,forward.allgather_fn,None,None,,5.4527997970581055,5.73,5.01,1
CommType.all_gather,CommGroup.dp_group,8,33554432,forward.allgather_fn,None,None,,5.581823825836182,5.6,4.9,1
CommType.all_gather,CommGroup.dp_group,8,33554432,forward.allgather_fn,None,None,,5.5808000564575195,5.6,4.9,1
CommType.all_gather,CommGroup.dp_group,8,33554432,forward.allgather_fn,None,None,,5.549056053161621,5.63,4.93,1
CommType.all_gather,CommGroup.dp_group,8,90177536,forward.allgather_fn,None,None,,15.152095794677734,5.54,4.85,1
CommType.all_gather,CommGroup.dp_group,8,90177536,forward.allgather_fn,None,None,,15.106047630310059,5.56,4.86,1
CommType.all_gather,CommGroup.dp_group,8,90177536,forward.allgather_fn,None,None,,15.107071876525879,5.56,4.86,1
CommType.all_gather,CommGroup.dp_group,8,33554432,forward.allgather_fn,None,None,,5.4527997970581055,5.73,5.01,1
CommType.all_gather,CommGroup.dp_group,8,33554432,forward.allgather_fn,None,None,,5.620736122131348,5.56,4.86,1
CommType.all_gather,CommGroup.dp_group,8,33554432,forward.allgather_fn,None,None,,5.567488193511963,5.61,4.91,1
CommType.all_gather,CommGroup.dp_group,8,33554432,forward.allgather_fn,None,None,,5.5550079345703125,5.63,4.92,1
CommType.all_gather,CommGroup.dp_group,8,90177536,forward.allgather_fn,None,None,,15.18899154663086,5.53,4.84,1
CommType.all_gather,CommGroup.dp_group,8,90177536,forward.allgather_fn,None,None,,15.113216400146484,5.56,4.86,1
CommType.all_gather,CommGroup.dp_group,8,90177536,forward.allgather_fn,None,None,,15.050751686096191,5.58,4.88,1
CommType.all_gather,CommGroup.dp_group,8,33554432,forward.allgather_fn,None,None,,5.518335819244385,5.66,4.96,1
CommType.all_gather,CommGroup.dp_group,8,33554432,forward.allgather_fn,None,None,,5.511168003082275,5.67,4.96,1
CommType.all_gather,CommGroup.dp_group,8,33554432,forward.allgather_fn,None,None,,5.5951361656188965,5.59,4.89,1
CommType.all_gather,CommGroup.dp_group,8,33554432,forward.allgather_fn,None,None,,5.559296131134033,5.62,4.92,1
CommType.all_gather,CommGroup.dp_group,8,90177536,forward.allgather_fn,None,None,,15.130335807800293,5.55,4.86,1
CommType.all_gather,CommGroup.dp_group,8,90177536,forward.allgather_fn,None,None,,15.07532787322998,5.57,4.87,1
CommType.all_gather,CommGroup.dp_group,8,90177536,forward.allgather_fn,None,None,,15.087615966796875,5.57,4.87,1
CommType.all_gather,CommGroup.dp_group,8,33554432,forward.allgather_fn,None,None,,5.485568046569824,5.7,4.98,1
CommType.all_gather,CommGroup.dp_group,8,33554432,forward.allgather_fn,None,None,,5.608255863189697,5.57,4.88,1
CommType.all_gather,CommGroup.dp_group,8,33554432,forward.allgather_fn,None,None,,5.576863765716553,5.6,4.9,1
CommType.all_gather,CommGroup.dp_group,8,33554432,forward.allgather_fn,None,None,,5.543935775756836,5.64,4.93,1
CommType.all_gather,CommGroup.dp_group,8,90177536,forward.allgather_fn,None,None,,15.1430082321167,5.55,4.85,1
CommType.all_gather,CommGroup.dp_group,8,90177536,forward.allgather_fn,None,None,,15.07532787322998,5.57,4.87,1
CommType.all_gather,CommGroup.dp_group,8,90177536,forward.allgather_fn,None,None,,15.073280334472656,5.57,4.88,1
CommType.all_gather,CommGroup.dp_group,8,33554432,forward.allgather_fn,None,None,,5.47327995300293,5.71,5.0,1
CommType.all_gather,CommGroup.dp_group,8,33554432,forward.allgather_fn,None,None,,5.592959880828857,5.59,4.89,1
CommType.all_gather,CommGroup.dp_group,8,33554432,forward.allgather_fn,None,None,,5.565184116363525,5.62,4.91,1
CommType.all_gather,CommGroup.dp_group,8,33554432,forward.allgather_fn,None,None,,5.586944103240967,5.59,4.89,1
CommType.all_gather,CommGroup.dp_group,8,90177536,forward.allgather_fn,None,None,,15.184896469116211,5.53,4.84,1
CommType.all_gather,CommGroup.dp_group,8,90177536,forward.allgather_fn,None,None,,15.055871963500977,5.58,4.88,1
CommType.all_gather,CommGroup.dp_group,8,90177536,forward.allgather_fn,None,None,,15.063039779663086,5.58,4.88,1
CommType.all_gather,CommGroup.dp_group,8,33554432,forward.allgather_fn,None,None,,5.463039875030518,5.72,5.01,1
CommType.all_gather,CommGroup.dp_group,8,33554432,forward.allgather_fn,None,None,,5.622943878173828,5.56,4.86,1
CommType.all_gather,CommGroup.dp_group,8,33554432,forward.allgather_fn,None,None,,5.550079822540283,5.63,4.93,1
CommType.all_gather,CommGroup.dp_group,8,33554432,forward.allgather_fn,None,None,,5.547008037567139,5.63,4.93,1
CommType.all_gather,CommGroup.dp_group,8,90177536,forward.allgather_fn,None,None,,15.18284797668457,5.53,4.84,1
CommType.all_gather,CommGroup.dp_group,8,90177536,forward.allgather_fn,None,None,,15.097855567932129,5.56,4.87,1
CommType.all_gather,CommGroup.dp_group,8,90177536,forward.allgather_fn,None,None,,15.079423904418945,5.57,4.87,1
CommType.all_gather,CommGroup.dp_group,8,33554432,forward.allgather_fn,None,None,,5.499904155731201,5.68,4.97,1
CommType.all_gather,CommGroup.dp_group,8,33554432,forward.allgather_fn,None,None,,5.541888236999512,5.64,4.93,1
CommType.all_gather,CommGroup.dp_group,8,33554432,forward.allgather_fn,None,None,,5.547904014587402,5.63,4.93,1
CommType.all_gather,CommGroup.dp_group,8,33554432,forward.allgather_fn,None,None,,5.578752040863037,5.6,4.9,1
CommType.all_gather,CommGroup.dp_group,8,90177536,forward.allgather_fn,None,None,,15.211520195007324,5.52,4.83,1
CommType.all_gather,CommGroup.dp_group,8,90177536,forward.allgather_fn,None,None,,15.063039779663086,5.58,4.88,1
CommType.all_gather,CommGroup.dp_group,8,90177536,forward.allgather_fn,None,None,,15.088640213012695,5.57,4.87,1
CommType.all_gather,CommGroup.dp_group,8,33554432,forward.allgather_fn,None,None,,5.494783878326416,5.69,4.98,1
CommType.all_gather,CommGroup.dp_group,8,33554432,forward.allgather_fn,None,None,,5.679103851318359,5.5,4.81,1
CommType.all_gather,CommGroup.dp_group,8,33554432,forward.allgather_fn,None,None,,5.643263816833496,5.54,4.85,1
CommType.all_gather,CommGroup.dp_group,8,33554432,forward.allgather_fn,None,None,,5.610367774963379,5.57,4.87,1
CommType.all_gather,CommGroup.dp_group,8,90177536,forward.allgather_fn,None,None,,15.319040298461914,5.48,4.8,1
CommType.all_gather,CommGroup.dp_group,8,90177536,forward.allgather_fn,None,None,,15.205375671386719,5.52,4.83,1
CommType.all_gather,CommGroup.dp_group,8,90177536,forward.allgather_fn,None,None,,15.175680160522461,5.53,4.84,1
CommType.all_gather,CommGroup.dp_group,8,33554432,forward.allgather_fn,None,None,,5.458943843841553,5.72,5.01,1
CommType.all_gather,CommGroup.dp_group,8,33554432,forward.allgather_fn,None,None,,5.634047985076904,5.55,4.85,1
CommType.all_gather,CommGroup.dp_group,8,33554432,forward.allgather_fn,None,None,,5.570559978485107,5.61,4.91,1
CommType.all_gather,CommGroup.dp_group,8,33554432,forward.allgather_fn,None,None,,5.554080009460449,5.63,4.92,1
CommType.all_gather,CommGroup.dp_group,8,90177536,forward.allgather_fn,None,None,,15.107071876525879,5.56,4.86,1
CommType.all_gather,CommGroup.dp_group,8,90177536,forward.allgather_fn,None,None,,15.116288185119629,5.56,4.86,1
CommType.all_gather,CommGroup.dp_group,8,90177536,forward.allgather_fn,None,None,,15.09990406036377,5.56,4.87,1
CommType.all_gather,CommGroup.dp_group,8,33554432,forward.allgather_fn,None,None,,5.455872058868408,5.73,5.01,1
CommType.all_gather,CommGroup.dp_group,8,33554432,forward.allgather_fn,None,None,,5.608448028564453,5.57,4.88,1
CommType.all_gather,CommGroup.dp_group,8,33554432,forward.allgather_fn,None,None,,5.558271884918213,5.62,4.92,1
CommType.all_gather,CommGroup.dp_group,8,33554432,forward.allgather_fn,None,None,,5.559296131134033,5.62,4.92,1
CommType.all_gather,CommGroup.dp_group,8,90177536,forward.allgather_fn,None,None,,15.154335975646973,5.54,4.85,1
CommType.all_gather,CommGroup.dp_group,8,90177536,forward.allgather_fn,None,None,,15.078399658203125,5.57,4.87,1
CommType.all_gather,CommGroup.dp_group,8,90177536,forward.allgather_fn,None,None,,15.11731243133545,5.56,4.86,1
CommType.all_gather,CommGroup.dp_group,8,33554432,forward.allgather_fn,None,None,,5.45689582824707,5.73,5.01,1
CommType.all_gather,CommGroup.dp_group,8,33554432,forward.allgather_fn,None,None,,5.573631763458252,5.61,4.91,1
CommType.all_gather,CommGroup.dp_group,8,33554432,forward.allgather_fn,None,None,,5.560319900512695,5.62,4.92,1
CommType.all_gather,CommGroup.dp_group,8,33554432,forward.allgather_fn,None,None,,5.542848110198975,5.64,4.93,1
CommType.all_gather,CommGroup.dp_group,8,90177536,forward.allgather_fn,None,None,,15.157119750976562,5.54,4.85,1
CommType.all_gather,CommGroup.dp_group,8,90177536,forward.allgather_fn,None,None,,15.122431755065918,5.55,4.86,1
CommType.all_gather,CommGroup.dp_group,8,90177536,forward.allgather_fn,None,None,,15.089664459228516,5.57,4.87,1
CommType.all_gather,CommGroup.dp_group,8,33554432,forward.allgather_fn,None,None,,5.448703765869141,5.74,5.02,1
CommType.all_gather,CommGroup.dp_group,8,33554432,forward.allgather_fn,None,None,,5.592031955718994,5.59,4.89,1
CommType.all_gather,CommGroup.dp_group,8,33554432,forward.allgather_fn,None,None,,5.568480014801025,5.61,4.91,1
CommType.all_gather,CommGroup.dp_group,8,33554432,forward.allgather_fn,None,None,,5.543935775756836,5.64,4.93,1
CommType.all_gather,CommGroup.dp_group,8,90177536,forward.allgather_fn,None,None,,15.144831657409668,5.55,4.85,1
CommType.all_gather,CommGroup.dp_group,8,90177536,forward.allgather_fn,None,None,,15.127552032470703,5.55,4.86,1
CommType.all_gather,CommGroup.dp_group,8,90177536,forward.allgather_fn,None,None,,15.110143661499023,5.56,4.86,1
CommType.all_gather,CommGroup.dp_group,8,33554432,forward.allgather_fn,None,None,,5.5070719718933105,5.67,4.97,1
CommType.all_gather,CommGroup.dp_group,8,33554432,forward.allgather_fn,None,None,,5.545983791351318,5.63,4.93,1
CommType.all_gather,CommGroup.dp_group,8,33554432,forward.allgather_fn,None,None,,5.588992118835449,5.59,4.89,1
CommType.all_gather,CommGroup.dp_group,8,33554432,forward.allgather_fn,None,None,,5.579775810241699,5.6,4.9,1
CommType.all_gather,CommGroup.dp_group,8,90177536,forward.allgather_fn,None,None,,15.175680160522461,5.53,4.84,1
CommType.all_gather,CommGroup.dp_group,8,90177536,forward.allgather_fn,None,None,,15.081472396850586,5.57,4.87,1
CommType.all_gather,CommGroup.dp_group,8,90177536,forward.allgather_fn,None,None,,15.08556842803955,5.57,4.87,1
CommType.all_gather,CommGroup.dp_group,8,33554432,forward.allgather_fn,None,None,,5.439487934112549,5.75,5.03,1
CommType.all_gather,CommGroup.dp_group,8,33554432,forward.allgather_fn,None,None,,5.661695957183838,5.52,4.83,1
CommType.all_gather,CommGroup.dp_group,8,33554432,forward.allgather_fn,None,None,,5.541888236999512,5.64,4.93,1
CommType.all_gather,CommGroup.dp_group,8,33554432,forward.allgather_fn,None,None,,5.574912071228027,5.61,4.9,1
CommType.all_gather,CommGroup.dp_group,8,90177536,forward.allgather_fn,None,None,,15.145983695983887,5.54,4.85,1
CommType.all_gather,CommGroup.dp_group,8,90177536,forward.allgather_fn,None,None,,15.10092830657959,5.56,4.87,1
CommType.all_gather,CommGroup.dp_group,8,90177536,forward.allgather_fn,None,None,,15.134719848632812,5.55,4.86,1
CommType.all_gather,CommGroup.dp_group,8,33554432,forward.allgather_fn,None,None,,5.495808124542236,5.69,4.98,1
CommType.all_gather,CommGroup.dp_group,8,33554432,forward.allgather_fn,None,None,,5.559040069580078,5.62,4.92,1
CommType.all_gather,CommGroup.dp_group,8,33554432,forward.allgather_fn,None,None,,5.57260799407959,5.61,4.91,1
CommType.all_gather,CommGroup.dp_group,8,33554432,forward.allgather_fn,None,None,,5.443583965301514,5.74,5.02,1
CommType.all_gather,CommGroup.dp_group,8,90177536,forward.allgather_fn,None,None,,15.063039779663086,5.58,4.88,1
CommType.all_gather,CommGroup.dp_group,8,90177536,forward.allgather_fn,None,None,,15.115263938903809,5.56,4.86,1
CommType.all_gather,CommGroup.dp_group,8,90177536,forward.allgather_fn,None,None,,15.123456001281738,5.55,4.86,1
CommType.all_gather,CommGroup.dp_group,8,33554432,forward.allgather_fn,None,None,,5.4323201179504395,5.75,5.03,1
CommType.all_gather,CommGroup.dp_group,8,33554432,forward.allgather_fn,None,None,,5.641215801239014,5.54,4.85,1
CommType.all_gather,CommGroup.dp_group,8,33554432,forward.allgather_fn,None,None,,5.561344146728516,5.62,4.92,1
CommType.all_gather,CommGroup.dp_group,8,33554432,forward.allgather_fn,None,None,,5.578752040863037,5.6,4.9,1
CommType.all_gather,CommGroup.dp_group,8,90177536,forward.allgather_fn,None,None,,15.147007942199707,5.54,4.85,1
CommType.all_gather,CommGroup.dp_group,8,90177536,forward.allgather_fn,None,None,,15.047679901123047,5.58,4.88,1
CommType.all_gather,CommGroup.dp_group,8,90177536,forward.allgather_fn,None,None,,15.0763521194458,5.57,4.87,1
CommType.all_gather,CommGroup.dp_group,8,33554432,forward.allgather_fn,None,None,,5.438464164733887,5.75,5.03,1
CommType.all_gather,CommGroup.dp_group,8,33554432,forward.allgather_fn,None,None,,5.655424118041992,5.53,4.83,1
CommType.all_gather,CommGroup.dp_group,8,33554432,forward.allgather_fn,None,None,,5.538815975189209,5.64,4.94,1
CommType.all_gather,CommGroup.dp_group,8,33554432,forward.allgather_fn,None,None,,5.566463947296143,5.61,4.91,1
CommType.all_gather,CommGroup.dp_group,8,90177536,forward.allgather_fn,None,None,,15.171584129333496,5.54,4.84,1
CommType.all_gather,CommGroup.dp_group,8,90177536,forward.allgather_fn,None,None,,15.055871963500977,5.58,4.88,1
CommType.all_gather,CommGroup.dp_group,8,90177536,forward.allgather_fn,None,None,,15.08249568939209,5.57,4.87,1
CommType.all_gather,CommGroup.dp_group,8,33554432,forward.allgather_fn,None,None,,5.47654390335083,5.71,4.99,1
CommType.all_gather,CommGroup.dp_group,8,33554432,forward.allgather_fn,None,None,,5.543935775756836,5.64,4.93,1
CommType.all_gather,CommGroup.dp_group,8,33554432,forward.allgather_fn,None,None,,5.573631763458252,5.61,4.91,1
CommType.all_gather,CommGroup.dp_group,8,33554432,forward.allgather_fn,None,None,,5.560319900512695,5.62,4.92,1
CommType.all_gather,CommGroup.dp_group,8,90177536,forward.allgather_fn,None,None,,15.143936157226562,5.55,4.85,1
CommType.all_gather,CommGroup.dp_group,8,90177536,forward.allgather_fn,None,None,,15.104191780090332,5.56,4.87,1
CommType.all_gather,CommGroup.dp_group,8,90177536,forward.allgather_fn,None,None,,15.104000091552734,5.56,4.87,1
CommType.all_gather,CommGroup.dp_group,8,33554432,forward.allgather_fn,None,None,,5.425151824951172,5.76,5.04,1
CommType.all_gather,CommGroup.dp_group,8,33554432,forward.allgather_fn,None,None,,5.641215801239014,5.54,4.85,1
CommType.all_gather,CommGroup.dp_group,8,33554432,forward.allgather_fn,None,None,,5.532671928405762,5.65,4.94,1
CommType.all_gather,CommGroup.dp_group,8,33554432,forward.allgather_fn,None,None,,5.566463947296143,5.61,4.91,1
CommType.all_gather,CommGroup.dp_group,8,90177536,forward.allgather_fn,None,None,,15.18899154663086,5.53,4.84,1
CommType.all_gather,CommGroup.dp_group,8,90177536,forward.allgather_fn,None,None,,15.09273624420166,5.56,4.87,1
CommType.all_gather,CommGroup.dp_group,8,90177536,forward.allgather_fn,None,None,,15.062015533447266,5.58,4.88,1
CommType.all_gather,CommGroup.dp_group,8,33554432,forward.allgather_fn,None,None,,5.453824043273926,5.73,5.01,1
CommType.all_gather,CommGroup.dp_group,8,33554432,forward.allgather_fn,None,None,,5.629983901977539,5.55,4.86,1
CommType.all_gather,CommGroup.dp_group,8,33554432,forward.allgather_fn,None,None,,5.568511962890625,5.61,4.91,1
CommType.all_gather,CommGroup.dp_group,8,33554432,forward.allgather_fn,None,None,,5.544960021972656,5.64,4.93,1
CommType.all_gather,CommGroup.dp_group,8,90177536,forward.allgather_fn,None,None,,15.167488098144531,5.54,4.84,1
CommType.all_gather,CommGroup.dp_group,8,90177536,forward.allgather_fn,None,None,,15.07532787322998,5.57,4.87,1
CommType.all_gather,CommGroup.dp_group,8,90177536,forward.allgather_fn,None,None,,15.129599571228027,5.55,4.86,1
CommType.all_gather,CommGroup.dp_group,8,262144000,forward.allgather_fn,None,None,,44.12416076660156,5.53,4.84,1
CommType.all_gather,CommGroup.dp_group,8,90177536,forward.allgather_fn,None,None,,15.128576278686523,5.55,4.86,1
CommType.all_gather,CommGroup.dp_group,8,224395264,backward.allgather_fn,None,None,,37.766143798828125,5.53,4.84,1
CommType.all_gather,CommGroup.dp_group,8,90177536,backward.allgather_fn,None,None,,15.072256088256836,5.57,4.88,1
CommType.all_gather,CommGroup.dp_group,8,90177536,backward.allgather_fn,None,None,,15.07532787322998,5.57,4.87,1
CommType.all_gather,CommGroup.dp_group,8,90177536,backward.allgather_fn,None,None,,15.09171199798584,5.56,4.87,1
CommType.all_gather,CommGroup.dp_group,8,33554432,backward.allgather_fn,None,None,,5.4527997970581055,5.73,5.01,1
CommType.all_gather,CommGroup.dp_group,8,33554432,backward.allgather_fn,None,None,,5.637119770050049,5.54,4.85,1
CommType.all_gather,CommGroup.dp_group,8,33554432,backward.allgather_fn,None,None,,5.5511040687561035,5.63,4.93,1
CommType.all_gather,CommGroup.dp_group,8,33554432,backward.allgather_fn,None,None,,5.56441593170166,5.62,4.91,1
CommType.all_gather,CommGroup.dp_group,8,90177536,backward.allgather_fn,None,None,,15.20025634765625,5.53,4.83,1
CommType.all_gather,CommGroup.dp_group,8,90177536,backward.allgather_fn,None,None,,15.112383842468262,5.56,4.86,1
CommType.all_gather,CommGroup.dp_group,8,90177536,backward.allgather_fn,None,None,,15.088640213012695,5.57,4.87,1
CommType.all_gather,CommGroup.dp_group,8,33554432,backward.allgather_fn,None,None,,5.469183921813965,5.71,5.0,1
CommType.reduce_scatter,CommGroup.dp_group,8,971014144,backward.reduce_scatter_fn,None,None,,160.17510986328125,5.65,4.94,1
CommType.all_gather,CommGroup.dp_group,8,33554432,backward.allgather_fn,None,None,,5.4620161056518555,5.72,5.01,1
CommType.all_gather,CommGroup.dp_group,8,33554432,backward.allgather_fn,None,None,,5.557248115539551,5.62,4.92,1
CommType.all_gather,CommGroup.dp_group,8,33554432,backward.allgather_fn,None,None,,5.597087860107422,5.58,4.89,1
CommType.all_gather,CommGroup.dp_group,8,90177536,backward.allgather_fn,None,None,,15.115263938903809,5.56,4.86,1
CommType.all_gather,CommGroup.dp_group,8,90177536,backward.allgather_fn,None,None,,15.111167907714844,5.56,4.86,1
CommType.all_gather,CommGroup.dp_group,8,90177536,backward.allgather_fn,None,None,,15.053824424743652,5.58,4.88,1
CommType.all_gather,CommGroup.dp_group,8,33554432,backward.allgather_fn,None,None,,5.434368133544922,5.75,5.03,1
CommType.all_gather,CommGroup.dp_group,8,33554432,backward.allgather_fn,None,None,,5.5808000564575195,5.6,4.9,1
CommType.all_gather,CommGroup.dp_group,8,33554432,backward.allgather_fn,None,None,,5.56441593170166,5.62,4.91,1
CommType.all_gather,CommGroup.dp_group,8,33554432,backward.allgather_fn,None,None,,5.56441593170166,5.62,4.91,1
CommType.all_gather,CommGroup.dp_group,8,90177536,backward.allgather_fn,None,None,,15.149056434631348,5.54,4.85,1
CommType.all_gather,CommGroup.dp_group,8,90177536,backward.allgather_fn,None,None,,15.09990406036377,5.56,4.87,1
CommType.all_gather,CommGroup.dp_group,8,90177536,backward.allgather_fn,None,None,,15.058943748474121,5.58,4.88,1
CommType.all_gather,CommGroup.dp_group,8,33554432,backward.allgather_fn,None,None,,5.501952171325684,5.68,4.97,1
CommType.all_gather,CommGroup.dp_group,8,33554432,backward.allgather_fn,None,None,,5.571743965148926,5.61,4.91,1
CommType.all_gather,CommGroup.dp_group,8,33554432,backward.allgather_fn,None,None,,5.592864036560059,5.59,4.89,1
CommType.all_gather,CommGroup.dp_group,8,33554432,backward.allgather_fn,None,None,,5.518335819244385,5.66,4.96,1
CommType.reduce_scatter,CommGroup.dp_group,8,910204928,backward.reduce_scatter_fn,None,None,,150.22181701660156,5.64,4.94,1
CommType.all_gather,CommGroup.dp_group,8,90177536,backward.allgather_fn,None,None,,14.970879554748535,5.61,4.91,1
CommType.all_gather,CommGroup.dp_group,8,90177536,backward.allgather_fn,None,None,,15.188863754272461,5.53,4.84,1
CommType.all_gather,CommGroup.dp_group,8,90177536,backward.allgather_fn,None,None,,15.104000091552734,5.56,4.87,1
CommType.all_gather,CommGroup.dp_group,8,33554432,backward.allgather_fn,None,None,,5.46611213684082,5.72,5.0,1
CommType.all_gather,CommGroup.dp_group,8,33554432,backward.allgather_fn,None,None,,5.578752040863037,5.6,4.9,1
CommType.all_gather,CommGroup.dp_group,8,33554432,backward.allgather_fn,None,None,,5.555200099945068,5.63,4.92,1
CommType.all_gather,CommGroup.dp_group,8,33554432,backward.allgather_fn,None,None,,5.562367916107178,5.62,4.92,1
CommType.all_gather,CommGroup.dp_group,8,90177536,backward.allgather_fn,None,None,,15.19923210144043,5.53,4.83,1
CommType.all_gather,CommGroup.dp_group,8,90177536,backward.allgather_fn,None,None,,15.10092830657959,5.56,4.87,1
CommType.all_gather,CommGroup.dp_group,8,90177536,backward.allgather_fn,None,None,,15.08249568939209,5.57,4.87,1
CommType.all_gather,CommGroup.dp_group,8,33554432,backward.allgather_fn,None,None,,5.471231937408447,5.71,5.0,1
CommType.all_gather,CommGroup.dp_group,8,33554432,backward.allgather_fn,None,None,,5.509119987487793,5.67,4.96,1
CommType.all_gather,CommGroup.dp_group,8,33554432,backward.allgather_fn,None,None,,5.571584224700928,5.61,4.91,1
CommType.all_gather,CommGroup.dp_group,8,33554432,backward.allgather_fn,None,None,,5.561344146728516,5.62,4.92,1
CommType.all_gather,CommGroup.dp_group,8,90177536,backward.allgather_fn,None,None,,15.190912246704102,5.53,4.84,1
CommType.all_gather,CommGroup.dp_group,8,90177536,backward.allgather_fn,None,None,,15.110143661499023,5.56,4.86,1
CommType.reduce_scatter,CommGroup.dp_group,8,989888512,backward.reduce_scatter_fn,None,None,,163.26246643066406,5.65,4.94,1
CommType.all_gather,CommGroup.dp_group,8,90177536,backward.allgather_fn,None,None,,15.157247543334961,5.54,4.85,1
CommType.all_gather,CommGroup.dp_group,8,33554432,backward.allgather_fn,None,None,,5.476352214813232,5.71,4.99,1
CommType.all_gather,CommGroup.dp_group,8,33554432,backward.allgather_fn,None,None,,5.5121917724609375,5.67,4.96,1
CommType.all_gather,CommGroup.dp_group,8,33554432,backward.allgather_fn,None,None,,5.540863990783691,5.64,4.93,1
CommType.all_gather,CommGroup.dp_group,8,33554432,backward.allgather_fn,None,None,,5.581823825836182,5.6,4.9,1
CommType.all_gather,CommGroup.dp_group,8,90177536,backward.allgather_fn,None,None,,15.178751945495605,5.53,4.84,1
CommType.all_gather,CommGroup.dp_group,8,90177536,backward.allgather_fn,None,None,,15.107071876525879,5.56,4.86,1
CommType.all_gather,CommGroup.dp_group,8,90177536,backward.allgather_fn,None,None,,15.081472396850586,5.57,4.87,1
CommType.all_gather,CommGroup.dp_group,8,33554432,backward.allgather_fn,None,None,,5.4824957847595215,5.7,4.99,1
CommType.all_gather,CommGroup.dp_group,8,33554432,backward.allgather_fn,None,None,,5.538815975189209,5.64,4.94,1
CommType.all_gather,CommGroup.dp_group,8,33554432,backward.allgather_fn,None,None,,5.562367916107178,5.62,4.92,1
CommType.all_gather,CommGroup.dp_group,8,33554432,backward.allgather_fn,None,None,,5.578656196594238,5.6,4.9,1
CommType.all_gather,CommGroup.dp_group,8,90177536,backward.allgather_fn,None,None,,15.138815879821777,5.55,4.85,1
CommType.all_gather,CommGroup.dp_group,8,90177536,backward.allgather_fn,None,None,,15.071231842041016,5.57,4.88,1
CommType.all_gather,CommGroup.dp_group,8,90177536,backward.allgather_fn,None,None,,15.088640213012695,5.57,4.87,1
CommType.all_gather,CommGroup.dp_group,8,33554432,backward.allgather_fn,None,None,,5.484543800354004,5.7,4.99,1
CommType.all_gather,CommGroup.dp_group,8,33554432,backward.allgather_fn,None,None,,5.568511962890625,5.61,4.91,1
CommType.reduce_scatter,CommGroup.dp_group,8,966828032,backward.reduce_scatter_fn,None,None,,159.6221466064453,5.64,4.94,1
CommType.all_gather,CommGroup.dp_group,8,33554432,backward.allgather_fn,None,None,,5.475327968597412,5.71,4.99,1
CommType.all_gather,CommGroup.dp_group,8,33554432,backward.allgather_fn,None,None,,5.588992118835449,5.59,4.89,1
CommType.all_gather,CommGroup.dp_group,8,90177536,backward.allgather_fn,None,None,,15.152128219604492,5.54,4.85,1
CommType.all_gather,CommGroup.dp_group,8,90177536,backward.allgather_fn,None,None,,15.06713581085205,5.57,4.88,1
CommType.all_gather,CommGroup.dp_group,8,90177536,backward.allgather_fn,None,None,,15.078399658203125,5.57,4.87,1
CommType.all_gather,CommGroup.dp_group,8,33554432,backward.allgather_fn,None,None,,5.476352214813232,5.71,4.99,1
CommType.all_gather,CommGroup.dp_group,8,33554432,backward.allgather_fn,None,None,,5.594111919403076,5.59,4.89,1
CommType.all_gather,CommGroup.dp_group,8,33554432,backward.allgather_fn,None,None,,5.5562238693237305,5.62,4.92,1
CommType.all_gather,CommGroup.dp_group,8,33554432,backward.allgather_fn,None,None,,5.574656009674072,5.61,4.91,1
CommType.all_gather,CommGroup.dp_group,8,90177536,backward.allgather_fn,None,None,,15.166463851928711,5.54,4.85,1
CommType.all_gather,CommGroup.dp_group,8,90177536,backward.allgather_fn,None,None,,15.07532787322998,5.57,4.87,1
CommType.all_gather,CommGroup.dp_group,8,90177536,backward.allgather_fn,None,None,,15.055871963500977,5.58,4.88,1
CommType.all_gather,CommGroup.dp_group,8,33554432,backward.allgather_fn,None,None,,5.463039875030518,5.72,5.01,1
CommType.all_gather,CommGroup.dp_group,8,33554432,backward.allgather_fn,None,None,,5.624608039855957,5.56,4.86,1
CommType.all_gather,CommGroup.dp_group,8,33554432,backward.allgather_fn,None,None,,5.581823825836182,5.6,4.9,1
CommType.all_gather,CommGroup.dp_group,8,33554432,backward.allgather_fn,None,None,,5.559296131134033,5.62,4.92,1
CommType.all_gather,CommGroup.dp_group,8,90177536,backward.allgather_fn,None,None,,15.195136070251465,5.53,4.84,1
CommType.reduce_scatter,CommGroup.dp_group,8,966828032,backward.reduce_scatter_fn,None,None,,159.59654235839844,5.64,4.94,1
CommType.all_gather,CommGroup.dp_group,8,90177536,backward.allgather_fn,None,None,,15.081472396850586,5.57,4.87,1
CommType.all_gather,CommGroup.dp_group,8,90177536,backward.allgather_fn,None,None,,15.094783782958984,5.56,4.87,1
CommType.all_gather,CommGroup.dp_group,8,33554432,backward.allgather_fn,None,None,,5.445792198181152,5.74,5.02,1
CommType.all_gather,CommGroup.dp_group,8,33554432,backward.allgather_fn,None,None,,5.640255928039551,5.54,4.85,1
CommType.all_gather,CommGroup.dp_group,8,33554432,backward.allgather_fn,None,None,,5.569536209106445,5.61,4.91,1
CommType.all_gather,CommGroup.dp_group,8,33554432,backward.allgather_fn,None,None,,5.570559978485107,5.61,4.91,1
CommType.all_gather,CommGroup.dp_group,8,90177536,backward.allgather_fn,None,None,,15.148032188415527,5.54,4.85,1
CommType.all_gather,CommGroup.dp_group,8,90177536,backward.allgather_fn,None,None,,15.0763521194458,5.57,4.87,1
CommType.all_gather,CommGroup.dp_group,8,90177536,backward.allgather_fn,None,None,,15.123456001281738,5.55,4.86,1
CommType.all_gather,CommGroup.dp_group,8,33554432,backward.allgather_fn,None,None,,5.435391902923584,5.75,5.03,1
CommType.all_gather,CommGroup.dp_group,8,33554432,backward.allgather_fn,None,None,,5.631072044372559,5.55,4.86,1
CommType.all_gather,CommGroup.dp_group,8,33554432,backward.allgather_fn,None,None,,5.569536209106445,5.61,4.91,1
CommType.all_gather,CommGroup.dp_group,8,33554432,backward.allgather_fn,None,None,,5.566463947296143,5.61,4.91,1
CommType.all_gather,CommGroup.dp_group,8,90177536,backward.allgather_fn,None,None,,15.098112106323242,5.56,4.87,1
CommType.all_gather,CommGroup.dp_group,8,90177536,backward.allgather_fn,None,None,,15.069184303283691,5.57,4.88,1
CommType.all_gather,CommGroup.dp_group,8,90177536,backward.allgather_fn,None,None,,15.054847717285156,5.58,4.88,1
CommType.reduce_scatter,CommGroup.dp_group,8,989896704,backward.reduce_scatter_fn,None,None,,163.3238983154297,5.64,4.94,1
CommType.all_gather,CommGroup.dp_group,8,33554432,backward.allgather_fn,None,None,,5.527552127838135,5.65,4.95,1
CommType.all_gather,CommGroup.dp_group,8,33554432,backward.allgather_fn,None,None,,5.409791946411133,5.78,5.05,1
CommType.all_gather,CommGroup.dp_group,8,33554432,backward.allgather_fn,None,None,,5.627903938293457,5.55,4.86,1
CommType.all_gather,CommGroup.dp_group,8,33554432,backward.allgather_fn,None,None,,5.562367916107178,5.62,4.92,1
CommType.all_gather,CommGroup.dp_group,8,90177536,backward.allgather_fn,None,None,,15.201279640197754,5.52,4.83,1
CommType.all_gather,CommGroup.dp_group,8,90177536,backward.allgather_fn,None,None,,15.096832275390625,5.56,4.87,1
CommType.all_gather,CommGroup.dp_group,8,90177536,backward.allgather_fn,None,None,,15.065088272094727,5.57,4.88,1
CommType.all_gather,CommGroup.dp_group,8,33554432,backward.allgather_fn,None,None,,5.451776027679443,5.73,5.02,1
CommType.all_gather,CommGroup.dp_group,8,33554432,backward.allgather_fn,None,None,,5.584896087646484,5.6,4.9,1
CommType.all_gather,CommGroup.dp_group,8,33554432,backward.allgather_fn,None,None,,5.5469441413879395,5.63,4.93,1
CommType.all_gather,CommGroup.dp_group,8,33554432,backward.allgather_fn,None,None,,5.556191921234131,5.62,4.92,1
CommType.all_gather,CommGroup.dp_group,8,90177536,backward.allgather_fn,None,None,,15.144960403442383,5.55,4.85,1
CommType.all_gather,CommGroup.dp_group,8,90177536,backward.allgather_fn,None,None,,15.08556842803955,5.57,4.87,1
CommType.all_gather,CommGroup.dp_group,8,90177536,backward.allgather_fn,None,None,,15.073280334472656,5.57,4.88,1
CommType.all_gather,CommGroup.dp_group,8,33554432,backward.allgather_fn,None,None,,5.453824043273926,5.73,5.01,1
CommType.all_gather,CommGroup.dp_group,8,33554432,backward.allgather_fn,None,None,,5.62278413772583,5.56,4.86,1
CommType.all_gather,CommGroup.dp_group,8,33554432,backward.allgather_fn,None,None,,5.594111919403076,5.59,4.89,1
CommType.all_gather,CommGroup.dp_group,8,33554432,backward.allgather_fn,None,None,,5.542912006378174,5.64,4.93,1
CommType.reduce_scatter,CommGroup.dp_group,8,943759360,backward.reduce_scatter_fn,None,None,,155.86508178710938,5.64,4.93,1
CommType.all_gather,CommGroup.dp_group,8,90177536,backward.allgather_fn,None,None,,15.051775932312012,5.58,4.88,1
CommType.all_gather,CommGroup.dp_group,8,90177536,backward.allgather_fn,None,None,,15.318016052246094,5.48,4.8,1
CommType.all_gather,CommGroup.dp_group,8,90177536,backward.allgather_fn,None,None,,15.107071876525879,5.56,4.86,1
CommType.all_gather,CommGroup.dp_group,8,33554432,backward.allgather_fn,None,None,,5.455872058868408,5.73,5.01,1
CommType.all_gather,CommGroup.dp_group,8,33554432,backward.allgather_fn,None,None,,5.609439849853516,5.57,4.87,1
CommType.all_gather,CommGroup.dp_group,8,33554432,backward.allgather_fn,None,None,,5.579775810241699,5.6,4.9,1
CommType.all_gather,CommGroup.dp_group,8,33554432,backward.allgather_fn,None,None,,5.547008037567139,5.63,4.93,1
CommType.all_gather,CommGroup.dp_group,8,90177536,backward.allgather_fn,None,None,,15.137791633605957,5.55,4.85,1
CommType.all_gather,CommGroup.dp_group,8,90177536,backward.allgather_fn,None,None,,15.126527786254883,5.55,4.86,1
CommType.all_gather,CommGroup.dp_group,8,90177536,backward.allgather_fn,None,None,,15.088640213012695,5.57,4.87,1
CommType.all_gather,CommGroup.dp_group,8,33554432,backward.allgather_fn,None,None,,5.442560195922852,5.74,5.02,1
CommType.all_gather,CommGroup.dp_group,8,33554432,backward.allgather_fn,None,None,,5.6339521408081055,5.55,4.85,1
CommType.all_gather,CommGroup.dp_group,8,33554432,backward.allgather_fn,None,None,,5.552127838134766,5.63,4.92,1
CommType.all_gather,CommGroup.dp_group,8,33554432,backward.allgather_fn,None,None,,5.567488193511963,5.61,4.91,1
CommType.all_gather,CommGroup.dp_group,8,90177536,backward.allgather_fn,None,None,,15.138815879821777,5.55,4.85,1
CommType.all_gather,CommGroup.dp_group,8,90177536,backward.allgather_fn,None,None,,15.077376365661621,5.57,4.87,1
CommType.reduce_scatter,CommGroup.dp_group,8,989888512,backward.reduce_scatter_fn,None,None,,163.2686004638672,5.65,4.94,1
CommType.all_gather,CommGroup.dp_group,8,90177536,backward.allgather_fn,None,None,,15.058943748474121,5.58,4.88,1
CommType.all_gather,CommGroup.dp_group,8,33554432,backward.allgather_fn,None,None,,5.442560195922852,5.74,5.02,1
CommType.all_gather,CommGroup.dp_group,8,33554432,backward.allgather_fn,None,None,,5.5951361656188965,5.59,4.89,1
CommType.all_gather,CommGroup.dp_group,8,33554432,backward.allgather_fn,None,None,,5.563392162322998,5.62,4.91,1
CommType.all_gather,CommGroup.dp_group,8,33554432,backward.allgather_fn,None,None,,5.574656009674072,5.61,4.91,1
CommType.all_gather,CommGroup.dp_group,8,90177536,backward.allgather_fn,None,None,,15.134719848632812,5.55,4.86,1
CommType.all_gather,CommGroup.dp_group,8,90177536,backward.allgather_fn,None,None,,15.070207595825195,5.57,4.88,1
CommType.all_gather,CommGroup.dp_group,8,90177536,backward.allgather_fn,None,None,,15.122431755065918,5.55,4.86,1
CommType.all_gather,CommGroup.dp_group,8,33554432,backward.allgather_fn,None,None,,5.445631980895996,5.74,5.02,1
CommType.all_gather,CommGroup.dp_group,8,33554432,backward.allgather_fn,None,None,,5.600255966186523,5.58,4.88,1
CommType.all_gather,CommGroup.dp_group,8,33554432,backward.allgather_fn,None,None,,5.584896087646484,5.6,4.9,1
CommType.all_gather,CommGroup.dp_group,8,33554432,backward.allgather_fn,None,None,,5.569536209106445,5.61,4.91,1
CommType.all_gather,CommGroup.dp_group,8,90177536,backward.allgather_fn,None,None,,15.10092830657959,5.56,4.87,1
CommType.all_gather,CommGroup.dp_group,8,90177536,backward.allgather_fn,None,None,,15.089664459228516,5.57,4.87,1
CommType.all_gather,CommGroup.dp_group,8,90177536,backward.allgather_fn,None,None,,15.087615966796875,5.57,4.87,1
CommType.all_gather,CommGroup.dp_group,8,33554432,backward.allgather_fn,None,None,,5.497856140136719,5.68,4.97,1
CommType.all_gather,CommGroup.dp_group,8,33554432,backward.allgather_fn,None,None,,5.567488193511963,5.61,4.91,1
CommType.reduce_scatter,CommGroup.dp_group,8,966828032,backward.reduce_scatter_fn,None,None,,159.61395263671875,5.64,4.94,1
CommType.all_gather,CommGroup.dp_group,8,33554432,backward.allgather_fn,None,None,,5.45689582824707,5.73,5.01,1
CommType.all_gather,CommGroup.dp_group,8,33554432,backward.allgather_fn,None,None,,5.647359848022461,5.53,4.84,1
CommType.all_gather,CommGroup.dp_group,8,90177536,backward.allgather_fn,None,None,,15.263744354248047,5.5,4.81,1
CommType.all_gather,CommGroup.dp_group,8,90177536,backward.allgather_fn,None,None,,15.196160316467285,5.53,4.84,1
CommType.all_gather,CommGroup.dp_group,8,90177536,backward.allgather_fn,None,None,,15.178751945495605,5.53,4.84,1
CommType.all_gather,CommGroup.dp_group,8,33554432,backward.allgather_fn,None,None,,5.52345609664917,5.66,4.95,1
CommType.all_gather,CommGroup.dp_group,8,33554432,backward.allgather_fn,None,None,,5.562367916107178,5.62,4.92,1
CommType.all_gather,CommGroup.dp_group,8,33554432,backward.allgather_fn,None,None,,5.6145920753479,5.57,4.87,1
CommType.all_gather,CommGroup.dp_group,8,33554432,backward.allgather_fn,None,None,,5.578495979309082,5.6,4.9,1
CommType.all_gather,CommGroup.dp_group,8,90177536,backward.allgather_fn,None,None,,15.186944007873535,5.53,4.84,1
CommType.all_gather,CommGroup.dp_group,8,90177536,backward.allgather_fn,None,None,,15.104000091552734,5.56,4.87,1
CommType.all_gather,CommGroup.dp_group,8,90177536,backward.allgather_fn,None,None,,15.211520195007324,5.52,4.83,1
CommType.all_gather,CommGroup.dp_group,8,33554432,backward.allgather_fn,None,None,,5.541888236999512,5.64,4.93,1
CommType.all_gather,CommGroup.dp_group,8,33554432,backward.allgather_fn,None,None,,5.620736122131348,5.56,4.86,1
CommType.all_gather,CommGroup.dp_group,8,33554432,backward.allgather_fn,None,None,,5.633024215698242,5.55,4.85,1
CommType.all_gather,CommGroup.dp_group,8,33554432,backward.allgather_fn,None,None,,5.616640090942383,5.56,4.87,1
CommType.all_gather,CommGroup.dp_group,8,90177536,backward.allgather_fn,None,None,,15.273823738098145,5.5,4.81,1
CommType.reduce_scatter,CommGroup.dp_group,8,966828032,backward.reduce_scatter_fn,None,None,,159.66207885742188,5.64,4.93,1
CommType.all_gather,CommGroup.dp_group,8,90177536,backward.allgather_fn,None,None,,15.097855567932129,5.56,4.87,1
CommType.all_gather,CommGroup.dp_group,8,90177536,backward.allgather_fn,None,None,,15.114239692687988,5.56,4.86,1
CommType.all_gather,CommGroup.dp_group,8,33554432,backward.allgather_fn,None,None,,5.459968090057373,5.72,5.01,1
CommType.all_gather,CommGroup.dp_group,8,33554432,backward.allgather_fn,None,None,,5.540863990783691,5.64,4.93,1
CommType.all_gather,CommGroup.dp_group,8,33554432,backward.allgather_fn,None,None,,5.603360176086426,5.58,4.88,1
CommType.all_gather,CommGroup.dp_group,8,33554432,backward.allgather_fn,None,None,,5.57260799407959,5.61,4.91,1
CommType.all_gather,CommGroup.dp_group,8,90177536,backward.allgather_fn,None,None,,15.18291187286377,5.53,4.84,1
CommType.all_gather,CommGroup.dp_group,8,90177536,backward.allgather_fn,None,None,,15.09068775177002,5.57,4.87,1
CommType.all_gather,CommGroup.dp_group,8,90177536,backward.allgather_fn,None,None,,15.07430362701416,5.57,4.87,1
CommType.all_gather,CommGroup.dp_group,8,33554432,backward.allgather_fn,None,None,,5.486591815948486,5.7,4.98,1
CommType.all_gather,CommGroup.dp_group,8,33554432,backward.allgather_fn,None,None,,5.566624164581299,5.61,4.91,1
CommType.all_gather,CommGroup.dp_group,8,33554432,backward.allgather_fn,None,None,,5.558176040649414,5.62,4.92,1
CommType.all_gather,CommGroup.dp_group,8,33554432,backward.allgather_fn,None,None,,5.588992118835449,5.59,4.89,1
CommType.all_gather,CommGroup.dp_group,8,90177536,backward.allgather_fn,None,None,,15.19923210144043,5.53,4.83,1
CommType.all_gather,CommGroup.dp_group,8,90177536,backward.allgather_fn,None,None,,15.08249568939209,5.57,4.87,1
CommType.all_gather,CommGroup.dp_group,8,90177536,backward.allgather_fn,None,None,,15.110143661499023,5.56,4.86,1
CommType.reduce_scatter,CommGroup.dp_group,8,989896704,backward.reduce_scatter_fn,None,None,,163.2788543701172,5.65,4.94,1
CommType.all_gather,CommGroup.dp_group,8,33554432,backward.allgather_fn,None,None,,5.478400230407715,5.7,4.99,1
CommType.all_gather,CommGroup.dp_group,8,33554432,backward.allgather_fn,None,None,,5.436416149139404,5.75,5.03,1
CommType.all_gather,CommGroup.dp_group,8,33554432,backward.allgather_fn,None,None,,5.643263816833496,5.54,4.85,1
CommType.all_gather,CommGroup.dp_group,8,33554432,backward.allgather_fn,None,None,,5.562367916107178,5.62,4.92,1
CommType.all_gather,CommGroup.dp_group,8,90177536,backward.allgather_fn,None,None,,15.19206428527832,5.53,4.84,1
CommType.all_gather,CommGroup.dp_group,8,90177536,backward.allgather_fn,None,None,,15.08249568939209,5.57,4.87,1
CommType.all_gather,CommGroup.dp_group,8,90177536,backward.allgather_fn,None,None,,15.069184303283691,5.57,4.88,1
CommType.all_gather,CommGroup.dp_group,8,33554432,backward.allgather_fn,None,None,,5.457119941711426,5.73,5.01,1
CommType.all_gather,CommGroup.dp_group,8,33554432,backward.allgather_fn,None,None,,5.530623912811279,5.65,4.94,1
CommType.all_gather,CommGroup.dp_group,8,33554432,backward.allgather_fn,None,None,,5.545983791351318,5.63,4.93,1
CommType.all_gather,CommGroup.dp_group,8,33554432,backward.allgather_fn,None,None,,5.586751937866211,5.59,4.89,1
CommType.all_gather,CommGroup.dp_group,8,262144000,backward.allgather_fn,None,None,,44.277854919433594,5.51,4.82,1
CommType.reduce_scatter,CommGroup.dp_group,8,943759360,backward.reduce_scatter_fn,None,None,,155.831298828125,5.64,4.94,1
CommType.reduce_scatter,CommGroup.dp_group,8,989888512,backward.reduce_scatter_fn,None,None,,163.18258666992188,5.65,4.94,1
CommType.reduce_scatter,CommGroup.dp_group,8,891322368,step.reduce_scatter_fn,None,None,,147.45703125,5.63,4.93,1
CommType.all_reduce,CommGroup.dp_group,8,1,step.has_overflow,None,None,,0.20278400182724,0.0,0.0,1
CommType.all_reduce,CommGroup.dp_group,8,8,step.get_grad_norm_direct,None,None,,0.1231359988451004,0.0,0.0,1
CommType.all_gather,CommGroup.dp_group,8,8192,step.allgather_fn,None,None,,0.11980800330638885,0.06,0.06,1
CommType.all_gather,CommGroup.dp_group,8,8192,step.allgather_fn,None,None,,0.10444799810647964,0.07,0.06,1
CommType.all_gather,CommGroup.dp_group,8,8192,step.allgather_fn,None,None,,0.10227199643850327,0.07,0.07,1
CommType.all_gather,CommGroup.dp_group,8,8192,step.allgather_fn,None,None,,0.11289600282907486,0.07,0.06,1
CommType.all_gather,CommGroup.dp_group,8,8192,step.allgather_fn,None,None,,0.10108800232410431,0.08,0.07,1
CommType.all_gather,CommGroup.dp_group,8,8192,step.allgather_fn,None,None,,0.09948799759149551,0.08,0.07,1
CommType.all_gather,CommGroup.dp_group,8,8192,step.allgather_fn,None,None,,0.10025600343942642,0.08,0.07,1
CommType.all_gather,CommGroup.dp_group,8,8192,step.allgather_fn,None,None,,0.10131199657917023,0.08,0.07,1
CommType.all_gather,CommGroup.dp_group,8,8192,step.allgather_fn,None,None,,0.0995199978351593,0.08,0.07,1
CommType.all_gather,CommGroup.dp_group,8,8192,step.allgather_fn,None,None,,0.10067199915647507,0.08,0.07,1
CommType.all_gather,CommGroup.dp_group,8,8192,step.allgather_fn,None,None,,0.09948799759149551,0.08,0.07,1
CommType.all_gather,CommGroup.dp_group,8,8192,step.allgather_fn,None,None,,0.09964799880981445,0.08,0.07,1
CommType.all_gather,CommGroup.dp_group,8,8192,step.allgather_fn,None,None,,0.09932799637317657,0.08,0.07,1
CommType.all_gather,CommGroup.dp_group,8,8192,step.allgather_fn,None,None,,0.09932799637317657,0.08,0.07,1
CommType.all_gather,CommGroup.dp_group,8,8192,step.allgather_fn,None,None,,0.1013759970664978,0.08,0.07,1
CommType.all_gather,CommGroup.dp_group,8,8192,step.allgather_fn,None,None,,0.10268799960613251,0.07,0.07,1
CommType.all_gather,CommGroup.dp_group,8,8192,step.allgather_fn,None,None,,0.09935999661684036,0.08,0.07,1
CommType.all_gather,CommGroup.dp_group,8,8192,step.allgather_fn,None,None,,0.09932799637317657,0.08,0.07,1
CommType.all_gather,CommGroup.dp_group,8,8192,step.allgather_fn,None,None,,0.10454399883747101,0.07,0.06,1
CommType.all_gather,CommGroup.dp_group,8,8192,step.allgather_fn,None,None,,0.1157120019197464,0.07,0.06,1
CommType.all_gather,CommGroup.dp_group,8,8192,step.allgather_fn,None,None,,0.09830400347709656,0.08,0.07,1
CommType.all_gather,CommGroup.dp_group,8,8192,step.allgather_fn,None,None,,0.09932799637317657,0.08,0.07,1
CommType.all_gather,CommGroup.dp_group,8,8192,step.allgather_fn,None,None,,0.09932799637317657,0.08,0.07,1
CommType.all_gather,CommGroup.dp_group,8,8192,step.allgather_fn,None,None,,0.09942399710416794,0.08,0.07,1
CommType.all_gather,CommGroup.dp_group,8,8192,step.allgather_fn,None,None,,0.11366400122642517,0.07,0.06,1
CommType.all_gather,CommGroup.dp_group,8,8192,step.allgather_fn,None,None,,0.10054399818181992,0.08,0.07,1
CommType.all_gather,CommGroup.dp_group,8,8192,step.allgather_fn,None,None,,0.1013759970664978,0.08,0.07,1
CommType.all_gather,CommGroup.dp_group,8,8192,step.allgather_fn,None,None,,0.09955199807882309,0.08,0.07,1
CommType.all_gather,CommGroup.dp_group,8,8192,step.allgather_fn,None,None,,0.1003199964761734,0.08,0.07,1
CommType.all_gather,CommGroup.dp_group,8,8192,step.allgather_fn,None,None,,0.10035199671983719,0.08,0.07,1
CommType.all_gather,CommGroup.dp_group,8,8192,step.allgather_fn,None,None,,0.10035199671983719,0.08,0.07,1
CommType.all_gather,CommGroup.dp_group,8,8192,step.allgather_fn,None,None,,0.09904000163078308,0.08,0.07,1
CommType.all_gather,CommGroup.dp_group,8,8192,step.allgather_fn,None,None,,0.09935999661684036,0.08,0.07,1
CommType.all_gather,CommGroup.dp_group,8,8192,step.allgather_fn,None,None,,0.09932799637317657,0.08,0.07,1
CommType.all_gather,CommGroup.dp_group,8,8192,step.allgather_fn,None,None,,0.1013759970664978,0.08,0.07,1
CommType.all_gather,CommGroup.dp_group,8,8192,step.allgather_fn,None,None,,0.10035199671983719,0.08,0.07,1
CommType.all_gather,CommGroup.dp_group,8,8192,step.allgather_fn,None,None,,0.09862399846315384,0.08,0.07,1
CommType.all_gather,CommGroup.dp_group,8,8192,step.allgather_fn,None,None,,0.09932799637317657,0.08,0.07,1
CommType.all_gather,CommGroup.dp_group,8,8192,step.allgather_fn,None,None,,0.10067199915647507,0.08,0.07,1
CommType.all_gather,CommGroup.dp_group,8,8192,step.allgather_fn,None,None,,0.09932799637317657,0.08,0.07,1
CommType.all_gather,CommGroup.dp_group,8,8192,step.allgather_fn,None,None,,0.11052799969911575,0.07,0.06,1
CommType.all_gather,CommGroup.dp_group,8,8192,step.allgather_fn,None,None,,0.09830400347709656,0.08,0.07,1
CommType.all_gather,CommGroup.dp_group,8,8192,step.allgather_fn,None,None,,0.0992640033364296,0.08,0.07,1
CommType.all_gather,CommGroup.dp_group,8,8192,step.allgather_fn,None,None,,0.09932799637317657,0.08,0.07,1
CommType.all_gather,CommGroup.dp_group,8,8192,step.allgather_fn,None,None,,0.09910400211811066,0.08,0.07,1
CommType.all_gather,CommGroup.dp_group,8,8192,step.allgather_fn,None,None,,0.10976000130176544,0.07,0.06,1
CommType.all_gather,CommGroup.dp_group,8,8192,step.allgather_fn,None,None,,0.09916800260543823,0.08,0.07,1
CommType.all_gather,CommGroup.dp_group,8,8192,step.allgather_fn,None,None,,0.10150399804115295,0.08,0.07,1
CommType.all_gather,CommGroup.dp_group,8,8192,step.allgather_fn,None,None,,0.09839999675750732,0.08,0.07,1
CommType.all_gather,CommGroup.dp_group,8,8192,step.allgather_fn,None,None,,0.0982080027461052,0.08,0.07,1
CommType.all_gather,CommGroup.dp_group,8,8192,step.allgather_fn,None,None,,0.09907200187444687,0.08,0.07,1
CommType.all_gather,CommGroup.dp_group,8,8192,step.allgather_fn,None,None,,0.10022400319576263,0.08,0.07,1
CommType.all_gather,CommGroup.dp_group,8,8192,step.allgather_fn,None,None,,0.10022400319576263,0.08,0.07,1
CommType.all_gather,CommGroup.dp_group,8,8192,step.allgather_fn,None,None,,0.09830400347709656,0.08,0.07,1
CommType.all_gather,CommGroup.dp_group,8,8192,step.allgather_fn,None,None,,0.0974079966545105,0.08,0.07,1
CommType.all_gather,CommGroup.dp_group,8,8192,step.allgather_fn,None,None,,0.09862399846315384,0.08,0.07,1
CommType.all_gather,CommGroup.dp_group,8,8192,step.allgather_fn,None,None,,0.11155200004577637,0.07,0.06,1
CommType.all_gather,CommGroup.dp_group,8,8192,step.allgather_fn,None,None,,0.09833600372076035,0.08,0.07,1
CommType.all_gather,CommGroup.dp_group,8,8192,step.allgather_fn,None,None,,0.09932799637317657,0.08,0.07,1
CommType.all_gather,CommGroup.dp_group,8,8192,step.allgather_fn,None,None,,0.09942399710416794,0.08,0.07,1
CommType.all_gather,CommGroup.dp_group,8,8192,step.allgather_fn,None,None,,0.13126400113105774,0.06,0.05,1
CommType.all_gather,CommGroup.dp_group,8,8192,step.allgather_fn,None,None,,0.11135999858379364,0.07,0.06,1
CommType.all_gather,CommGroup.dp_group,8,8192,step.allgather_fn,None,None,,0.10239999741315842,0.07,0.07,1
CommType.all_gather,CommGroup.dp_group,8,8192,step.allgather_fn,None,None,,0.09852799773216248,0.08,0.07,1
CommType.all_gather,CommGroup.dp_group,8,8192,step.allgather_fn,None,None,,0.09916800260543823,0.08,0.07,1
CommType.epoch_end,None,None,0,,None,None,,6456.066608428955,0.0,0.0,1
CommType.all_gather,CommGroup.dp_group,8,2015363072,forward.allgather_fn,None,None,,339.26861572265625,5.53,4.84,1
CommType.all_gather,CommGroup.dp_group,8,270532608,forward.allgather_fn,None,None,,45.66950225830078,5.52,4.83,1
CommType.all_gather,CommGroup.dp_group,8,33554432,forward.allgather_fn,None,None,,5.5265278816223145,5.65,4.95,1
CommType.all_gather,CommGroup.dp_group,8,33554432,forward.allgather_fn,None,None,,5.505983829498291,5.68,4.97,1
CommType.all_gather,CommGroup.dp_group,8,33554432,forward.allgather_fn,None,None,,5.548736095428467,5.63,4.93,1
CommType.all_gather,CommGroup.dp_group,8,33554432,forward.allgather_fn,None,None,,5.547008037567139,5.63,4.93,1
CommType.all_gather,CommGroup.dp_group,8,90177536,forward.allgather_fn,None,None,,15.158271789550781,5.54,4.85,1
CommType.all_gather,CommGroup.dp_group,8,90177536,forward.allgather_fn,None,None,,15.116288185119629,5.56,4.86,1
CommType.all_gather,CommGroup.dp_group,8,90177536,forward.allgather_fn,None,None,,15.180800437927246,5.53,4.84,1
CommType.all_gather,CommGroup.dp_group,8,33554432,forward.allgather_fn,None,None,,5.431295871734619,5.75,5.03,1
CommType.all_gather,CommGroup.dp_group,8,33554432,forward.allgather_fn,None,None,,5.623744010925293,5.56,4.86,1
CommType.all_gather,CommGroup.dp_group,8,33554432,forward.allgather_fn,None,None,,5.567552089691162,5.61,4.91,1
CommType.all_gather,CommGroup.dp_group,8,33554432,forward.allgather_fn,None,None,,5.563392162322998,5.62,4.91,1
CommType.all_gather,CommGroup.dp_group,8,90177536,forward.allgather_fn,None,None,,15.159296035766602,5.54,4.85,1
CommType.all_gather,CommGroup.dp_group,8,90177536,forward.allgather_fn,None,None,,15.119359970092773,5.55,4.86,1
CommType.all_gather,CommGroup.dp_group,8,90177536,forward.allgather_fn,None,None,,15.087615966796875,5.57,4.87,1
CommType.all_gather,CommGroup.dp_group,8,33554432,forward.allgather_fn,None,None,,5.445631980895996,5.74,5.02,1
CommType.all_gather,CommGroup.dp_group,8,33554432,forward.allgather_fn,None,None,,5.637919902801514,5.54,4.85,1
CommType.all_gather,CommGroup.dp_group,8,33554432,forward.allgather_fn,None,None,,5.606400012969971,5.57,4.88,1
CommType.all_gather,CommGroup.dp_group,8,33554432,forward.allgather_fn,None,None,,5.5654401779174805,5.62,4.91,1
CommType.all_gather,CommGroup.dp_group,8,90177536,forward.allgather_fn,None,None,,15.18387222290039,5.53,4.84,1
CommType.all_gather,CommGroup.dp_group,8,90177536,forward.allgather_fn,None,None,,15.079423904418945,5.57,4.87,1
CommType.all_gather,CommGroup.dp_group,8,90177536,forward.allgather_fn,None,None,,15.06003189086914,5.58,4.88,1
CommType.all_gather,CommGroup.dp_group,8,33554432,forward.allgather_fn,None,None,,5.444608211517334,5.74,5.02,1
CommType.all_gather,CommGroup.dp_group,8,33554432,forward.allgather_fn,None,None,,5.589056015014648,5.59,4.89,1
CommType.all_gather,CommGroup.dp_group,8,33554432,forward.allgather_fn,None,None,,5.554175853729248,5.63,4.92,1
CommType.all_gather,CommGroup.dp_group,8,33554432,forward.allgather_fn,None,None,,5.569536209106445,5.61,4.91,1
CommType.all_gather,CommGroup.dp_group,8,90177536,forward.allgather_fn,None,None,,15.150079727172852,5.54,4.85,1
CommType.all_gather,CommGroup.dp_group,8,90177536,forward.allgather_fn,None,None,,15.080448150634766,5.57,4.87,1
CommType.all_gather,CommGroup.dp_group,8,90177536,forward.allgather_fn,None,None,,15.08454418182373,5.57,4.87,1
CommType.all_gather,CommGroup.dp_group,8,33554432,forward.allgather_fn,None,None,,5.465087890625,5.72,5.0,1
CommType.all_gather,CommGroup.dp_group,8,33554432,forward.allgather_fn,None,None,,5.596127986907959,5.58,4.89,1
CommType.all_gather,CommGroup.dp_group,8,33554432,forward.allgather_fn,None,None,,5.524479866027832,5.66,4.95,1
CommType.all_gather,CommGroup.dp_group,8,33554432,forward.allgather_fn,None,None,,5.570623874664307,5.61,4.91,1
CommType.all_gather,CommGroup.dp_group,8,90177536,forward.allgather_fn,None,None,,15.163392066955566,5.54,4.85,1
CommType.all_gather,CommGroup.dp_group,8,90177536,forward.allgather_fn,None,None,,15.051775932312012,5.58,4.88,1
CommType.all_gather,CommGroup.dp_group,8,90177536,forward.allgather_fn,None,None,,15.1080961227417,5.56,4.86,1
CommType.all_gather,CommGroup.dp_group,8,33554432,forward.allgather_fn,None,None,,5.436416149139404,5.75,5.03,1
CommType.all_gather,CommGroup.dp_group,8,33554432,forward.allgather_fn,None,None,,5.595200061798096,5.59,4.89,1
CommType.all_gather,CommGroup.dp_group,8,33554432,forward.allgather_fn,None,None,,5.543935775756836,5.64,4.93,1
CommType.all_gather,CommGroup.dp_group,8,33554432,forward.allgather_fn,None,None,,5.558271884918213,5.62,4.92,1
CommType.all_gather,CommGroup.dp_group,8,90177536,forward.allgather_fn,None,None,,15.148032188415527,5.54,4.85,1
CommType.all_gather,CommGroup.dp_group,8,90177536,forward.allgather_fn,None,None,,15.071231842041016,5.57,4.88,1
CommType.all_gather,CommGroup.dp_group,8,90177536,forward.allgather_fn,None,None,,15.154175758361816,5.54,4.85,1
CommType.all_gather,CommGroup.dp_group,8,33554432,forward.allgather_fn,None,None,,5.497951984405518,5.68,4.97,1
CommType.all_gather,CommGroup.dp_group,8,33554432,forward.allgather_fn,None,None,,5.493760108947754,5.69,4.98,1
CommType.all_gather,CommGroup.dp_group,8,33554432,forward.allgather_fn,None,None,,5.559296131134033,5.62,4.92,1
CommType.all_gather,CommGroup.dp_group,8,33554432,forward.allgather_fn,None,None,,5.568511962890625,5.61,4.91,1
CommType.all_gather,CommGroup.dp_group,8,90177536,forward.allgather_fn,None,None,,15.193087577819824,5.53,4.84,1
CommType.all_gather,CommGroup.dp_group,8,90177536,forward.allgather_fn,None,None,,15.080448150634766,5.57,4.87,1
CommType.all_gather,CommGroup.dp_group,8,90177536,forward.allgather_fn,None,None,,15.093759536743164,5.56,4.87,1
CommType.all_gather,CommGroup.dp_group,8,33554432,forward.allgather_fn,None,None,,5.439487934112549,5.75,5.03,1
CommType.all_gather,CommGroup.dp_group,8,33554432,forward.allgather_fn,None,None,,5.599167823791504,5.58,4.88,1
CommType.all_gather,CommGroup.dp_group,8,33554432,forward.allgather_fn,None,None,,5.574656009674072,5.61,4.91,1
CommType.all_gather,CommGroup.dp_group,8,33554432,forward.allgather_fn,None,None,,5.543935775756836,5.64,4.93,1
CommType.all_gather,CommGroup.dp_group,8,90177536,forward.allgather_fn,None,None,,15.142687797546387,5.55,4.85,1
CommType.all_gather,CommGroup.dp_group,8,90177536,forward.allgather_fn,None,None,,15.072256088256836,5.57,4.88,1
CommType.all_gather,CommGroup.dp_group,8,90177536,forward.allgather_fn,None,None,,15.120384216308594,5.55,4.86,1
CommType.all_gather,CommGroup.dp_group,8,33554432,forward.allgather_fn,None,None,,5.440512180328369,5.74,5.03,1
CommType.all_gather,CommGroup.dp_group,8,33554432,forward.allgather_fn,None,None,,5.621791839599609,5.56,4.86,1
CommType.all_gather,CommGroup.dp_group,8,33554432,forward.allgather_fn,None,None,,5.5654401779174805,5.62,4.91,1
CommType.all_gather,CommGroup.dp_group,8,33554432,forward.allgather_fn,None,None,,5.576704025268555,5.6,4.9,1
CommType.all_gather,CommGroup.dp_group,8,90177536,forward.allgather_fn,None,None,,15.156224250793457,5.54,4.85,1
CommType.all_gather,CommGroup.dp_group,8,90177536,forward.allgather_fn,None,None,,15.08556842803955,5.57,4.87,1
CommType.all_gather,CommGroup.dp_group,8,90177536,forward.allgather_fn,None,None,,15.114239692687988,5.56,4.86,1
CommType.all_gather,CommGroup.dp_group,8,33554432,forward.allgather_fn,None,None,,5.431295871734619,5.75,5.03,1
CommType.all_gather,CommGroup.dp_group,8,33554432,forward.allgather_fn,None,None,,5.631999969482422,5.55,4.86,1
CommType.all_gather,CommGroup.dp_group,8,33554432,forward.allgather_fn,None,None,,5.571487903594971,5.61,4.91,1
CommType.all_gather,CommGroup.dp_group,8,33554432,forward.allgather_fn,None,None,,5.56441593170166,5.62,4.91,1
CommType.all_gather,CommGroup.dp_group,8,90177536,forward.allgather_fn,None,None,,15.19001579284668,5.53,4.84,1
CommType.all_gather,CommGroup.dp_group,8,90177536,forward.allgather_fn,None,None,,15.050751686096191,5.58,4.88,1
CommType.all_gather,CommGroup.dp_group,8,90177536,forward.allgather_fn,None,None,,15.087615966796875,5.57,4.87,1
CommType.all_gather,CommGroup.dp_group,8,33554432,forward.allgather_fn,None,None,,5.430272102355957,5.75,5.04,1
CommType.all_gather,CommGroup.dp_group,8,33554432,forward.allgather_fn,None,None,,5.647359848022461,5.53,4.84,1
CommType.all_gather,CommGroup.dp_group,8,33554432,forward.allgather_fn,None,None,,5.586944103240967,5.59,4.89,1
CommType.all_gather,CommGroup.dp_group,8,33554432,forward.allgather_fn,None,None,,5.56441593170166,5.62,4.91,1
CommType.all_gather,CommGroup.dp_group,8,90177536,forward.allgather_fn,None,None,,15.139840126037598,5.55,4.85,1
CommType.all_gather,CommGroup.dp_group,8,90177536,forward.allgather_fn,None,None,,15.08454418182373,5.57,4.87,1
CommType.all_gather,CommGroup.dp_group,8,90177536,forward.allgather_fn,None,None,,15.129599571228027,5.55,4.86,1
CommType.all_gather,CommGroup.dp_group,8,33554432,forward.allgather_fn,None,None,,5.494783878326416,5.69,4.98,1
CommType.all_gather,CommGroup.dp_group,8,33554432,forward.allgather_fn,None,None,,5.524479866027832,5.66,4.95,1
CommType.all_gather,CommGroup.dp_group,8,33554432,forward.allgather_fn,None,None,,5.567200183868408,5.61,4.91,1
CommType.all_gather,CommGroup.dp_group,8,33554432,forward.allgather_fn,None,None,,5.581823825836182,5.6,4.9,1
CommType.all_gather,CommGroup.dp_group,8,90177536,forward.allgather_fn,None,None,,15.130623817443848,5.55,4.86,1
CommType.all_gather,CommGroup.dp_group,8,90177536,forward.allgather_fn,None,None,,15.134719848632812,5.55,4.86,1
CommType.all_gather,CommGroup.dp_group,8,90177536,forward.allgather_fn,None,None,,15.0763521194458,5.57,4.87,1
CommType.all_gather,CommGroup.dp_group,8,33554432,forward.allgather_fn,None,None,,5.486591815948486,5.7,4.98,1
CommType.all_gather,CommGroup.dp_group,8,33554432,forward.allgather_fn,None,None,,5.571584224700928,5.61,4.91,1
CommType.all_gather,CommGroup.dp_group,8,33554432,forward.allgather_fn,None,None,,5.552127838134766,5.63,4.92,1
CommType.all_gather,CommGroup.dp_group,8,33554432,forward.allgather_fn,None,None,,5.60537576675415,5.58,4.88,1
CommType.all_gather,CommGroup.dp_group,8,90177536,forward.allgather_fn,None,None,,15.149056434631348,5.54,4.85,1
CommType.all_gather,CommGroup.dp_group,8,90177536,forward.allgather_fn,None,None,,15.114239692687988,5.56,4.86,1
CommType.all_gather,CommGroup.dp_group,8,90177536,forward.allgather_fn,None,None,,15.139840126037598,5.55,4.85,1
CommType.all_gather,CommGroup.dp_group,8,33554432,forward.allgather_fn,None,None,,5.476352214813232,5.71,4.99,1
CommType.all_gather,CommGroup.dp_group,8,33554432,forward.allgather_fn,None,None,,5.532671928405762,5.65,4.94,1
CommType.all_gather,CommGroup.dp_group,8,33554432,forward.allgather_fn,None,None,,5.552127838134766,5.63,4.92,1
CommType.all_gather,CommGroup.dp_group,8,33554432,forward.allgather_fn,None,None,,5.5654401779174805,5.62,4.91,1
CommType.all_gather,CommGroup.dp_group,8,90177536,forward.allgather_fn,None,None,,15.158271789550781,5.54,4.85,1
CommType.all_gather,CommGroup.dp_group,8,90177536,forward.allgather_fn,None,None,,15.129599571228027,5.55,4.86,1
CommType.all_gather,CommGroup.dp_group,8,90177536,forward.allgather_fn,None,None,,15.09887981414795,5.56,4.87,1
CommType.all_gather,CommGroup.dp_group,8,33554432,forward.allgather_fn,None,None,,5.464064121246338,5.72,5.0,1
CommType.all_gather,CommGroup.dp_group,8,33554432,forward.allgather_fn,None,None,,5.642240047454834,5.54,4.85,1
CommType.all_gather,CommGroup.dp_group,8,33554432,forward.allgather_fn,None,None,,5.570559978485107,5.61,4.91,1
CommType.all_gather,CommGroup.dp_group,8,33554432,forward.allgather_fn,None,None,,5.568511962890625,5.61,4.91,1
CommType.all_gather,CommGroup.dp_group,8,90177536,forward.allgather_fn,None,None,,15.140864372253418,5.55,4.85,1
CommType.all_gather,CommGroup.dp_group,8,90177536,forward.allgather_fn,None,None,,15.09171199798584,5.56,4.87,1
CommType.all_gather,CommGroup.dp_group,8,90177536,forward.allgather_fn,None,None,,15.093759536743164,5.56,4.87,1
CommType.all_gather,CommGroup.dp_group,8,33554432,forward.allgather_fn,None,None,,5.46611213684082,5.72,5.0,1
CommType.all_gather,CommGroup.dp_group,8,33554432,forward.allgather_fn,None,None,,5.60207986831665,5.58,4.88,1
CommType.all_gather,CommGroup.dp_group,8,33554432,forward.allgather_fn,None,None,,5.5511040687561035,5.63,4.93,1
CommType.all_gather,CommGroup.dp_group,8,33554432,forward.allgather_fn,None,None,,5.557248115539551,5.62,4.92,1
CommType.all_gather,CommGroup.dp_group,8,90177536,forward.allgather_fn,None,None,,15.132672309875488,5.55,4.86,1
CommType.all_gather,CommGroup.dp_group,8,90177536,forward.allgather_fn,None,None,,15.073280334472656,5.57,4.88,1
CommType.all_gather,CommGroup.dp_group,8,90177536,forward.allgather_fn,None,None,,15.09068775177002,5.57,4.87,1
CommType.all_gather,CommGroup.dp_group,8,33554432,forward.allgather_fn,None,None,,5.436416149139404,5.75,5.03,1
CommType.all_gather,CommGroup.dp_group,8,33554432,forward.allgather_fn,None,None,,5.607423782348633,5.57,4.88,1
CommType.all_gather,CommGroup.dp_group,8,33554432,forward.allgather_fn,None,None,,5.575679779052734,5.6,4.9,1
CommType.all_gather,CommGroup.dp_group,8,33554432,forward.allgather_fn,None,None,,5.549056053161621,5.63,4.93,1
CommType.all_gather,CommGroup.dp_group,8,90177536,forward.allgather_fn,None,None,,15.142911911010742,5.55,4.85,1
CommType.all_gather,CommGroup.dp_group,8,90177536,forward.allgather_fn,None,None,,15.150079727172852,5.54,4.85,1
CommType.all_gather,CommGroup.dp_group,8,90177536,forward.allgather_fn,None,None,,15.089887619018555,5.57,4.87,1
CommType.all_gather,CommGroup.dp_group,8,33554432,forward.allgather_fn,None,None,,5.435391902923584,5.75,5.03,1
CommType.all_gather,CommGroup.dp_group,8,33554432,forward.allgather_fn,None,None,,5.6156158447265625,5.56,4.87,1
CommType.all_gather,CommGroup.dp_group,8,33554432,forward.allgather_fn,None,None,,5.555200099945068,5.63,4.92,1
CommType.all_gather,CommGroup.dp_group,8,33554432,forward.allgather_fn,None,None,,5.555263996124268,5.63,4.92,1
CommType.all_gather,CommGroup.dp_group,8,90177536,forward.allgather_fn,None,None,,15.158271789550781,5.54,4.85,1
CommType.all_gather,CommGroup.dp_group,8,90177536,forward.allgather_fn,None,None,,15.101951599121094,5.56,4.87,1
CommType.all_gather,CommGroup.dp_group,8,90177536,forward.allgather_fn,None,None,,15.08454418182373,5.57,4.87,1
CommType.all_gather,CommGroup.dp_group,8,33554432,forward.allgather_fn,None,None,,5.4773759841918945,5.71,4.99,1
CommType.all_gather,CommGroup.dp_group,8,33554432,forward.allgather_fn,None,None,,5.604351997375488,5.58,4.88,1
CommType.all_gather,CommGroup.dp_group,8,33554432,forward.allgather_fn,None,None,,5.561344146728516,5.62,4.92,1
CommType.all_gather,CommGroup.dp_group,8,33554432,forward.allgather_fn,None,None,,5.588992118835449,5.59,4.89,1
CommType.all_gather,CommGroup.dp_group,8,90177536,forward.allgather_fn,None,None,,15.179776191711426,5.53,4.84,1
CommType.all_gather,CommGroup.dp_group,8,90177536,forward.allgather_fn,None,None,,15.097855567932129,5.56,4.87,1
CommType.all_gather,CommGroup.dp_group,8,90177536,forward.allgather_fn,None,None,,15.107071876525879,5.56,4.86,1
CommType.all_gather,CommGroup.dp_group,8,33554432,forward.allgather_fn,None,None,,5.484543800354004,5.7,4.99,1
CommType.all_gather,CommGroup.dp_group,8,33554432,forward.allgather_fn,None,None,,5.574656009674072,5.61,4.91,1
CommType.all_gather,CommGroup.dp_group,8,33554432,forward.allgather_fn,None,None,,5.567488193511963,5.61,4.91,1
CommType.all_gather,CommGroup.dp_group,8,33554432,forward.allgather_fn,None,None,,5.571584224700928,5.61,4.91,1
CommType.all_gather,CommGroup.dp_group,8,90177536,forward.allgather_fn,None,None,,15.128576278686523,5.55,4.86,1
CommType.all_gather,CommGroup.dp_group,8,90177536,forward.allgather_fn,None,None,,15.06611156463623,5.57,4.88,1
CommType.all_gather,CommGroup.dp_group,8,90177536,forward.allgather_fn,None,None,,15.106047630310059,5.56,4.86,1
CommType.all_gather,CommGroup.dp_group,8,33554432,forward.allgather_fn,None,None,,5.475327968597412,5.71,4.99,1
CommType.all_gather,CommGroup.dp_group,8,33554432,forward.allgather_fn,None,None,,5.601280212402344,5.58,4.88,1
CommType.all_gather,CommGroup.dp_group,8,33554432,forward.allgather_fn,None,None,,5.568511962890625,5.61,4.91,1
CommType.all_gather,CommGroup.dp_group,8,33554432,forward.allgather_fn,None,None,,5.598207950592041,5.58,4.88,1
CommType.all_gather,CommGroup.dp_group,8,90177536,forward.allgather_fn,None,None,,15.110143661499023,5.56,4.86,1
CommType.all_gather,CommGroup.dp_group,8,90177536,forward.allgather_fn,None,None,,15.059967994689941,5.58,4.88,1
CommType.all_gather,CommGroup.dp_group,8,90177536,forward.allgather_fn,None,None,,15.10092830657959,5.56,4.87,1
CommType.all_gather,CommGroup.dp_group,8,33554432,forward.allgather_fn,None,None,,5.47327995300293,5.71,5.0,1
CommType.all_gather,CommGroup.dp_group,8,33554432,forward.allgather_fn,None,None,,5.6145920753479,5.57,4.87,1
CommType.all_gather,CommGroup.dp_group,8,33554432,forward.allgather_fn,None,None,,5.5654401779174805,5.62,4.91,1
CommType.all_gather,CommGroup.dp_group,8,33554432,forward.allgather_fn,None,None,,5.593088150024414,5.59,4.89,1
CommType.all_gather,CommGroup.dp_group,8,90177536,forward.allgather_fn,None,None,,15.113216400146484,5.56,4.86,1
CommType.all_gather,CommGroup.dp_group,8,90177536,forward.allgather_fn,None,None,,15.09068775177002,5.57,4.87,1
CommType.all_gather,CommGroup.dp_group,8,90177536,forward.allgather_fn,None,None,,15.07532787322998,5.57,4.87,1
CommType.all_gather,CommGroup.dp_group,8,33554432,forward.allgather_fn,None,None,,5.47430419921875,5.71,4.99,1
CommType.all_gather,CommGroup.dp_group,8,33554432,forward.allgather_fn,None,None,,5.596159934997559,5.58,4.89,1
CommType.all_gather,CommGroup.dp_group,8,33554432,forward.allgather_fn,None,None,,5.577727794647217,5.6,4.9,1
CommType.all_gather,CommGroup.dp_group,8,33554432,forward.allgather_fn,None,None,,5.559296131134033,5.62,4.92,1
CommType.all_gather,CommGroup.dp_group,8,90177536,forward.allgather_fn,None,None,,15.150239944458008,5.54,4.85,1
CommType.all_gather,CommGroup.dp_group,8,90177536,forward.allgather_fn,None,None,,15.06611156463623,5.57,4.88,1
CommType.all_gather,CommGroup.dp_group,8,90177536,forward.allgather_fn,None,None,,15.081472396850586,5.57,4.87,1
CommType.all_gather,CommGroup.dp_group,8,33554432,forward.allgather_fn,None,None,,5.4323201179504395,5.75,5.03,1
CommType.all_gather,CommGroup.dp_group,8,33554432,forward.allgather_fn,None,None,,5.593088150024414,5.59,4.89,1
CommType.all_gather,CommGroup.dp_group,8,33554432,forward.allgather_fn,None,None,,5.576704025268555,5.6,4.9,1
CommType.all_gather,CommGroup.dp_group,8,33554432,forward.allgather_fn,None,None,,5.555200099945068,5.63,4.92,1
CommType.all_gather,CommGroup.dp_group,8,90177536,forward.allgather_fn,None,None,,15.171584129333496,5.54,4.84,1
CommType.all_gather,CommGroup.dp_group,8,90177536,forward.allgather_fn,None,None,,15.118335723876953,5.56,4.86,1
CommType.all_gather,CommGroup.dp_group,8,90177536,forward.allgather_fn,None,None,,15.08351993560791,5.57,4.87,1
CommType.all_gather,CommGroup.dp_group,8,33554432,forward.allgather_fn,None,None,,5.445631980895996,5.74,5.02,1
CommType.all_gather,CommGroup.dp_group,8,33554432,forward.allgather_fn,None,None,,5.6248321533203125,5.56,4.86,1
CommType.all_gather,CommGroup.dp_group,8,33554432,forward.allgather_fn,None,None,,5.5808000564575195,5.6,4.9,1
CommType.all_gather,CommGroup.dp_group,8,33554432,forward.allgather_fn,None,None,,5.558271884918213,5.62,4.92,1
CommType.all_gather,CommGroup.dp_group,8,90177536,forward.allgather_fn,None,None,,15.150079727172852,5.54,4.85,1
CommType.all_gather,CommGroup.dp_group,8,90177536,forward.allgather_fn,None,None,,15.063039779663086,5.58,4.88,1
CommType.all_gather,CommGroup.dp_group,8,90177536,forward.allgather_fn,None,None,,15.096832275390625,5.56,4.87,1
CommType.all_gather,CommGroup.dp_group,8,33554432,forward.allgather_fn,None,None,,5.465087890625,5.72,5.0,1
CommType.all_gather,CommGroup.dp_group,8,33554432,forward.allgather_fn,None,None,,5.583871841430664,5.6,4.9,1
CommType.all_gather,CommGroup.dp_group,8,33554432,forward.allgather_fn,None,None,,5.5511040687561035,5.63,4.93,1
CommType.all_gather,CommGroup.dp_group,8,33554432,forward.allgather_fn,None,None,,5.573631763458252,5.61,4.91,1
CommType.all_gather,CommGroup.dp_group,8,90177536,forward.allgather_fn,None,None,,15.116095542907715,5.56,4.86,1
CommType.all_gather,CommGroup.dp_group,8,90177536,forward.allgather_fn,None,None,,15.08249568939209,5.57,4.87,1
CommType.all_gather,CommGroup.dp_group,8,90177536,forward.allgather_fn,None,None,,15.08556842803955,5.57,4.87,1
CommType.all_gather,CommGroup.dp_group,8,33554432,forward.allgather_fn,None,None,,5.479455947875977,5.7,4.99,1
CommType.all_gather,CommGroup.dp_group,8,33554432,forward.allgather_fn,None,None,,5.557248115539551,5.62,4.92,1
CommType.all_gather,CommGroup.dp_group,8,33554432,forward.allgather_fn,None,None,,5.56441593170166,5.62,4.91,1
CommType.all_gather,CommGroup.dp_group,8,33554432,forward.allgather_fn,None,None,,5.589888095855713,5.59,4.89,1
CommType.all_gather,CommGroup.dp_group,8,90177536,forward.allgather_fn,None,None,,15.124480247497559,5.55,4.86,1
CommType.all_gather,CommGroup.dp_group,8,90177536,forward.allgather_fn,None,None,,15.086591720581055,5.57,4.87,1
CommType.all_gather,CommGroup.dp_group,8,90177536,forward.allgather_fn,None,None,,15.08454418182373,5.57,4.87,1
CommType.all_gather,CommGroup.dp_group,8,262144000,forward.allgather_fn,None,None,,44.11391830444336,5.53,4.84,1
CommType.all_gather,CommGroup.dp_group,8,90177536,forward.allgather_fn,None,None,,15.08351993560791,5.57,4.87,1
CommType.all_gather,CommGroup.dp_group,8,224395264,backward.allgather_fn,None,None,,37.826560974121094,5.52,4.83,1
CommType.all_gather,CommGroup.dp_group,8,90177536,backward.allgather_fn,None,None,,15.093759536743164,5.56,4.87,1
CommType.all_gather,CommGroup.dp_group,8,90177536,backward.allgather_fn,None,None,,15.080448150634766,5.57,4.87,1
CommType.all_gather,CommGroup.dp_group,8,90177536,backward.allgather_fn,None,None,,15.0763521194458,5.57,4.87,1
CommType.all_gather,CommGroup.dp_group,8,33554432,backward.allgather_fn,None,None,,5.460991859436035,5.72,5.01,1
CommType.all_gather,CommGroup.dp_group,8,33554432,backward.allgather_fn,None,None,,5.647359848022461,5.53,4.84,1
CommType.all_gather,CommGroup.dp_group,8,33554432,backward.allgather_fn,None,None,,5.57260799407959,5.61,4.91,1
CommType.all_gather,CommGroup.dp_group,8,33554432,backward.allgather_fn,None,None,,5.566463947296143,5.61,4.91,1
CommType.all_gather,CommGroup.dp_group,8,90177536,backward.allgather_fn,None,None,,15.193087577819824,5.53,4.84,1
CommType.all_gather,CommGroup.dp_group,8,90177536,backward.allgather_fn,None,None,,15.06713581085205,5.57,4.88,1
CommType.all_gather,CommGroup.dp_group,8,90177536,backward.allgather_fn,None,None,,15.059967994689941,5.58,4.88,1
CommType.all_gather,CommGroup.dp_group,8,33554432,backward.allgather_fn,None,None,,5.5265278816223145,5.65,4.95,1
CommType.reduce_scatter,CommGroup.dp_group,8,971014144,backward.reduce_scatter_fn,None,None,,160.27130126953125,5.64,4.94,1
CommType.all_gather,CommGroup.dp_group,8,33554432,backward.allgather_fn,None,None,,5.5070719718933105,5.67,4.97,1
CommType.all_gather,CommGroup.dp_group,8,33554432,backward.allgather_fn,None,None,,5.568319797515869,5.61,4.91,1
CommType.all_gather,CommGroup.dp_group,8,33554432,backward.allgather_fn,None,None,,5.560319900512695,5.62,4.92,1
CommType.all_gather,CommGroup.dp_group,8,90177536,backward.allgather_fn,None,None,,15.167488098144531,5.54,4.84,1
CommType.all_gather,CommGroup.dp_group,8,90177536,backward.allgather_fn,None,None,,15.08351993560791,5.57,4.87,1
CommType.all_gather,CommGroup.dp_group,8,90177536,backward.allgather_fn,None,None,,15.118335723876953,5.56,4.86,1
CommType.all_gather,CommGroup.dp_group,8,33554432,backward.allgather_fn,None,None,,5.46611213684082,5.72,5.0,1
CommType.all_gather,CommGroup.dp_group,8,33554432,backward.allgather_fn,None,None,,5.558271884918213,5.62,4.92,1
CommType.all_gather,CommGroup.dp_group,8,33554432,backward.allgather_fn,None,None,,5.5797119140625,5.6,4.9,1
CommType.all_gather,CommGroup.dp_group,8,33554432,backward.allgather_fn,None,None,,5.588992118835449,5.59,4.89,1
CommType.all_gather,CommGroup.dp_group,8,90177536,backward.allgather_fn,None,None,,15.171584129333496,5.54,4.84,1
CommType.all_gather,CommGroup.dp_group,8,90177536,backward.allgather_fn,None,None,,15.08249568939209,5.57,4.87,1
CommType.all_gather,CommGroup.dp_group,8,90177536,backward.allgather_fn,None,None,,15.036416053771973,5.59,4.89,1
CommType.all_gather,CommGroup.dp_group,8,33554432,backward.allgather_fn,None,None,,5.422080039978027,5.76,5.04,1
CommType.all_gather,CommGroup.dp_group,8,33554432,backward.allgather_fn,None,None,,5.563392162322998,5.62,4.91,1
CommType.all_gather,CommGroup.dp_group,8,33554432,backward.allgather_fn,None,None,,5.5562238693237305,5.62,4.92,1
CommType.all_gather,CommGroup.dp_group,8,33554432,backward.allgather_fn,None,None,,5.57260799407959,5.61,4.91,1
CommType.reduce_scatter,CommGroup.dp_group,8,910204928,backward.reduce_scatter_fn,None,None,,150.3283233642578,5.64,4.93,1
CommType.all_gather,CommGroup.dp_group,8,90177536,backward.allgather_fn,None,None,,14.999551773071289,5.6,4.9,1
CommType.all_gather,CommGroup.dp_group,8,90177536,backward.allgather_fn,None,None,,15.163392066955566,5.54,4.85,1
CommType.all_gather,CommGroup.dp_group,8,90177536,backward.allgather_fn,None,None,,15.119359970092773,5.55,4.86,1
CommType.all_gather,CommGroup.dp_group,8,33554432,backward.allgather_fn,None,None,,5.433311939239502,5.75,5.03,1
CommType.all_gather,CommGroup.dp_group,8,33554432,backward.allgather_fn,None,None,,5.608736038208008,5.57,4.88,1
CommType.all_gather,CommGroup.dp_group,8,33554432,backward.allgather_fn,None,None,,5.576704025268555,5.6,4.9,1
CommType.all_gather,CommGroup.dp_group,8,33554432,backward.allgather_fn,None,None,,5.560319900512695,5.62,4.92,1
CommType.all_gather,CommGroup.dp_group,8,90177536,backward.allgather_fn,None,None,,15.203328132629395,5.52,4.83,1
CommType.all_gather,CommGroup.dp_group,8,90177536,backward.allgather_fn,None,None,,15.102975845336914,5.56,4.87,1
CommType.all_gather,CommGroup.dp_group,8,90177536,backward.allgather_fn,None,None,,15.080448150634766,5.57,4.87,1
CommType.all_gather,CommGroup.dp_group,8,33554432,backward.allgather_fn,None,None,,5.45689582824707,5.73,5.01,1
CommType.all_gather,CommGroup.dp_group,8,33554432,backward.allgather_fn,None,None,,5.513088226318359,5.67,4.96,1
CommType.all_gather,CommGroup.dp_group,8,33554432,backward.allgather_fn,None,None,,5.5808000564575195,5.6,4.9,1
CommType.all_gather,CommGroup.dp_group,8,33554432,backward.allgather_fn,None,None,,5.5808000564575195,5.6,4.9,1
CommType.all_gather,CommGroup.dp_group,8,90177536,backward.allgather_fn,None,None,,15.187999725341797,5.53,4.84,1
CommType.all_gather,CommGroup.dp_group,8,90177536,backward.allgather_fn,None,None,,15.10912036895752,5.56,4.86,1
CommType.reduce_scatter,CommGroup.dp_group,8,989888512,backward.reduce_scatter_fn,None,None,,163.38943481445312,5.64,4.94,1
CommType.all_gather,CommGroup.dp_group,8,90177536,backward.allgather_fn,None,None,,15.068191528320312,5.57,4.88,1
CommType.all_gather,CommGroup.dp_group,8,33554432,backward.allgather_fn,None,None,,5.458943843841553,5.72,5.01,1
CommType.all_gather,CommGroup.dp_group,8,33554432,backward.allgather_fn,None,None,,5.538784027099609,5.64,4.94,1
CommType.all_gather,CommGroup.dp_group,8,33554432,backward.allgather_fn,None,None,,5.563392162322998,5.62,4.91,1
CommType.all_gather,CommGroup.dp_group,8,33554432,backward.allgather_fn,None,None,,5.569536209106445,5.61,4.91,1
CommType.all_gather,CommGroup.dp_group,8,90177536,backward.allgather_fn,None,None,,15.130623817443848,5.55,4.86,1
CommType.all_gather,CommGroup.dp_group,8,90177536,backward.allgather_fn,None,None,,15.118335723876953,5.56,4.86,1
CommType.all_gather,CommGroup.dp_group,8,90177536,backward.allgather_fn,None,None,,15.042559623718262,5.58,4.89,1
CommType.all_gather,CommGroup.dp_group,8,33554432,backward.allgather_fn,None,None,,5.439487934112549,5.75,5.03,1
CommType.all_gather,CommGroup.dp_group,8,33554432,backward.allgather_fn,None,None,,5.563392162322998,5.62,4.91,1
CommType.all_gather,CommGroup.dp_group,8,33554432,backward.allgather_fn,None,None,,5.56441593170166,5.62,4.91,1
CommType.all_gather,CommGroup.dp_group,8,33554432,backward.allgather_fn,None,None,,5.583871841430664,5.6,4.9,1
CommType.all_gather,CommGroup.dp_group,8,90177536,backward.allgather_fn,None,None,,15.154175758361816,5.54,4.85,1
CommType.all_gather,CommGroup.dp_group,8,90177536,backward.allgather_fn,None,None,,15.096832275390625,5.56,4.87,1
CommType.all_gather,CommGroup.dp_group,8,90177536,backward.allgather_fn,None,None,,15.06713581085205,5.57,4.88,1
CommType.all_gather,CommGroup.dp_group,8,33554432,backward.allgather_fn,None,None,,5.455872058868408,5.73,5.01,1
CommType.all_gather,CommGroup.dp_group,8,33554432,backward.allgather_fn,None,None,,5.603328227996826,5.58,4.88,1
CommType.reduce_scatter,CommGroup.dp_group,8,966828032,backward.reduce_scatter_fn,None,None,,159.6231689453125,5.64,4.94,1
CommType.all_gather,CommGroup.dp_group,8,33554432,backward.allgather_fn,None,None,,5.449728012084961,5.73,5.02,1
CommType.all_gather,CommGroup.dp_group,8,33554432,backward.allgather_fn,None,None,,5.6248321533203125,5.56,4.86,1
CommType.all_gather,CommGroup.dp_group,8,90177536,backward.allgather_fn,None,None,,15.158271789550781,5.54,4.85,1
CommType.all_gather,CommGroup.dp_group,8,90177536,backward.allgather_fn,None,None,,15.081472396850586,5.57,4.87,1
CommType.all_gather,CommGroup.dp_group,8,90177536,backward.allgather_fn,None,None,,15.111167907714844,5.56,4.86,1
CommType.all_gather,CommGroup.dp_group,8,33554432,backward.allgather_fn,None,None,,5.45689582824707,5.73,5.01,1
CommType.all_gather,CommGroup.dp_group,8,33554432,backward.allgather_fn,None,None,,5.587776184082031,5.59,4.89,1
CommType.all_gather,CommGroup.dp_group,8,33554432,backward.allgather_fn,None,None,,5.545983791351318,5.63,4.93,1
CommType.all_gather,CommGroup.dp_group,8,33554432,backward.allgather_fn,None,None,,5.548031806945801,5.63,4.93,1
CommType.all_gather,CommGroup.dp_group,8,90177536,backward.allgather_fn,None,None,,15.187968254089355,5.53,4.84,1
CommType.all_gather,CommGroup.dp_group,8,90177536,backward.allgather_fn,None,None,,15.111167907714844,5.56,4.86,1
CommType.all_gather,CommGroup.dp_group,8,90177536,backward.allgather_fn,None,None,,15.10912036895752,5.56,4.86,1
CommType.all_gather,CommGroup.dp_group,8,33554432,backward.allgather_fn,None,None,,5.457920074462891,5.73,5.01,1
CommType.all_gather,CommGroup.dp_group,8,33554432,backward.allgather_fn,None,None,,5.62883186340332,5.55,4.86,1
CommType.all_gather,CommGroup.dp_group,8,33554432,backward.allgather_fn,None,None,,5.580863952636719,5.6,4.9,1
CommType.all_gather,CommGroup.dp_group,8,33554432,backward.allgather_fn,None,None,,5.560319900512695,5.62,4.92,1
CommType.all_gather,CommGroup.dp_group,8,90177536,backward.allgather_fn,None,None,,15.144991874694824,5.55,4.85,1
CommType.reduce_scatter,CommGroup.dp_group,8,966828032,backward.reduce_scatter_fn,None,None,,160.55807495117188,5.61,4.91,1
CommType.all_gather,CommGroup.dp_group,8,90177536,backward.allgather_fn,None,None,,15.116288185119629,5.56,4.86,1
CommType.all_gather,CommGroup.dp_group,8,90177536,backward.allgather_fn,None,None,,15.088640213012695,5.57,4.87,1
CommType.all_gather,CommGroup.dp_group,8,33554432,backward.allgather_fn,None,None,,5.4476799964904785,5.74,5.02,1
CommType.all_gather,CommGroup.dp_group,8,33554432,backward.allgather_fn,None,None,,5.620704174041748,5.56,4.86,1
CommType.all_gather,CommGroup.dp_group,8,33554432,backward.allgather_fn,None,None,,5.563263893127441,5.62,4.92,1
CommType.all_gather,CommGroup.dp_group,8,33554432,backward.allgather_fn,None,None,,5.573631763458252,5.61,4.91,1
CommType.all_gather,CommGroup.dp_group,8,90177536,backward.allgather_fn,None,None,,15.196160316467285,5.53,4.84,1
CommType.all_gather,CommGroup.dp_group,8,90177536,backward.allgather_fn,None,None,,15.128576278686523,5.55,4.86,1
CommType.all_gather,CommGroup.dp_group,8,90177536,backward.allgather_fn,None,None,,15.114239692687988,5.56,4.86,1
CommType.all_gather,CommGroup.dp_group,8,33554432,backward.allgather_fn,None,None,,5.463039875030518,5.72,5.01,1
CommType.all_gather,CommGroup.dp_group,8,33554432,backward.allgather_fn,None,None,,5.478367805480957,5.7,4.99,1
CommType.all_gather,CommGroup.dp_group,8,33554432,backward.allgather_fn,None,None,,5.611519813537598,5.57,4.87,1
CommType.all_gather,CommGroup.dp_group,8,33554432,backward.allgather_fn,None,None,,5.587967872619629,5.59,4.89,1
CommType.all_gather,CommGroup.dp_group,8,90177536,backward.allgather_fn,None,None,,15.150079727172852,5.54,4.85,1
CommType.all_gather,CommGroup.dp_group,8,90177536,backward.allgather_fn,None,None,,15.10912036895752,5.56,4.86,1
CommType.all_gather,CommGroup.dp_group,8,90177536,backward.allgather_fn,None,None,,15.069184303283691,5.57,4.88,1
CommType.reduce_scatter,CommGroup.dp_group,8,989896704,backward.reduce_scatter_fn,None,None,,163.43551635742188,5.64,4.94,1
CommType.all_gather,CommGroup.dp_group,8,33554432,backward.allgather_fn,None,None,,5.554175853729248,5.63,4.92,1
CommType.all_gather,CommGroup.dp_group,8,33554432,backward.allgather_fn,None,None,,5.473120212554932,5.71,5.0,1
CommType.all_gather,CommGroup.dp_group,8,33554432,backward.allgather_fn,None,None,,5.531583786010742,5.65,4.94,1
CommType.all_gather,CommGroup.dp_group,8,33554432,backward.allgather_fn,None,None,,5.528575897216797,5.65,4.95,1
CommType.all_gather,CommGroup.dp_group,8,90177536,backward.allgather_fn,None,None,,15.160320281982422,5.54,4.85,1
CommType.all_gather,CommGroup.dp_group,8,90177536,backward.allgather_fn,None,None,,15.092767715454102,5.56,4.87,1
CommType.all_gather,CommGroup.dp_group,8,90177536,backward.allgather_fn,None,None,,15.09171199798584,5.56,4.87,1
CommType.all_gather,CommGroup.dp_group,8,33554432,backward.allgather_fn,None,None,,5.496831893920898,5.69,4.97,1
CommType.all_gather,CommGroup.dp_group,8,33554432,backward.allgather_fn,None,None,,5.550079822540283,5.63,4.93,1
CommType.all_gather,CommGroup.dp_group,8,33554432,backward.allgather_fn,None,None,,5.591040134429932,5.59,4.89,1
CommType.all_gather,CommGroup.dp_group,8,33554432,backward.allgather_fn,None,None,,5.536767959594727,5.64,4.94,1
CommType.all_gather,CommGroup.dp_group,8,90177536,backward.allgather_fn,None,None,,15.152128219604492,5.54,4.85,1
CommType.all_gather,CommGroup.dp_group,8,90177536,backward.allgather_fn,None,None,,15.10092830657959,5.56,4.87,1
CommType.all_gather,CommGroup.dp_group,8,90177536,backward.allgather_fn,None,None,,15.106047630310059,5.56,4.86,1
CommType.all_gather,CommGroup.dp_group,8,33554432,backward.allgather_fn,None,None,,5.483520030975342,5.7,4.99,1
CommType.all_gather,CommGroup.dp_group,8,33554432,backward.allgather_fn,None,None,,5.587776184082031,5.59,4.89,1
CommType.all_gather,CommGroup.dp_group,8,33554432,backward.allgather_fn,None,None,,5.563392162322998,5.62,4.91,1
CommType.all_gather,CommGroup.dp_group,8,33554432,backward.allgather_fn,None,None,,5.595967769622803,5.58,4.89,1
CommType.reduce_scatter,CommGroup.dp_group,8,943759360,backward.reduce_scatter_fn,None,None,,155.80160522460938,5.64,4.94,1
CommType.all_gather,CommGroup.dp_group,8,90177536,backward.allgather_fn,None,None,,15.028223991394043,5.59,4.89,1
CommType.all_gather,CommGroup.dp_group,8,90177536,backward.allgather_fn,None,None,,15.194111824035645,5.53,4.84,1
CommType.all_gather,CommGroup.dp_group,8,90177536,backward.allgather_fn,None,None,,15.097855567932129,5.56,4.87,1
CommType.all_gather,CommGroup.dp_group,8,33554432,backward.allgather_fn,None,None,,5.443583965301514,5.74,5.02,1
CommType.all_gather,CommGroup.dp_group,8,33554432,backward.allgather_fn,None,None,,5.649407863616943,5.53,4.84,1
CommType.all_gather,CommGroup.dp_group,8,33554432,backward.allgather_fn,None,None,,5.545983791351318,5.63,4.93,1
CommType.all_gather,CommGroup.dp_group,8,33554432,backward.allgather_fn,None,None,,5.5511040687561035,5.63,4.93,1
CommType.all_gather,CommGroup.dp_group,8,90177536,backward.allgather_fn,None,None,,15.164416313171387,5.54,4.85,1
CommType.all_gather,CommGroup.dp_group,8,90177536,backward.allgather_fn,None,None,,15.07430362701416,5.57,4.87,1
CommType.all_gather,CommGroup.dp_group,8,90177536,backward.allgather_fn,None,None,,15.07532787322998,5.57,4.87,1
CommType.all_gather,CommGroup.dp_group,8,33554432,backward.allgather_fn,None,None,,5.430272102355957,5.75,5.04,1
CommType.all_gather,CommGroup.dp_group,8,33554432,backward.allgather_fn,None,None,,5.609471797943115,5.57,4.87,1
CommType.all_gather,CommGroup.dp_group,8,33554432,backward.allgather_fn,None,None,,5.530623912811279,5.65,4.94,1
CommType.all_gather,CommGroup.dp_group,8,33554432,backward.allgather_fn,None,None,,5.593088150024414,5.59,4.89,1
CommType.all_gather,CommGroup.dp_group,8,90177536,backward.allgather_fn,None,None,,15.152128219604492,5.54,4.85,1
CommType.all_gather,CommGroup.dp_group,8,90177536,backward.allgather_fn,None,None,,15.124480247497559,5.55,4.86,1
CommType.reduce_scatter,CommGroup.dp_group,8,989888512,backward.reduce_scatter_fn,None,None,,163.21023559570312,5.65,4.94,1
CommType.all_gather,CommGroup.dp_group,8,90177536,backward.allgather_fn,None,None,,15.058943748474121,5.58,4.88,1
CommType.all_gather,CommGroup.dp_group,8,33554432,backward.allgather_fn,None,None,,5.479423999786377,5.7,4.99,1
CommType.all_gather,CommGroup.dp_group,8,33554432,backward.allgather_fn,None,None,,5.589119911193848,5.59,4.89,1
CommType.all_gather,CommGroup.dp_group,8,33554432,backward.allgather_fn,None,None,,5.625855922698975,5.55,4.86,1
CommType.all_gather,CommGroup.dp_group,8,33554432,backward.allgather_fn,None,None,,5.668863773345947,5.51,4.82,1
CommType.all_gather,CommGroup.dp_group,8,90177536,backward.allgather_fn,None,None,,15.294464111328125,5.49,4.8,1
CommType.all_gather,CommGroup.dp_group,8,90177536,backward.allgather_fn,None,None,,15.170559883117676,5.54,4.84,1
CommType.all_gather,CommGroup.dp_group,8,90177536,backward.allgather_fn,None,None,,15.221759796142578,5.52,4.83,1
CommType.all_gather,CommGroup.dp_group,8,33554432,backward.allgather_fn,None,None,,5.513216018676758,5.67,4.96,1
CommType.all_gather,CommGroup.dp_group,8,33554432,backward.allgather_fn,None,None,,5.618720054626465,5.56,4.87,1
CommType.all_gather,CommGroup.dp_group,8,33554432,backward.allgather_fn,None,None,,5.56441593170166,5.62,4.91,1
CommType.all_gather,CommGroup.dp_group,8,33554432,backward.allgather_fn,None,None,,5.561344146728516,5.62,4.92,1
CommType.all_gather,CommGroup.dp_group,8,90177536,backward.allgather_fn,None,None,,15.18284797668457,5.53,4.84,1
CommType.all_gather,CommGroup.dp_group,8,90177536,backward.allgather_fn,None,None,,15.171584129333496,5.54,4.84,1
CommType.all_gather,CommGroup.dp_group,8,90177536,backward.allgather_fn,None,None,,15.160320281982422,5.54,4.85,1
CommType.all_gather,CommGroup.dp_group,8,33554432,backward.allgather_fn,None,None,,5.52345609664917,5.66,4.95,1
CommType.all_gather,CommGroup.dp_group,8,33554432,backward.allgather_fn,None,None,,5.563488006591797,5.62,4.91,1
CommType.reduce_scatter,CommGroup.dp_group,8,966828032,backward.reduce_scatter_fn,None,None,,159.7276153564453,5.64,4.93,1
CommType.all_gather,CommGroup.dp_group,8,33554432,backward.allgather_fn,None,None,,5.484543800354004,5.7,4.99,1
CommType.all_gather,CommGroup.dp_group,8,33554432,backward.allgather_fn,None,None,,5.616799831390381,5.56,4.87,1
CommType.all_gather,CommGroup.dp_group,8,90177536,backward.allgather_fn,None,None,,15.149791717529297,5.54,4.85,1
CommType.all_gather,CommGroup.dp_group,8,90177536,backward.allgather_fn,None,None,,15.063039779663086,5.58,4.88,1
CommType.all_gather,CommGroup.dp_group,8,90177536,backward.allgather_fn,None,None,,15.141119956970215,5.55,4.85,1
CommType.all_gather,CommGroup.dp_group,8,33554432,backward.allgather_fn,None,None,,5.499904155731201,5.68,4.97,1
CommType.all_gather,CommGroup.dp_group,8,33554432,backward.allgather_fn,None,None,,5.586944103240967,5.59,4.89,1
CommType.all_gather,CommGroup.dp_group,8,33554432,backward.allgather_fn,None,None,,5.5859198570251465,5.59,4.9,1
CommType.all_gather,CommGroup.dp_group,8,33554432,backward.allgather_fn,None,None,,5.549056053161621,5.63,4.93,1
CommType.all_gather,CommGroup.dp_group,8,90177536,backward.allgather_fn,None,None,,15.136575698852539,5.55,4.85,1
CommType.all_gather,CommGroup.dp_group,8,90177536,backward.allgather_fn,None,None,,15.115263938903809,5.56,4.86,1
CommType.all_gather,CommGroup.dp_group,8,90177536,backward.allgather_fn,None,None,,15.096832275390625,5.56,4.87,1
CommType.all_gather,CommGroup.dp_group,8,33554432,backward.allgather_fn,None,None,,5.480447769165039,5.7,4.99,1
CommType.all_gather,CommGroup.dp_group,8,33554432,backward.allgather_fn,None,None,,5.579775810241699,5.6,4.9,1
CommType.all_gather,CommGroup.dp_group,8,33554432,backward.allgather_fn,None,None,,5.555200099945068,5.63,4.92,1
CommType.all_gather,CommGroup.dp_group,8,33554432,backward.allgather_fn,None,None,,5.571584224700928,5.61,4.91,1
CommType.all_gather,CommGroup.dp_group,8,90177536,backward.allgather_fn,None,None,,15.127296447753906,5.55,4.86,1
CommType.reduce_scatter,CommGroup.dp_group,8,966828032,backward.reduce_scatter_fn,None,None,,159.5002899169922,5.65,4.94,1
CommType.all_gather,CommGroup.dp_group,8,90177536,backward.allgather_fn,None,None,,15.071231842041016,5.57,4.88,1
CommType.all_gather,CommGroup.dp_group,8,90177536,backward.allgather_fn,None,None,,15.102975845336914,5.56,4.87,1
CommType.all_gather,CommGroup.dp_group,8,33554432,backward.allgather_fn,None,None,,5.449728012084961,5.73,5.02,1
CommType.all_gather,CommGroup.dp_group,8,33554432,backward.allgather_fn,None,None,,5.586944103240967,5.59,4.89,1
CommType.all_gather,CommGroup.dp_group,8,33554432,backward.allgather_fn,None,None,,5.560319900512695,5.62,4.92,1
CommType.all_gather,CommGroup.dp_group,8,33554432,backward.allgather_fn,None,None,,5.560319900512695,5.62,4.92,1
CommType.all_gather,CommGroup.dp_group,8,90177536,backward.allgather_fn,None,None,,15.177727699279785,5.53,4.84,1
CommType.all_gather,CommGroup.dp_group,8,90177536,backward.allgather_fn,None,None,,15.120384216308594,5.55,4.86,1
CommType.all_gather,CommGroup.dp_group,8,90177536,backward.allgather_fn,None,None,,15.09273624420166,5.56,4.87,1
CommType.all_gather,CommGroup.dp_group,8,33554432,backward.allgather_fn,None,None,,5.47327995300293,5.71,5.0,1
CommType.all_gather,CommGroup.dp_group,8,33554432,backward.allgather_fn,None,None,,5.601280212402344,5.58,4.88,1
CommType.all_gather,CommGroup.dp_group,8,33554432,backward.allgather_fn,None,None,,5.576704025268555,5.6,4.9,1
CommType.all_gather,CommGroup.dp_group,8,33554432,backward.allgather_fn,None,None,,5.553152084350586,5.63,4.92,1
CommType.all_gather,CommGroup.dp_group,8,90177536,backward.allgather_fn,None,None,,15.141887664794922,5.55,4.85,1
CommType.all_gather,CommGroup.dp_group,8,90177536,backward.allgather_fn,None,None,,15.121408462524414,5.55,4.86,1
CommType.all_gather,CommGroup.dp_group,8,90177536,backward.allgather_fn,None,None,,15.08249568939209,5.57,4.87,1
CommType.reduce_scatter,CommGroup.dp_group,8,989896704,backward.reduce_scatter_fn,None,None,,163.4385986328125,5.64,4.94,1
CommType.all_gather,CommGroup.dp_group,8,33554432,backward.allgather_fn,None,None,,5.518335819244385,5.66,4.96,1
CommType.all_gather,CommGroup.dp_group,8,33554432,backward.allgather_fn,None,None,,5.425151824951172,5.76,5.04,1
CommType.all_gather,CommGroup.dp_group,8,33554432,backward.allgather_fn,None,None,,5.648384094238281,5.53,4.84,1
CommType.all_gather,CommGroup.dp_group,8,33554432,backward.allgather_fn,None,None,,5.561344146728516,5.62,4.92,1
CommType.all_gather,CommGroup.dp_group,8,90177536,backward.allgather_fn,None,None,,15.18387222290039,5.53,4.84,1
CommType.all_gather,CommGroup.dp_group,8,90177536,backward.allgather_fn,None,None,,15.07532787322998,5.57,4.87,1
CommType.all_gather,CommGroup.dp_group,8,90177536,backward.allgather_fn,None,None,,15.069184303283691,5.57,4.88,1
CommType.all_gather,CommGroup.dp_group,8,33554432,backward.allgather_fn,None,None,,5.475327968597412,5.71,4.99,1
CommType.all_gather,CommGroup.dp_group,8,33554432,backward.allgather_fn,None,None,,5.597184181213379,5.58,4.89,1
CommType.all_gather,CommGroup.dp_group,8,33554432,backward.allgather_fn,None,None,,5.5603837966918945,5.62,4.92,1
CommType.all_gather,CommGroup.dp_group,8,33554432,backward.allgather_fn,None,None,,5.5610880851745605,5.62,4.92,1
CommType.all_gather,CommGroup.dp_group,8,262144000,backward.allgather_fn,None,None,,44.186622619628906,5.53,4.83,1
CommType.reduce_scatter,CommGroup.dp_group,8,943759360,backward.reduce_scatter_fn,None,None,,155.8804473876953,5.64,4.93,1
CommType.reduce_scatter,CommGroup.dp_group,8,989888512,backward.reduce_scatter_fn,None,None,,162.93580627441406,5.66,4.95,1
CommType.reduce_scatter,CommGroup.dp_group,8,891322368,step.reduce_scatter_fn,None,None,,147.05357360839844,5.64,4.94,1
CommType.all_reduce,CommGroup.dp_group,8,1,step.has_overflow,None,None,,0.12800000607967377,0.0,0.0,1
CommType.all_reduce,CommGroup.dp_group,8,8,step.get_grad_norm_direct,None,None,,0.11264000087976456,0.0,0.0,1
CommType.all_gather,CommGroup.dp_group,8,8192,step.allgather_fn,None,None,,0.11366400122642517,0.07,0.06,1
CommType.all_gather,CommGroup.dp_group,8,8192,step.allgather_fn,None,None,,0.1035199984908104,0.07,0.06,1
CommType.all_gather,CommGroup.dp_group,8,8192,step.allgather_fn,None,None,,0.11568000167608261,0.07,0.06,1
CommType.all_gather,CommGroup.dp_group,8,8192,step.allgather_fn,None,None,,0.1013759970664978,0.08,0.07,1
CommType.all_gather,CommGroup.dp_group,8,8192,step.allgather_fn,None,None,,0.10035199671983719,0.08,0.07,1
CommType.all_gather,CommGroup.dp_group,8,8192,step.allgather_fn,None,None,,0.09830400347709656,0.08,0.07,1
CommType.all_gather,CommGroup.dp_group,8,8192,step.allgather_fn,None,None,,0.09932799637317657,0.08,0.07,1
CommType.all_gather,CommGroup.dp_group,8,8192,step.allgather_fn,None,None,,0.10966400057077408,0.07,0.06,1
CommType.all_gather,CommGroup.dp_group,8,8192,step.allgather_fn,None,None,,0.10035199671983719,0.08,0.07,1
CommType.all_gather,CommGroup.dp_group,8,8192,step.allgather_fn,None,None,,0.09932799637317657,0.08,0.07,1
CommType.all_gather,CommGroup.dp_group,8,8192,step.allgather_fn,None,None,,0.09932799637317657,0.08,0.07,1
CommType.all_gather,CommGroup.dp_group,8,8192,step.allgather_fn,None,None,,0.09932799637317657,0.08,0.07,1
CommType.all_gather,CommGroup.dp_group,8,8192,step.allgather_fn,None,None,,0.09833600372076035,0.08,0.07,1
CommType.all_gather,CommGroup.dp_group,8,8192,step.allgather_fn,None,None,,0.10035199671983719,0.08,0.07,1
CommType.all_gather,CommGroup.dp_group,8,8192,step.allgather_fn,None,None,,0.09830400347709656,0.08,0.07,1
CommType.all_gather,CommGroup.dp_group,8,8192,step.allgather_fn,None,None,,0.10044799745082855,0.08,0.07,1
CommType.all_gather,CommGroup.dp_group,8,8192,step.allgather_fn,None,None,,0.09830400347709656,0.08,0.07,1
CommType.all_gather,CommGroup.dp_group,8,8192,step.allgather_fn,None,None,,0.0990080013871193,0.08,0.07,1
CommType.all_gather,CommGroup.dp_group,8,8192,step.allgather_fn,None,None,,0.10943999886512756,0.07,0.06,1
CommType.all_gather,CommGroup.dp_group,8,8192,step.allgather_fn,None,None,,0.09932799637317657,0.08,0.07,1
CommType.all_gather,CommGroup.dp_group,8,8192,step.allgather_fn,None,None,,0.1013759970664978,0.08,0.07,1
CommType.all_gather,CommGroup.dp_group,8,8192,step.allgather_fn,None,None,,0.09932799637317657,0.08,0.07,1
CommType.all_gather,CommGroup.dp_group,8,8192,step.allgather_fn,None,None,,0.09830400347709656,0.08,0.07,1
CommType.all_gather,CommGroup.dp_group,8,8192,step.allgather_fn,None,None,,0.11068800091743469,0.07,0.06,1
CommType.all_gather,CommGroup.dp_group,8,8192,step.allgather_fn,None,None,,0.09833600372076035,0.08,0.07,1
CommType.all_gather,CommGroup.dp_group,8,8192,step.allgather_fn,None,None,,0.1013759970664978,0.08,0.07,1
CommType.all_gather,CommGroup.dp_group,8,8192,step.allgather_fn,None,None,,0.09862399846315384,0.08,0.07,1
CommType.all_gather,CommGroup.dp_group,8,8192,step.allgather_fn,None,None,,0.11353600025177002,0.07,0.06,1
CommType.all_gather,CommGroup.dp_group,8,8192,step.allgather_fn,None,None,,0.10943999886512756,0.07,0.06,1
CommType.all_gather,CommGroup.dp_group,8,8192,step.allgather_fn,None,None,,0.10063999891281128,0.08,0.07,1
CommType.all_gather,CommGroup.dp_group,8,8192,step.allgather_fn,None,None,,0.10035199671983719,0.08,0.07,1
CommType.all_gather,CommGroup.dp_group,8,8192,step.allgather_fn,None,None,,0.10009600222110748,0.08,0.07,1
CommType.all_gather,CommGroup.dp_group,8,8192,step.allgather_fn,None,None,,0.09830400347709656,0.08,0.07,1
CommType.all_gather,CommGroup.dp_group,8,8192,step.allgather_fn,None,None,,0.10035199671983719,0.08,0.07,1
CommType.all_gather,CommGroup.dp_group,8,8192,step.allgather_fn,None,None,,0.1003199964761734,0.08,0.07,1
CommType.all_gather,CommGroup.dp_group,8,8192,step.allgather_fn,None,None,,0.09830400347709656,0.08,0.07,1
CommType.all_gather,CommGroup.dp_group,8,8192,step.allgather_fn,None,None,,0.11273600161075592,0.07,0.06,1
CommType.all_gather,CommGroup.dp_group,8,8192,step.allgather_fn,None,None,,0.10342399775981903,0.07,0.06,1
CommType.all_gather,CommGroup.dp_group,8,8192,step.allgather_fn,None,None,,0.09855999797582626,0.08,0.07,1
CommType.all_gather,CommGroup.dp_group,8,8192,step.allgather_fn,None,None,,0.10233599692583084,0.07,0.07,1
CommType.all_gather,CommGroup.dp_group,8,8192,step.allgather_fn,None,None,,0.09923200309276581,0.08,0.07,1
CommType.all_gather,CommGroup.dp_group,8,8192,step.allgather_fn,None,None,,0.10009600222110748,0.08,0.07,1
CommType.all_gather,CommGroup.dp_group,8,8192,step.allgather_fn,None,None,,0.10035199671983719,0.08,0.07,1
CommType.all_gather,CommGroup.dp_group,8,8192,step.allgather_fn,None,None,,0.09932799637317657,0.08,0.07,1
CommType.all_gather,CommGroup.dp_group,8,8192,step.allgather_fn,None,None,,0.10956799983978271,0.07,0.06,1
CommType.all_gather,CommGroup.dp_group,8,8192,step.allgather_fn,None,None,,0.09964799880981445,0.08,0.07,1
CommType.all_gather,CommGroup.dp_group,8,8192,step.allgather_fn,None,None,,0.09932799637317657,0.08,0.07,1
CommType.all_gather,CommGroup.dp_group,8,8192,step.allgather_fn,None,None,,0.09932799637317657,0.08,0.07,1
CommType.all_gather,CommGroup.dp_group,8,8192,step.allgather_fn,None,None,,0.1003199964761734,0.08,0.07,1
CommType.all_gather,CommGroup.dp_group,8,8192,step.allgather_fn,None,None,,0.09923200309276581,0.08,0.07,1
CommType.all_gather,CommGroup.dp_group,8,8192,step.allgather_fn,None,None,,0.09932799637317657,0.08,0.07,1
CommType.all_gather,CommGroup.dp_group,8,8192,step.allgather_fn,None,None,,0.09920000284910202,0.08,0.07,1
CommType.all_gather,CommGroup.dp_group,8,8192,step.allgather_fn,None,None,,0.09801600128412247,0.08,0.07,1
CommType.all_gather,CommGroup.dp_group,8,8192,step.allgather_fn,None,None,,0.09830400347709656,0.08,0.07,1
CommType.all_gather,CommGroup.dp_group,8,8192,step.allgather_fn,None,None,,0.09932799637317657,0.08,0.07,1
CommType.all_gather,CommGroup.dp_group,8,8192,step.allgather_fn,None,None,,0.10943999886512756,0.07,0.06,1
CommType.all_gather,CommGroup.dp_group,8,8192,step.allgather_fn,None,None,,0.09804800152778625,0.08,0.07,1
CommType.all_gather,CommGroup.dp_group,8,8192,step.allgather_fn,None,None,,0.10067199915647507,0.08,0.07,1
CommType.all_gather,CommGroup.dp_group,8,8192,step.allgather_fn,None,None,,0.09830400347709656,0.08,0.07,1
CommType.all_gather,CommGroup.dp_group,8,8192,step.allgather_fn,None,None,,0.09750399738550186,0.08,0.07,1
CommType.all_gather,CommGroup.dp_group,8,8192,step.allgather_fn,None,None,,0.11161600053310394,0.07,0.06,1
CommType.all_gather,CommGroup.dp_group,8,8192,step.allgather_fn,None,None,,0.11264000087976456,0.07,0.06,1
CommType.all_gather,CommGroup.dp_group,8,8192,step.allgather_fn,None,None,,0.11068800091743469,0.07,0.06,1
CommType.all_gather,CommGroup.dp_group,8,8192,step.allgather_fn,None,None,,0.10150399804115295,0.08,0.07,1
CommType.all_gather,CommGroup.dp_group,8,8192,step.allgather_fn,None,None,,0.10134399682283401,0.08,0.07,1
CommType.epoch_end,None,None,0,,None,None,,6453.928709030151,0.0,0.0,1
CommType.all_gather,CommGroup.dp_group,8,2015363072,forward.allgather_fn,None,None,,340.4001159667969,5.51,4.82,1
CommType.all_gather,CommGroup.dp_group,8,270532608,forward.allgather_fn,None,None,,45.75129699707031,5.51,4.82,1
CommType.all_gather,CommGroup.dp_group,8,33554432,forward.allgather_fn,None,None,,5.5357441902160645,5.65,4.94,1
CommType.all_gather,CommGroup.dp_group,8,33554432,forward.allgather_fn,None,None,,5.459968090057373,5.72,5.01,1
CommType.all_gather,CommGroup.dp_group,8,33554432,forward.allgather_fn,None,None,,5.499904155731201,5.68,4.97,1
CommType.all_gather,CommGroup.dp_group,8,33554432,forward.allgather_fn,None,None,,5.550079822540283,5.63,4.93,1
CommType.all_gather,CommGroup.dp_group,8,90177536,forward.allgather_fn,None,None,,15.356927871704102,5.47,4.79,1
CommType.all_gather,CommGroup.dp_group,8,90177536,forward.allgather_fn,None,None,,15.095808029174805,5.56,4.87,1
CommType.all_gather,CommGroup.dp_group,8,90177536,forward.allgather_fn,None,None,,15.116288185119629,5.56,4.86,1
CommType.all_gather,CommGroup.dp_group,8,33554432,forward.allgather_fn,None,None,,5.468160152435303,5.71,5.0,1
CommType.all_gather,CommGroup.dp_group,8,33554432,forward.allgather_fn,None,None,,5.566463947296143,5.61,4.91,1
CommType.all_gather,CommGroup.dp_group,8,33554432,forward.allgather_fn,None,None,,5.562367916107178,5.62,4.92,1
CommType.all_gather,CommGroup.dp_group,8,33554432,forward.allgather_fn,None,None,,5.5562238693237305,5.62,4.92,1
CommType.all_gather,CommGroup.dp_group,8,90177536,forward.allgather_fn,None,None,,15.157024383544922,5.54,4.85,1
CommType.all_gather,CommGroup.dp_group,8,90177536,forward.allgather_fn,None,None,,15.06713581085205,5.57,4.88,1
CommType.all_gather,CommGroup.dp_group,8,90177536,forward.allgather_fn,None,None,,15.079423904418945,5.57,4.87,1
CommType.all_gather,CommGroup.dp_group,8,33554432,forward.allgather_fn,None,None,,5.480447769165039,5.7,4.99,1
CommType.all_gather,CommGroup.dp_group,8,33554432,forward.allgather_fn,None,None,,5.576704025268555,5.6,4.9,1
CommType.all_gather,CommGroup.dp_group,8,33554432,forward.allgather_fn,None,None,,5.559296131134033,5.62,4.92,1
CommType.all_gather,CommGroup.dp_group,8,33554432,forward.allgather_fn,None,None,,5.56220817565918,5.62,4.92,1
CommType.all_gather,CommGroup.dp_group,8,90177536,forward.allgather_fn,None,None,,15.162240028381348,5.54,4.85,1
CommType.all_gather,CommGroup.dp_group,8,90177536,forward.allgather_fn,None,None,,15.121408462524414,5.55,4.86,1
CommType.all_gather,CommGroup.dp_group,8,90177536,forward.allgather_fn,None,None,,15.056896209716797,5.58,4.88,1
CommType.all_gather,CommGroup.dp_group,8,33554432,forward.allgather_fn,None,None,,5.509119987487793,5.67,4.96,1
CommType.all_gather,CommGroup.dp_group,8,33554432,forward.allgather_fn,None,None,,5.529600143432617,5.65,4.94,1
CommType.all_gather,CommGroup.dp_group,8,33554432,forward.allgather_fn,None,None,,5.596159934997559,5.58,4.89,1
CommType.all_gather,CommGroup.dp_group,8,33554432,forward.allgather_fn,None,None,,5.552127838134766,5.63,4.92,1
CommType.all_gather,CommGroup.dp_group,8,90177536,forward.allgather_fn,None,None,,15.141887664794922,5.55,4.85,1
CommType.all_gather,CommGroup.dp_group,8,90177536,forward.allgather_fn,None,None,,15.045632362365723,5.58,4.88,1
CommType.all_gather,CommGroup.dp_group,8,90177536,forward.allgather_fn,None,None,,15.112192153930664,5.56,4.86,1
CommType.all_gather,CommGroup.dp_group,8,33554432,forward.allgather_fn,None,None,,5.469183921813965,5.71,5.0,1
CommType.all_gather,CommGroup.dp_group,8,33554432,forward.allgather_fn,None,None,,5.623807907104492,5.56,4.86,1
CommType.all_gather,CommGroup.dp_group,8,33554432,forward.allgather_fn,None,None,,5.587967872619629,5.59,4.89,1
CommType.all_gather,CommGroup.dp_group,8,33554432,forward.allgather_fn,None,None,,5.5859198570251465,5.59,4.9,1
CommType.all_gather,CommGroup.dp_group,8,90177536,forward.allgather_fn,None,None,,15.176704406738281,5.53,4.84,1
CommType.all_gather,CommGroup.dp_group,8,90177536,forward.allgather_fn,None,None,,15.101920127868652,5.56,4.87,1
CommType.all_gather,CommGroup.dp_group,8,90177536,forward.allgather_fn,None,None,,15.089664459228516,5.57,4.87,1
CommType.all_gather,CommGroup.dp_group,8,33554432,forward.allgather_fn,None,None,,5.442560195922852,5.74,5.02,1
CommType.all_gather,CommGroup.dp_group,8,33554432,forward.allgather_fn,None,None,,5.612544059753418,5.57,4.87,1
CommType.all_gather,CommGroup.dp_group,8,33554432,forward.allgather_fn,None,None,,5.569536209106445,5.61,4.91,1
CommType.all_gather,CommGroup.dp_group,8,33554432,forward.allgather_fn,None,None,,5.582848072052002,5.6,4.9,1
CommType.all_gather,CommGroup.dp_group,8,90177536,forward.allgather_fn,None,None,,15.157247543334961,5.54,4.85,1
CommType.all_gather,CommGroup.dp_group,8,90177536,forward.allgather_fn,None,None,,15.054847717285156,5.58,4.88,1
CommType.all_gather,CommGroup.dp_group,8,90177536,forward.allgather_fn,None,None,,15.09068775177002,5.57,4.87,1
CommType.all_gather,CommGroup.dp_group,8,33554432,forward.allgather_fn,None,None,,5.442560195922852,5.74,5.02,1
CommType.all_gather,CommGroup.dp_group,8,33554432,forward.allgather_fn,None,None,,5.694464206695557,5.49,4.8,1
CommType.all_gather,CommGroup.dp_group,8,33554432,forward.allgather_fn,None,None,,5.575679779052734,5.6,4.9,1
CommType.all_gather,CommGroup.dp_group,8,33554432,forward.allgather_fn,None,None,,5.571584224700928,5.61,4.91,1
CommType.all_gather,CommGroup.dp_group,8,90177536,forward.allgather_fn,None,None,,15.154175758361816,5.54,4.85,1
CommType.all_gather,CommGroup.dp_group,8,90177536,forward.allgather_fn,None,None,,15.068160057067871,5.57,4.88,1
CommType.all_gather,CommGroup.dp_group,8,90177536,forward.allgather_fn,None,None,,15.080639839172363,5.57,4.87,1
CommType.all_gather,CommGroup.dp_group,8,33554432,forward.allgather_fn,None,None,,5.4476799964904785,5.74,5.02,1
CommType.all_gather,CommGroup.dp_group,8,33554432,forward.allgather_fn,None,None,,5.62278413772583,5.56,4.86,1
CommType.all_gather,CommGroup.dp_group,8,33554432,forward.allgather_fn,None,None,,5.536767959594727,5.64,4.94,1
CommType.all_gather,CommGroup.dp_group,8,33554432,forward.allgather_fn,None,None,,5.576704025268555,5.6,4.9,1
CommType.all_gather,CommGroup.dp_group,8,90177536,forward.allgather_fn,None,None,,15.112192153930664,5.56,4.86,1
CommType.all_gather,CommGroup.dp_group,8,90177536,forward.allgather_fn,None,None,,15.110143661499023,5.56,4.86,1
CommType.all_gather,CommGroup.dp_group,8,90177536,forward.allgather_fn,None,None,,15.095808029174805,5.56,4.87,1
CommType.all_gather,CommGroup.dp_group,8,33554432,forward.allgather_fn,None,None,,5.467135906219482,5.72,5.0,1
CommType.all_gather,CommGroup.dp_group,8,33554432,forward.allgather_fn,None,None,,5.604351997375488,5.58,4.88,1
CommType.all_gather,CommGroup.dp_group,8,33554432,forward.allgather_fn,None,None,,5.534719944000244,5.65,4.94,1
CommType.all_gather,CommGroup.dp_group,8,33554432,forward.allgather_fn,None,None,,5.571584224700928,5.61,4.91,1
CommType.all_gather,CommGroup.dp_group,8,90177536,forward.allgather_fn,None,None,,15.111968040466309,5.56,4.86,1
CommType.all_gather,CommGroup.dp_group,8,90177536,forward.allgather_fn,None,None,,15.101951599121094,5.56,4.87,1
CommType.all_gather,CommGroup.dp_group,8,90177536,forward.allgather_fn,None,None,,15.10524845123291,5.56,4.86,1
CommType.all_gather,CommGroup.dp_group,8,33554432,forward.allgather_fn,None,None,,5.46611213684082,5.72,5.0,1
CommType.all_gather,CommGroup.dp_group,8,33554432,forward.allgather_fn,None,None,,5.607423782348633,5.57,4.88,1
CommType.all_gather,CommGroup.dp_group,8,33554432,forward.allgather_fn,None,None,,5.547008037567139,5.63,4.93,1
CommType.all_gather,CommGroup.dp_group,8,33554432,forward.allgather_fn,None,None,,5.573791980743408,5.61,4.91,1
CommType.all_gather,CommGroup.dp_group,8,90177536,forward.allgather_fn,None,None,,15.126527786254883,5.55,4.86,1
CommType.all_gather,CommGroup.dp_group,8,90177536,forward.allgather_fn,None,None,,15.096832275390625,5.56,4.87,1
CommType.all_gather,CommGroup.dp_group,8,90177536,forward.allgather_fn,None,None,,15.097855567932129,5.56,4.87,1
CommType.all_gather,CommGroup.dp_group,8,33554432,forward.allgather_fn,None,None,,5.45689582824707,5.73,5.01,1
CommType.all_gather,CommGroup.dp_group,8,33554432,forward.allgather_fn,None,None,,5.592063903808594,5.59,4.89,1
CommType.all_gather,CommGroup.dp_group,8,33554432,forward.allgather_fn,None,None,,5.563392162322998,5.62,4.91,1
CommType.all_gather,CommGroup.dp_group,8,33554432,forward.allgather_fn,None,None,,5.5808000564575195,5.6,4.9,1
CommType.all_gather,CommGroup.dp_group,8,90177536,forward.allgather_fn,None,None,,15.123456001281738,5.55,4.86,1
CommType.all_gather,CommGroup.dp_group,8,90177536,forward.allgather_fn,None,None,,15.067296028137207,5.57,4.88,1
CommType.all_gather,CommGroup.dp_group,8,90177536,forward.allgather_fn,None,None,,15.1080961227417,5.56,4.86,1
CommType.all_gather,CommGroup.dp_group,8,33554432,forward.allgather_fn,None,None,,5.458943843841553,5.72,5.01,1
CommType.all_gather,CommGroup.dp_group,8,33554432,forward.allgather_fn,None,None,,5.598207950592041,5.58,4.88,1
CommType.all_gather,CommGroup.dp_group,8,33554432,forward.allgather_fn,None,None,,5.5511040687561035,5.63,4.93,1
CommType.all_gather,CommGroup.dp_group,8,33554432,forward.allgather_fn,None,None,,5.576704025268555,5.6,4.9,1
CommType.all_gather,CommGroup.dp_group,8,90177536,forward.allgather_fn,None,None,,15.180800437927246,5.53,4.84,1
CommType.all_gather,CommGroup.dp_group,8,90177536,forward.allgather_fn,None,None,,15.062015533447266,5.58,4.88,1
CommType.all_gather,CommGroup.dp_group,8,90177536,forward.allgather_fn,None,None,,15.09273624420166,5.56,4.87,1
CommType.all_gather,CommGroup.dp_group,8,33554432,forward.allgather_fn,None,None,,5.443583965301514,5.74,5.02,1
CommType.all_gather,CommGroup.dp_group,8,33554432,forward.allgather_fn,None,None,,5.635072231292725,5.55,4.85,1
CommType.all_gather,CommGroup.dp_group,8,33554432,forward.allgather_fn,None,None,,5.585984230041504,5.59,4.9,1
CommType.all_gather,CommGroup.dp_group,8,33554432,forward.allgather_fn,None,None,,5.557248115539551,5.62,4.92,1
CommType.all_gather,CommGroup.dp_group,8,90177536,forward.allgather_fn,None,None,,15.147007942199707,5.54,4.85,1
CommType.all_gather,CommGroup.dp_group,8,90177536,forward.allgather_fn,None,None,,15.102975845336914,5.56,4.87,1
CommType.all_gather,CommGroup.dp_group,8,90177536,forward.allgather_fn,None,None,,15.071231842041016,5.57,4.88,1
CommType.all_gather,CommGroup.dp_group,8,33554432,forward.allgather_fn,None,None,,5.497856140136719,5.68,4.97,1
CommType.all_gather,CommGroup.dp_group,8,33554432,forward.allgather_fn,None,None,,5.6299519538879395,5.55,4.86,1
CommType.all_gather,CommGroup.dp_group,8,33554432,forward.allgather_fn,None,None,,5.557248115539551,5.62,4.92,1
CommType.all_gather,CommGroup.dp_group,8,33554432,forward.allgather_fn,None,None,,5.570559978485107,5.61,4.91,1
CommType.all_gather,CommGroup.dp_group,8,90177536,forward.allgather_fn,None,None,,15.168383598327637,5.54,4.84,1
CommType.all_gather,CommGroup.dp_group,8,90177536,forward.allgather_fn,None,None,,15.10092830657959,5.56,4.87,1
CommType.all_gather,CommGroup.dp_group,8,90177536,forward.allgather_fn,None,None,,15.114239692687988,5.56,4.86,1
CommType.all_gather,CommGroup.dp_group,8,33554432,forward.allgather_fn,None,None,,5.478400230407715,5.7,4.99,1
CommType.all_gather,CommGroup.dp_group,8,33554432,forward.allgather_fn,None,None,,5.600255966186523,5.58,4.88,1
CommType.all_gather,CommGroup.dp_group,8,33554432,forward.allgather_fn,None,None,,5.550079822540283,5.63,4.93,1
CommType.all_gather,CommGroup.dp_group,8,33554432,forward.allgather_fn,None,None,,5.568511962890625,5.61,4.91,1
CommType.all_gather,CommGroup.dp_group,8,90177536,forward.allgather_fn,None,None,,15.18387222290039,5.53,4.84,1
CommType.all_gather,CommGroup.dp_group,8,90177536,forward.allgather_fn,None,None,,15.078399658203125,5.57,4.87,1
CommType.all_gather,CommGroup.dp_group,8,90177536,forward.allgather_fn,None,None,,15.122431755065918,5.55,4.86,1
CommType.all_gather,CommGroup.dp_group,8,33554432,forward.allgather_fn,None,None,,5.446656227111816,5.74,5.02,1
CommType.all_gather,CommGroup.dp_group,8,33554432,forward.allgather_fn,None,None,,5.61356782913208,5.57,4.87,1
CommType.all_gather,CommGroup.dp_group,8,33554432,forward.allgather_fn,None,None,,5.574656009674072,5.61,4.91,1
CommType.all_gather,CommGroup.dp_group,8,33554432,forward.allgather_fn,None,None,,5.494783878326416,5.69,4.98,1
CommType.all_gather,CommGroup.dp_group,8,90177536,forward.allgather_fn,None,None,,15.171456336975098,5.54,4.84,1
CommType.all_gather,CommGroup.dp_group,8,90177536,forward.allgather_fn,None,None,,15.106047630310059,5.56,4.86,1
CommType.all_gather,CommGroup.dp_group,8,90177536,forward.allgather_fn,None,None,,15.107071876525879,5.56,4.86,1
CommType.all_gather,CommGroup.dp_group,8,33554432,forward.allgather_fn,None,None,,5.47327995300293,5.71,5.0,1
CommType.all_gather,CommGroup.dp_group,8,33554432,forward.allgather_fn,None,None,,5.571584224700928,5.61,4.91,1
CommType.all_gather,CommGroup.dp_group,8,33554432,forward.allgather_fn,None,None,,5.560319900512695,5.62,4.92,1
CommType.all_gather,CommGroup.dp_group,8,33554432,forward.allgather_fn,None,None,,5.571584224700928,5.61,4.91,1
CommType.all_gather,CommGroup.dp_group,8,90177536,forward.allgather_fn,None,None,,15.163392066955566,5.54,4.85,1
CommType.all_gather,CommGroup.dp_group,8,90177536,forward.allgather_fn,None,None,,15.093759536743164,5.56,4.87,1
CommType.all_gather,CommGroup.dp_group,8,90177536,forward.allgather_fn,None,None,,15.078399658203125,5.57,4.87,1
CommType.all_gather,CommGroup.dp_group,8,33554432,forward.allgather_fn,None,None,,5.460991859436035,5.72,5.01,1
CommType.all_gather,CommGroup.dp_group,8,33554432,forward.allgather_fn,None,None,,5.583871841430664,5.6,4.9,1
CommType.all_gather,CommGroup.dp_group,8,33554432,forward.allgather_fn,None,None,,5.538815975189209,5.64,4.94,1
CommType.all_gather,CommGroup.dp_group,8,33554432,forward.allgather_fn,None,None,,5.550079822540283,5.63,4.93,1
CommType.all_gather,CommGroup.dp_group,8,90177536,forward.allgather_fn,None,None,,15.166463851928711,5.54,4.85,1
CommType.all_gather,CommGroup.dp_group,8,90177536,forward.allgather_fn,None,None,,15.09171199798584,5.56,4.87,1
CommType.all_gather,CommGroup.dp_group,8,90177536,forward.allgather_fn,None,None,,15.133695602416992,5.55,4.86,1
CommType.all_gather,CommGroup.dp_group,8,33554432,forward.allgather_fn,None,None,,5.467135906219482,5.72,5.0,1
CommType.all_gather,CommGroup.dp_group,8,33554432,forward.allgather_fn,None,None,,5.5951361656188965,5.59,4.89,1
CommType.all_gather,CommGroup.dp_group,8,33554432,forward.allgather_fn,None,None,,5.555200099945068,5.63,4.92,1
CommType.all_gather,CommGroup.dp_group,8,33554432,forward.allgather_fn,None,None,,5.547008037567139,5.63,4.93,1
CommType.all_gather,CommGroup.dp_group,8,90177536,forward.allgather_fn,None,None,,15.139840126037598,5.55,4.85,1
CommType.all_gather,CommGroup.dp_group,8,90177536,forward.allgather_fn,None,None,,15.071231842041016,5.57,4.88,1
CommType.all_gather,CommGroup.dp_group,8,90177536,forward.allgather_fn,None,None,,15.080448150634766,5.57,4.87,1
CommType.all_gather,CommGroup.dp_group,8,33554432,forward.allgather_fn,None,None,,5.4231038093566895,5.76,5.04,1
CommType.all_gather,CommGroup.dp_group,8,33554432,forward.allgather_fn,None,None,,5.6596479415893555,5.52,4.83,1
CommType.all_gather,CommGroup.dp_group,8,33554432,forward.allgather_fn,None,None,,5.598207950592041,5.58,4.88,1
CommType.all_gather,CommGroup.dp_group,8,33554432,forward.allgather_fn,None,None,,5.539840221405029,5.64,4.94,1
CommType.all_gather,CommGroup.dp_group,8,90177536,forward.allgather_fn,None,None,,15.138815879821777,5.55,4.85,1
CommType.all_gather,CommGroup.dp_group,8,90177536,forward.allgather_fn,None,None,,15.062015533447266,5.58,4.88,1
CommType.all_gather,CommGroup.dp_group,8,90177536,forward.allgather_fn,None,None,,15.07430362701416,5.57,4.87,1
CommType.all_gather,CommGroup.dp_group,8,33554432,forward.allgather_fn,None,None,,5.440512180328369,5.74,5.03,1
CommType.all_gather,CommGroup.dp_group,8,33554432,forward.allgather_fn,None,None,,5.637119770050049,5.54,4.85,1
CommType.all_gather,CommGroup.dp_group,8,33554432,forward.allgather_fn,None,None,,5.56441593170166,5.62,4.91,1
CommType.all_gather,CommGroup.dp_group,8,33554432,forward.allgather_fn,None,None,,5.548031806945801,5.63,4.93,1
CommType.all_gather,CommGroup.dp_group,8,90177536,forward.allgather_fn,None,None,,15.156224250793457,5.54,4.85,1
CommType.all_gather,CommGroup.dp_group,8,90177536,forward.allgather_fn,None,None,,15.113216400146484,5.56,4.86,1
CommType.all_gather,CommGroup.dp_group,8,90177536,forward.allgather_fn,None,None,,15.096832275390625,5.56,4.87,1
CommType.all_gather,CommGroup.dp_group,8,33554432,forward.allgather_fn,None,None,,5.444608211517334,5.74,5.02,1
CommType.all_gather,CommGroup.dp_group,8,33554432,forward.allgather_fn,None,None,,5.62886381149292,5.55,4.86,1
CommType.all_gather,CommGroup.dp_group,8,33554432,forward.allgather_fn,None,None,,5.572703838348389,5.61,4.91,1
CommType.all_gather,CommGroup.dp_group,8,33554432,forward.allgather_fn,None,None,,5.547008037567139,5.63,4.93,1
CommType.all_gather,CommGroup.dp_group,8,90177536,forward.allgather_fn,None,None,,15.201279640197754,5.52,4.83,1
CommType.all_gather,CommGroup.dp_group,8,90177536,forward.allgather_fn,None,None,,15.10912036895752,5.56,4.86,1
CommType.all_gather,CommGroup.dp_group,8,90177536,forward.allgather_fn,None,None,,15.047679901123047,5.58,4.88,1
CommType.all_gather,CommGroup.dp_group,8,33554432,forward.allgather_fn,None,None,,5.5070719718933105,5.67,4.97,1
CommType.all_gather,CommGroup.dp_group,8,33554432,forward.allgather_fn,None,None,,5.57260799407959,5.61,4.91,1
CommType.all_gather,CommGroup.dp_group,8,33554432,forward.allgather_fn,None,None,,5.570559978485107,5.61,4.91,1
CommType.all_gather,CommGroup.dp_group,8,33554432,forward.allgather_fn,None,None,,5.575679779052734,5.6,4.9,1
CommType.all_gather,CommGroup.dp_group,8,90177536,forward.allgather_fn,None,None,,15.101951599121094,5.56,4.87,1
CommType.all_gather,CommGroup.dp_group,8,90177536,forward.allgather_fn,None,None,,15.050751686096191,5.58,4.88,1
CommType.all_gather,CommGroup.dp_group,8,90177536,forward.allgather_fn,None,None,,15.129599571228027,5.55,4.86,1
CommType.all_gather,CommGroup.dp_group,8,33554432,forward.allgather_fn,None,None,,5.47430419921875,5.71,4.99,1
CommType.all_gather,CommGroup.dp_group,8,33554432,forward.allgather_fn,None,None,,5.609471797943115,5.57,4.87,1
CommType.all_gather,CommGroup.dp_group,8,33554432,forward.allgather_fn,None,None,,5.5511040687561035,5.63,4.93,1
CommType.all_gather,CommGroup.dp_group,8,33554432,forward.allgather_fn,None,None,,5.547008037567139,5.63,4.93,1
CommType.all_gather,CommGroup.dp_group,8,90177536,forward.allgather_fn,None,None,,15.133695602416992,5.55,4.86,1
CommType.all_gather,CommGroup.dp_group,8,90177536,forward.allgather_fn,None,None,,15.125503540039062,5.55,4.86,1
CommType.all_gather,CommGroup.dp_group,8,90177536,forward.allgather_fn,None,None,,15.096832275390625,5.56,4.87,1
CommType.all_gather,CommGroup.dp_group,8,33554432,forward.allgather_fn,None,None,,5.479423999786377,5.7,4.99,1
CommType.all_gather,CommGroup.dp_group,8,33554432,forward.allgather_fn,None,None,,5.5562238693237305,5.62,4.92,1
CommType.all_gather,CommGroup.dp_group,8,33554432,forward.allgather_fn,None,None,,5.599232196807861,5.58,4.88,1
CommType.all_gather,CommGroup.dp_group,8,33554432,forward.allgather_fn,None,None,,5.581823825836182,5.6,4.9,1
CommType.all_gather,CommGroup.dp_group,8,90177536,forward.allgather_fn,None,None,,15.1910400390625,5.53,4.84,1
CommType.all_gather,CommGroup.dp_group,8,90177536,forward.allgather_fn,None,None,,15.065088272094727,5.57,4.88,1
CommType.all_gather,CommGroup.dp_group,8,90177536,forward.allgather_fn,None,None,,15.081472396850586,5.57,4.87,1
CommType.all_gather,CommGroup.dp_group,8,33554432,forward.allgather_fn,None,None,,5.468160152435303,5.71,5.0,1
CommType.all_gather,CommGroup.dp_group,8,33554432,forward.allgather_fn,None,None,,5.648416042327881,5.53,4.84,1
CommType.all_gather,CommGroup.dp_group,8,33554432,forward.allgather_fn,None,None,,5.545983791351318,5.63,4.93,1
CommType.all_gather,CommGroup.dp_group,8,33554432,forward.allgather_fn,None,None,,5.552127838134766,5.63,4.92,1
CommType.all_gather,CommGroup.dp_group,8,90177536,forward.allgather_fn,None,None,,15.184896469116211,5.53,4.84,1
CommType.all_gather,CommGroup.dp_group,8,90177536,forward.allgather_fn,None,None,,15.126527786254883,5.55,4.86,1
CommType.all_gather,CommGroup.dp_group,8,90177536,forward.allgather_fn,None,None,,15.052800178527832,5.58,4.88,1
CommType.all_gather,CommGroup.dp_group,8,33554432,forward.allgather_fn,None,None,,5.470208168029785,5.71,5.0,1
CommType.all_gather,CommGroup.dp_group,8,33554432,forward.allgather_fn,None,None,,5.617663860321045,5.56,4.87,1
CommType.all_gather,CommGroup.dp_group,8,33554432,forward.allgather_fn,None,None,,5.566463947296143,5.61,4.91,1
CommType.all_gather,CommGroup.dp_group,8,33554432,forward.allgather_fn,None,None,,5.532671928405762,5.65,4.94,1
CommType.all_gather,CommGroup.dp_group,8,90177536,forward.allgather_fn,None,None,,15.110143661499023,5.56,4.86,1
CommType.all_gather,CommGroup.dp_group,8,90177536,forward.allgather_fn,None,None,,15.065088272094727,5.57,4.88,1
CommType.all_gather,CommGroup.dp_group,8,90177536,forward.allgather_fn,None,None,,15.114239692687988,5.56,4.86,1
CommType.all_gather,CommGroup.dp_group,8,262144000,forward.allgather_fn,None,None,,44.17228698730469,5.53,4.84,1
CommType.all_gather,CommGroup.dp_group,8,90177536,forward.allgather_fn,None,None,,15.37440013885498,5.46,4.78,1
CommType.all_gather,CommGroup.dp_group,8,224395264,backward.allgather_fn,None,None,,37.94124984741211,5.51,4.82,1
CommType.all_gather,CommGroup.dp_group,8,90177536,backward.allgather_fn,None,None,,15.20025634765625,5.53,4.83,1
CommType.all_gather,CommGroup.dp_group,8,90177536,backward.allgather_fn,None,None,,15.19001579284668,5.53,4.84,1
CommType.all_gather,CommGroup.dp_group,8,90177536,backward.allgather_fn,None,None,,15.241215705871582,5.51,4.82,1
CommType.all_gather,CommGroup.dp_group,8,33554432,backward.allgather_fn,None,None,,5.58684778213501,5.59,4.89,1
CommType.all_gather,CommGroup.dp_group,8,33554432,backward.allgather_fn,None,None,,5.628928184509277,5.55,4.86,1
CommType.all_gather,CommGroup.dp_group,8,33554432,backward.allgather_fn,None,None,,5.602303981781006,5.58,4.88,1
CommType.all_gather,CommGroup.dp_group,8,33554432,backward.allgather_fn,None,None,,5.6036481857299805,5.58,4.88,1
CommType.all_gather,CommGroup.dp_group,8,90177536,backward.allgather_fn,None,None,,15.259648323059082,5.5,4.82,1
CommType.all_gather,CommGroup.dp_group,8,90177536,backward.allgather_fn,None,None,,15.237119674682617,5.51,4.82,1
CommType.all_gather,CommGroup.dp_group,8,90177536,backward.allgather_fn,None,None,,15.057951927185059,5.58,4.88,1
CommType.all_gather,CommGroup.dp_group,8,33554432,backward.allgather_fn,None,None,,5.480447769165039,5.7,4.99,1
CommType.reduce_scatter,CommGroup.dp_group,8,971014144,backward.reduce_scatter_fn,None,None,,160.27647399902344,5.64,4.94,1
CommType.all_gather,CommGroup.dp_group,8,33554432,backward.allgather_fn,None,None,,5.46611213684082,5.72,5.0,1
CommType.all_gather,CommGroup.dp_group,8,33554432,backward.allgather_fn,None,None,,5.620736122131348,5.56,4.86,1
CommType.all_gather,CommGroup.dp_group,8,33554432,backward.allgather_fn,None,None,,5.597184181213379,5.58,4.89,1
CommType.all_gather,CommGroup.dp_group,8,90177536,backward.allgather_fn,None,None,,15.149056434631348,5.54,4.85,1
CommType.all_gather,CommGroup.dp_group,8,90177536,backward.allgather_fn,None,None,,15.09171199798584,5.56,4.87,1
CommType.all_gather,CommGroup.dp_group,8,90177536,backward.allgather_fn,None,None,,15.096832275390625,5.56,4.87,1
CommType.all_gather,CommGroup.dp_group,8,33554432,backward.allgather_fn,None,None,,5.506048202514648,5.68,4.97,1
CommType.all_gather,CommGroup.dp_group,8,33554432,backward.allgather_fn,None,None,,5.566463947296143,5.61,4.91,1
CommType.all_gather,CommGroup.dp_group,8,33554432,backward.allgather_fn,None,None,,5.566559791564941,5.61,4.91,1
CommType.all_gather,CommGroup.dp_group,8,33554432,backward.allgather_fn,None,None,,5.575551986694336,5.6,4.9,1
CommType.all_gather,CommGroup.dp_group,8,90177536,backward.allgather_fn,None,None,,15.115263938903809,5.56,4.86,1
CommType.all_gather,CommGroup.dp_group,8,90177536,backward.allgather_fn,None,None,,15.09273624420166,5.56,4.87,1
CommType.all_gather,CommGroup.dp_group,8,90177536,backward.allgather_fn,None,None,,15.104000091552734,5.56,4.87,1
CommType.all_gather,CommGroup.dp_group,8,33554432,backward.allgather_fn,None,None,,5.473536014556885,5.71,5.0,1
CommType.all_gather,CommGroup.dp_group,8,33554432,backward.allgather_fn,None,None,,5.620512008666992,5.56,4.86,1
CommType.all_gather,CommGroup.dp_group,8,33554432,backward.allgather_fn,None,None,,5.576704025268555,5.6,4.9,1
CommType.all_gather,CommGroup.dp_group,8,33554432,backward.allgather_fn,None,None,,5.548031806945801,5.63,4.93,1
CommType.reduce_scatter,CommGroup.dp_group,8,910204928,backward.reduce_scatter_fn,None,None,,150.39488220214844,5.64,4.93,1
CommType.all_gather,CommGroup.dp_group,8,90177536,backward.allgather_fn,None,None,,14.932991981506348,5.62,4.92,1
CommType.all_gather,CommGroup.dp_group,8,90177536,backward.allgather_fn,None,None,,15.245311737060547,5.51,4.82,1
CommType.all_gather,CommGroup.dp_group,8,90177536,backward.allgather_fn,None,None,,15.114239692687988,5.56,4.86,1
CommType.all_gather,CommGroup.dp_group,8,33554432,backward.allgather_fn,None,None,,5.457024097442627,5.73,5.01,1
CommType.all_gather,CommGroup.dp_group,8,33554432,backward.allgather_fn,None,None,,5.577600002288818,5.6,4.9,1
CommType.all_gather,CommGroup.dp_group,8,33554432,backward.allgather_fn,None,None,,5.5971198081970215,5.58,4.89,1
CommType.all_gather,CommGroup.dp_group,8,33554432,backward.allgather_fn,None,None,,5.555200099945068,5.63,4.92,1
CommType.all_gather,CommGroup.dp_group,8,90177536,backward.allgather_fn,None,None,,15.131648063659668,5.55,4.86,1
CommType.all_gather,CommGroup.dp_group,8,90177536,backward.allgather_fn,None,None,,15.114239692687988,5.56,4.86,1
CommType.all_gather,CommGroup.dp_group,8,90177536,backward.allgather_fn,None,None,,15.093759536743164,5.56,4.87,1
CommType.all_gather,CommGroup.dp_group,8,33554432,backward.allgather_fn,None,None,,5.453824043273926,5.73,5.01,1
CommType.all_gather,CommGroup.dp_group,8,33554432,backward.allgather_fn,None,None,,5.608448028564453,5.57,4.88,1
CommType.all_gather,CommGroup.dp_group,8,33554432,backward.allgather_fn,None,None,,5.578752040863037,5.6,4.9,1
CommType.all_gather,CommGroup.dp_group,8,33554432,backward.allgather_fn,None,None,,5.559264183044434,5.62,4.92,1
CommType.all_gather,CommGroup.dp_group,8,90177536,backward.allgather_fn,None,None,,15.160320281982422,5.54,4.85,1
CommType.all_gather,CommGroup.dp_group,8,90177536,backward.allgather_fn,None,None,,15.115008354187012,5.56,4.86,1
CommType.reduce_scatter,CommGroup.dp_group,8,989888512,backward.reduce_scatter_fn,None,None,,163.3474578857422,5.64,4.94,1
CommType.all_gather,CommGroup.dp_group,8,90177536,backward.allgather_fn,None,None,,15.122431755065918,5.55,4.86,1
CommType.all_gather,CommGroup.dp_group,8,33554432,backward.allgather_fn,None,None,,5.4476799964904785,5.74,5.02,1
CommType.all_gather,CommGroup.dp_group,8,33554432,backward.allgather_fn,None,None,,5.5859198570251465,5.59,4.9,1
CommType.all_gather,CommGroup.dp_group,8,33554432,backward.allgather_fn,None,None,,5.588992118835449,5.59,4.89,1
CommType.all_gather,CommGroup.dp_group,8,33554432,backward.allgather_fn,None,None,,5.541888236999512,5.64,4.93,1
CommType.all_gather,CommGroup.dp_group,8,90177536,backward.allgather_fn,None,None,,15.172608375549316,5.54,4.84,1
CommType.all_gather,CommGroup.dp_group,8,90177536,backward.allgather_fn,None,None,,15.131648063659668,5.55,4.86,1
CommType.all_gather,CommGroup.dp_group,8,90177536,backward.allgather_fn,None,None,,15.08454418182373,5.57,4.87,1
CommType.all_gather,CommGroup.dp_group,8,33554432,backward.allgather_fn,None,None,,5.470367908477783,5.71,5.0,1
CommType.all_gather,CommGroup.dp_group,8,33554432,backward.allgather_fn,None,None,,5.56822395324707,5.61,4.91,1
CommType.all_gather,CommGroup.dp_group,8,33554432,backward.allgather_fn,None,None,,5.561344146728516,5.62,4.92,1
CommType.all_gather,CommGroup.dp_group,8,33554432,backward.allgather_fn,None,None,,5.544960021972656,5.64,4.93,1
CommType.all_gather,CommGroup.dp_group,8,90177536,backward.allgather_fn,None,None,,15.175680160522461,5.53,4.84,1
CommType.all_gather,CommGroup.dp_group,8,90177536,backward.allgather_fn,None,None,,15.081472396850586,5.57,4.87,1
CommType.all_gather,CommGroup.dp_group,8,90177536,backward.allgather_fn,None,None,,15.095808029174805,5.56,4.87,1
CommType.all_gather,CommGroup.dp_group,8,33554432,backward.allgather_fn,None,None,,5.453824043273926,5.73,5.01,1
CommType.all_gather,CommGroup.dp_group,8,33554432,backward.allgather_fn,None,None,,5.634047985076904,5.55,4.85,1
CommType.reduce_scatter,CommGroup.dp_group,8,966828032,backward.reduce_scatter_fn,None,None,,160.11672973632812,5.62,4.92,1
CommType.all_gather,CommGroup.dp_group,8,33554432,backward.allgather_fn,None,None,,5.506048202514648,5.68,4.97,1
CommType.all_gather,CommGroup.dp_group,8,33554432,backward.allgather_fn,None,None,,5.609504222869873,5.57,4.87,1
CommType.all_gather,CommGroup.dp_group,8,90177536,backward.allgather_fn,None,None,,15.153152465820312,5.54,4.85,1
CommType.all_gather,CommGroup.dp_group,8,90177536,backward.allgather_fn,None,None,,15.11731243133545,5.56,4.86,1
CommType.all_gather,CommGroup.dp_group,8,90177536,backward.allgather_fn,None,None,,15.134719848632812,5.55,4.86,1
CommType.all_gather,CommGroup.dp_group,8,33554432,backward.allgather_fn,None,None,,5.455872058868408,5.73,5.01,1
CommType.all_gather,CommGroup.dp_group,8,33554432,backward.allgather_fn,None,None,,5.591040134429932,5.59,4.89,1
CommType.all_gather,CommGroup.dp_group,8,33554432,backward.allgather_fn,None,None,,5.554175853729248,5.63,4.92,1
CommType.all_gather,CommGroup.dp_group,8,33554432,backward.allgather_fn,None,None,,5.51526403427124,5.67,4.96,1
CommType.all_gather,CommGroup.dp_group,8,90177536,backward.allgather_fn,None,None,,15.153152465820312,5.54,4.85,1
CommType.all_gather,CommGroup.dp_group,8,90177536,backward.allgather_fn,None,None,,15.071231842041016,5.57,4.88,1
CommType.all_gather,CommGroup.dp_group,8,90177536,backward.allgather_fn,None,None,,15.065088272094727,5.57,4.88,1
CommType.all_gather,CommGroup.dp_group,8,33554432,backward.allgather_fn,None,None,,5.436416149139404,5.75,5.03,1
CommType.all_gather,CommGroup.dp_group,8,33554432,backward.allgather_fn,None,None,,5.646336078643799,5.53,4.84,1
CommType.all_gather,CommGroup.dp_group,8,33554432,backward.allgather_fn,None,None,,5.5654401779174805,5.62,4.91,1
CommType.all_gather,CommGroup.dp_group,8,33554432,backward.allgather_fn,None,None,,5.540736198425293,5.64,4.94,1
CommType.all_gather,CommGroup.dp_group,8,90177536,backward.allgather_fn,None,None,,15.16543960571289,5.54,4.85,1
CommType.reduce_scatter,CommGroup.dp_group,8,966828032,backward.reduce_scatter_fn,None,None,,159.6057586669922,5.64,4.94,1
CommType.all_gather,CommGroup.dp_group,8,90177536,backward.allgather_fn,None,None,,15.122431755065918,5.55,4.86,1
CommType.all_gather,CommGroup.dp_group,8,90177536,backward.allgather_fn,None,None,,15.081472396850586,5.57,4.87,1
CommType.all_gather,CommGroup.dp_group,8,33554432,backward.allgather_fn,None,None,,5.46611213684082,5.72,5.0,1
CommType.all_gather,CommGroup.dp_group,8,33554432,backward.allgather_fn,None,None,,5.631999969482422,5.55,4.86,1
CommType.all_gather,CommGroup.dp_group,8,33554432,backward.allgather_fn,None,None,,5.4824957847595215,5.7,4.99,1
CommType.all_gather,CommGroup.dp_group,8,33554432,backward.allgather_fn,None,None,,5.542912006378174,5.64,4.93,1
CommType.all_gather,CommGroup.dp_group,8,90177536,backward.allgather_fn,None,None,,15.193087577819824,5.53,4.84,1
CommType.all_gather,CommGroup.dp_group,8,90177536,backward.allgather_fn,None,None,,15.051775932312012,5.58,4.88,1
CommType.all_gather,CommGroup.dp_group,8,90177536,backward.allgather_fn,None,None,,15.119359970092773,5.55,4.86,1
CommType.all_gather,CommGroup.dp_group,8,33554432,backward.allgather_fn,None,None,,5.441535949707031,5.74,5.03,1
CommType.all_gather,CommGroup.dp_group,8,33554432,backward.allgather_fn,None,None,,5.637119770050049,5.54,4.85,1
CommType.all_gather,CommGroup.dp_group,8,33554432,backward.allgather_fn,None,None,,5.567488193511963,5.61,4.91,1
CommType.all_gather,CommGroup.dp_group,8,33554432,backward.allgather_fn,None,None,,5.554111957550049,5.63,4.92,1
CommType.all_gather,CommGroup.dp_group,8,90177536,backward.allgather_fn,None,None,,15.149056434631348,5.54,4.85,1
CommType.all_gather,CommGroup.dp_group,8,90177536,backward.allgather_fn,None,None,,15.08351993560791,5.57,4.87,1
CommType.all_gather,CommGroup.dp_group,8,90177536,backward.allgather_fn,None,None,,15.09990406036377,5.56,4.87,1
CommType.reduce_scatter,CommGroup.dp_group,8,989896704,backward.reduce_scatter_fn,None,None,,163.3105926513672,5.65,4.94,1
CommType.all_gather,CommGroup.dp_group,8,33554432,backward.allgather_fn,None,None,,5.529600143432617,5.65,4.94,1
CommType.all_gather,CommGroup.dp_group,8,33554432,backward.allgather_fn,None,None,,5.493760108947754,5.69,4.98,1
CommType.all_gather,CommGroup.dp_group,8,33554432,backward.allgather_fn,None,None,,5.606400012969971,5.57,4.88,1
CommType.all_gather,CommGroup.dp_group,8,33554432,backward.allgather_fn,None,None,,5.555200099945068,5.63,4.92,1
CommType.all_gather,CommGroup.dp_group,8,90177536,backward.allgather_fn,None,None,,15.17465591430664,5.53,4.84,1
CommType.all_gather,CommGroup.dp_group,8,90177536,backward.allgather_fn,None,None,,15.09887981414795,5.56,4.87,1
CommType.all_gather,CommGroup.dp_group,8,90177536,backward.allgather_fn,None,None,,15.118335723876953,5.56,4.86,1
CommType.all_gather,CommGroup.dp_group,8,33554432,backward.allgather_fn,None,None,,5.452960014343262,5.73,5.01,1
CommType.all_gather,CommGroup.dp_group,8,33554432,backward.allgather_fn,None,None,,5.6136322021484375,5.57,4.87,1
CommType.all_gather,CommGroup.dp_group,8,33554432,backward.allgather_fn,None,None,,5.563392162322998,5.62,4.91,1
CommType.all_gather,CommGroup.dp_group,8,33554432,backward.allgather_fn,None,None,,5.567488193511963,5.61,4.91,1
CommType.all_gather,CommGroup.dp_group,8,90177536,backward.allgather_fn,None,None,,15.159296035766602,5.54,4.85,1
CommType.all_gather,CommGroup.dp_group,8,90177536,backward.allgather_fn,None,None,,15.087648391723633,5.57,4.87,1
CommType.all_gather,CommGroup.dp_group,8,90177536,backward.allgather_fn,None,None,,15.086591720581055,5.57,4.87,1
CommType.all_gather,CommGroup.dp_group,8,33554432,backward.allgather_fn,None,None,,5.459968090057373,5.72,5.01,1
CommType.all_gather,CommGroup.dp_group,8,33554432,backward.allgather_fn,None,None,,5.611455917358398,5.57,4.87,1
CommType.all_gather,CommGroup.dp_group,8,33554432,backward.allgather_fn,None,None,,5.570559978485107,5.61,4.91,1
CommType.all_gather,CommGroup.dp_group,8,33554432,backward.allgather_fn,None,None,,5.517312049865723,5.66,4.96,1
CommType.reduce_scatter,CommGroup.dp_group,8,943759360,backward.reduce_scatter_fn,None,None,,155.84768676757812,5.64,4.93,1
CommType.all_gather,CommGroup.dp_group,8,90177536,backward.allgather_fn,None,None,,14.961664199829102,5.61,4.91,1
CommType.all_gather,CommGroup.dp_group,8,90177536,backward.allgather_fn,None,None,,15.20742416381836,5.52,4.83,1
CommType.all_gather,CommGroup.dp_group,8,90177536,backward.allgather_fn,None,None,,15.11731243133545,5.56,4.86,1
CommType.all_gather,CommGroup.dp_group,8,33554432,backward.allgather_fn,None,None,,5.475264072418213,5.71,4.99,1
CommType.all_gather,CommGroup.dp_group,8,33554432,backward.allgather_fn,None,None,,5.5951361656188965,5.59,4.89,1
CommType.all_gather,CommGroup.dp_group,8,33554432,backward.allgather_fn,None,None,,5.574656009674072,5.61,4.91,1
CommType.all_gather,CommGroup.dp_group,8,33554432,backward.allgather_fn,None,None,,5.541888236999512,5.64,4.93,1
CommType.all_gather,CommGroup.dp_group,8,90177536,backward.allgather_fn,None,None,,15.29856014251709,5.49,4.8,1
CommType.all_gather,CommGroup.dp_group,8,90177536,backward.allgather_fn,None,None,,15.068160057067871,5.57,4.88,1
CommType.all_gather,CommGroup.dp_group,8,90177536,backward.allgather_fn,None,None,,15.101951599121094,5.56,4.87,1
CommType.all_gather,CommGroup.dp_group,8,33554432,backward.allgather_fn,None,None,,5.488639831542969,5.69,4.98,1
CommType.all_gather,CommGroup.dp_group,8,33554432,backward.allgather_fn,None,None,,5.549056053161621,5.63,4.93,1
CommType.all_gather,CommGroup.dp_group,8,33554432,backward.allgather_fn,None,None,,5.570559978485107,5.61,4.91,1
CommType.all_gather,CommGroup.dp_group,8,33554432,backward.allgather_fn,None,None,,5.541888236999512,5.64,4.93,1
CommType.all_gather,CommGroup.dp_group,8,90177536,backward.allgather_fn,None,None,,15.166175842285156,5.54,4.85,1
CommType.all_gather,CommGroup.dp_group,8,90177536,backward.allgather_fn,None,None,,15.09171199798584,5.56,4.87,1
CommType.reduce_scatter,CommGroup.dp_group,8,989888512,backward.reduce_scatter_fn,None,None,,163.35154724121094,5.64,4.94,1
CommType.all_gather,CommGroup.dp_group,8,90177536,backward.allgather_fn,None,None,,15.035391807556152,5.59,4.89,1
CommType.all_gather,CommGroup.dp_group,8,33554432,backward.allgather_fn,None,None,,5.440512180328369,5.74,5.03,1
CommType.all_gather,CommGroup.dp_group,8,33554432,backward.allgather_fn,None,None,,5.601280212402344,5.58,4.88,1
CommType.all_gather,CommGroup.dp_group,8,33554432,backward.allgather_fn,None,None,,5.578752040863037,5.6,4.9,1
CommType.all_gather,CommGroup.dp_group,8,33554432,backward.allgather_fn,None,None,,5.547008037567139,5.63,4.93,1
CommType.all_gather,CommGroup.dp_group,8,90177536,backward.allgather_fn,None,None,,15.194111824035645,5.53,4.84,1
CommType.all_gather,CommGroup.dp_group,8,90177536,backward.allgather_fn,None,None,,15.058943748474121,5.58,4.88,1
CommType.all_gather,CommGroup.dp_group,8,90177536,backward.allgather_fn,None,None,,15.111167907714844,5.56,4.86,1
CommType.all_gather,CommGroup.dp_group,8,33554432,backward.allgather_fn,None,None,,5.469183921813965,5.71,5.0,1
CommType.all_gather,CommGroup.dp_group,8,33554432,backward.allgather_fn,None,None,,5.445631980895996,5.74,5.02,1
CommType.all_gather,CommGroup.dp_group,8,33554432,backward.allgather_fn,None,None,,5.662720203399658,5.52,4.83,1
CommType.all_gather,CommGroup.dp_group,8,33554432,backward.allgather_fn,None,None,,5.554175853729248,5.63,4.92,1
CommType.all_gather,CommGroup.dp_group,8,90177536,backward.allgather_fn,None,None,,15.128576278686523,5.55,4.86,1
CommType.all_gather,CommGroup.dp_group,8,90177536,backward.allgather_fn,None,None,,15.09887981414795,5.56,4.87,1
CommType.all_gather,CommGroup.dp_group,8,90177536,backward.allgather_fn,None,None,,15.081472396850586,5.57,4.87,1
CommType.all_gather,CommGroup.dp_group,8,33554432,backward.allgather_fn,None,None,,5.449728012084961,5.73,5.02,1
CommType.all_gather,CommGroup.dp_group,8,33554432,backward.allgather_fn,None,None,,5.597184181213379,5.58,4.89,1
CommType.reduce_scatter,CommGroup.dp_group,8,966828032,backward.reduce_scatter_fn,None,None,,159.55661010742188,5.64,4.94,1
CommType.all_gather,CommGroup.dp_group,8,33554432,backward.allgather_fn,None,None,,5.463039875030518,5.72,5.01,1
CommType.all_gather,CommGroup.dp_group,8,33554432,backward.allgather_fn,None,None,,5.543935775756836,5.64,4.93,1
CommType.all_gather,CommGroup.dp_group,8,90177536,backward.allgather_fn,None,None,,15.277055740356445,5.5,4.81,1
CommType.all_gather,CommGroup.dp_group,8,90177536,backward.allgather_fn,None,None,,15.118335723876953,5.56,4.86,1
CommType.all_gather,CommGroup.dp_group,8,90177536,backward.allgather_fn,None,None,,15.105024337768555,5.56,4.87,1
CommType.all_gather,CommGroup.dp_group,8,33554432,backward.allgather_fn,None,None,,5.486591815948486,5.7,4.98,1
CommType.all_gather,CommGroup.dp_group,8,33554432,backward.allgather_fn,None,None,,5.591040134429932,5.59,4.89,1
CommType.all_gather,CommGroup.dp_group,8,33554432,backward.allgather_fn,None,None,,5.547008037567139,5.63,4.93,1
CommType.all_gather,CommGroup.dp_group,8,33554432,backward.allgather_fn,None,None,,5.560319900512695,5.62,4.92,1
CommType.all_gather,CommGroup.dp_group,8,90177536,backward.allgather_fn,None,None,,15.154175758361816,5.54,4.85,1
CommType.all_gather,CommGroup.dp_group,8,90177536,backward.allgather_fn,None,None,,15.110143661499023,5.56,4.86,1
CommType.all_gather,CommGroup.dp_group,8,90177536,backward.allgather_fn,None,None,,15.118335723876953,5.56,4.86,1
CommType.all_gather,CommGroup.dp_group,8,33554432,backward.allgather_fn,None,None,,5.429247856140137,5.76,5.04,1
CommType.all_gather,CommGroup.dp_group,8,33554432,backward.allgather_fn,None,None,,5.653439998626709,5.53,4.84,1
CommType.all_gather,CommGroup.dp_group,8,33554432,backward.allgather_fn,None,None,,5.576704025268555,5.6,4.9,1
CommType.all_gather,CommGroup.dp_group,8,33554432,backward.allgather_fn,None,None,,5.544960021972656,5.64,4.93,1
CommType.all_gather,CommGroup.dp_group,8,90177536,backward.allgather_fn,None,None,,15.154175758361816,5.54,4.85,1
CommType.reduce_scatter,CommGroup.dp_group,8,966828032,backward.reduce_scatter_fn,None,None,,159.50746154785156,5.65,4.94,1
CommType.all_gather,CommGroup.dp_group,8,90177536,backward.allgather_fn,None,None,,15.050751686096191,5.58,4.88,1
CommType.all_gather,CommGroup.dp_group,8,90177536,backward.allgather_fn,None,None,,15.107071876525879,5.56,4.86,1
CommType.all_gather,CommGroup.dp_group,8,33554432,backward.allgather_fn,None,None,,5.453824043273926,5.73,5.01,1
CommType.all_gather,CommGroup.dp_group,8,33554432,backward.allgather_fn,None,None,,5.574656009674072,5.61,4.91,1
CommType.all_gather,CommGroup.dp_group,8,33554432,backward.allgather_fn,None,None,,5.599232196807861,5.58,4.88,1
CommType.all_gather,CommGroup.dp_group,8,33554432,backward.allgather_fn,None,None,,5.547008037567139,5.63,4.93,1
CommType.all_gather,CommGroup.dp_group,8,90177536,backward.allgather_fn,None,None,,15.229023933410645,5.51,4.83,1
CommType.all_gather,CommGroup.dp_group,8,90177536,backward.allgather_fn,None,None,,15.057920455932617,5.58,4.88,1
CommType.all_gather,CommGroup.dp_group,8,90177536,backward.allgather_fn,None,None,,15.122431755065918,5.55,4.86,1
CommType.all_gather,CommGroup.dp_group,8,33554432,backward.allgather_fn,None,None,,5.496799945831299,5.69,4.97,1
CommType.all_gather,CommGroup.dp_group,8,33554432,backward.allgather_fn,None,None,,5.593088150024414,5.59,4.89,1
CommType.all_gather,CommGroup.dp_group,8,33554432,backward.allgather_fn,None,None,,5.5316481590271,5.65,4.94,1
CommType.all_gather,CommGroup.dp_group,8,33554432,backward.allgather_fn,None,None,,5.55404806137085,5.63,4.92,1
CommType.all_gather,CommGroup.dp_group,8,90177536,backward.allgather_fn,None,None,,15.154335975646973,5.54,4.85,1
CommType.all_gather,CommGroup.dp_group,8,90177536,backward.allgather_fn,None,None,,15.09171199798584,5.56,4.87,1
CommType.all_gather,CommGroup.dp_group,8,90177536,backward.allgather_fn,None,None,,15.046655654907227,5.58,4.88,1
CommType.reduce_scatter,CommGroup.dp_group,8,989896704,backward.reduce_scatter_fn,None,None,,163.29522705078125,5.65,4.94,1
CommType.all_gather,CommGroup.dp_group,8,33554432,backward.allgather_fn,None,None,,5.495808124542236,5.69,4.98,1
CommType.all_gather,CommGroup.dp_group,8,33554432,backward.allgather_fn,None,None,,5.509088039398193,5.67,4.96,1
CommType.all_gather,CommGroup.dp_group,8,33554432,backward.allgather_fn,None,None,,5.497856140136719,5.68,4.97,1
CommType.all_gather,CommGroup.dp_group,8,33554432,backward.allgather_fn,None,None,,5.587967872619629,5.59,4.89,1
CommType.all_gather,CommGroup.dp_group,8,90177536,backward.allgather_fn,None,None,,15.149120330810547,5.54,4.85,1
CommType.all_gather,CommGroup.dp_group,8,90177536,backward.allgather_fn,None,None,,15.079423904418945,5.57,4.87,1
CommType.all_gather,CommGroup.dp_group,8,90177536,backward.allgather_fn,None,None,,15.060992240905762,5.58,4.88,1
CommType.all_gather,CommGroup.dp_group,8,33554432,backward.allgather_fn,None,None,,5.4824957847595215,5.7,4.99,1
CommType.all_gather,CommGroup.dp_group,8,33554432,backward.allgather_fn,None,None,,5.639167785644531,5.54,4.85,1
CommType.all_gather,CommGroup.dp_group,8,33554432,backward.allgather_fn,None,None,,5.560319900512695,5.62,4.92,1
CommType.all_gather,CommGroup.dp_group,8,33554432,backward.allgather_fn,None,None,,5.539584159851074,5.64,4.94,1
CommType.all_gather,CommGroup.dp_group,8,262144000,backward.allgather_fn,None,None,,44.293121337890625,5.51,4.82,1
CommType.reduce_scatter,CommGroup.dp_group,8,943759360,backward.reduce_scatter_fn,None,None,,155.73504638671875,5.64,4.94,1
CommType.reduce_scatter,CommGroup.dp_group,8,989888512,backward.reduce_scatter_fn,None,None,,162.77810668945312,5.66,4.96,1
CommType.reduce_scatter,CommGroup.dp_group,8,891322368,step.reduce_scatter_fn,None,None,,147.1262664794922,5.64,4.94,1
CommType.all_reduce,CommGroup.dp_group,8,1,step.has_overflow,None,None,,0.13312000036239624,0.0,0.0,1
CommType.all_reduce,CommGroup.dp_group,8,8,step.get_grad_norm_direct,None,None,,0.11468800157308578,0.0,0.0,1
CommType.all_gather,CommGroup.dp_group,8,8192,step.allgather_fn,None,None,,0.11366400122642517,0.07,0.06,1
CommType.all_gather,CommGroup.dp_group,8,8192,step.allgather_fn,None,None,,0.10342399775981903,0.07,0.06,1
CommType.all_gather,CommGroup.dp_group,8,8192,step.allgather_fn,None,None,,0.1013759970664978,0.08,0.07,1
CommType.all_gather,CommGroup.dp_group,8,8192,step.allgather_fn,None,None,,0.10108800232410431,0.08,0.07,1
CommType.all_gather,CommGroup.dp_group,8,8192,step.allgather_fn,None,None,,0.10054399818181992,0.08,0.07,1
CommType.all_gather,CommGroup.dp_group,8,8192,step.allgather_fn,None,None,,0.11388800293207169,0.07,0.06,1
CommType.all_gather,CommGroup.dp_group,8,8192,step.allgather_fn,None,None,,0.10035199671983719,0.08,0.07,1
CommType.all_gather,CommGroup.dp_group,8,8192,step.allgather_fn,None,None,,0.09939199686050415,0.08,0.07,1
CommType.all_gather,CommGroup.dp_group,8,8192,step.allgather_fn,None,None,,0.09904000163078308,0.08,0.07,1
CommType.all_gather,CommGroup.dp_group,8,8192,step.allgather_fn,None,None,,0.10211200267076492,0.07,0.07,1
CommType.all_gather,CommGroup.dp_group,8,8192,step.allgather_fn,None,None,,0.11161600053310394,0.07,0.06,1
CommType.all_gather,CommGroup.dp_group,8,8192,step.allgather_fn,None,None,,0.10035199671983719,0.08,0.07,1
CommType.all_gather,CommGroup.dp_group,8,8192,step.allgather_fn,None,None,,0.10035199671983719,0.08,0.07,1
CommType.all_gather,CommGroup.dp_group,8,8192,step.allgather_fn,None,None,,0.09932799637317657,0.08,0.07,1
CommType.all_gather,CommGroup.dp_group,8,8192,step.allgather_fn,None,None,,0.09830400347709656,0.08,0.07,1
CommType.all_gather,CommGroup.dp_group,8,8192,step.allgather_fn,None,None,,0.09843199700117111,0.08,0.07,1
CommType.all_gather,CommGroup.dp_group,8,8192,step.allgather_fn,None,None,,0.1013759970664978,0.08,0.07,1
CommType.all_gather,CommGroup.dp_group,8,8192,step.allgather_fn,None,None,,0.09948799759149551,0.08,0.07,1
CommType.all_gather,CommGroup.dp_group,8,8192,step.allgather_fn,None,None,,0.09948799759149551,0.08,0.07,1
CommType.all_gather,CommGroup.dp_group,8,8192,step.allgather_fn,None,None,,0.09932799637317657,0.08,0.07,1
CommType.all_gather,CommGroup.dp_group,8,8192,step.allgather_fn,None,None,,0.09913600236177444,0.08,0.07,1
CommType.all_gather,CommGroup.dp_group,8,8192,step.allgather_fn,None,None,,0.1013759970664978,0.08,0.07,1
CommType.all_gather,CommGroup.dp_group,8,8192,step.allgather_fn,None,None,,0.09939199686050415,0.08,0.07,1
CommType.all_gather,CommGroup.dp_group,8,8192,step.allgather_fn,None,None,,0.09932799637317657,0.08,0.07,1
CommType.all_gather,CommGroup.dp_group,8,8192,step.allgather_fn,None,None,,0.09932799637317657,0.08,0.07,1
CommType.all_gather,CommGroup.dp_group,8,8192,step.allgather_fn,None,None,,0.09929600358009338,0.08,0.07,1
CommType.all_gather,CommGroup.dp_group,8,8192,step.allgather_fn,None,None,,0.11264000087976456,0.07,0.06,1
CommType.all_gather,CommGroup.dp_group,8,8192,step.allgather_fn,None,None,,0.09932799637317657,0.08,0.07,1
CommType.all_gather,CommGroup.dp_group,8,8192,step.allgather_fn,None,None,,0.09932799637317657,0.08,0.07,1
CommType.all_gather,CommGroup.dp_group,8,8192,step.allgather_fn,None,None,,0.11468800157308578,0.07,0.06,1
CommType.all_gather,CommGroup.dp_group,8,8192,step.allgather_fn,None,None,,0.09929600358009338,0.08,0.07,1
CommType.all_gather,CommGroup.dp_group,8,8192,step.allgather_fn,None,None,,0.10956799983978271,0.07,0.06,1
CommType.all_gather,CommGroup.dp_group,8,8192,step.allgather_fn,None,None,,0.10012800246477127,0.08,0.07,1
CommType.all_gather,CommGroup.dp_group,8,8192,step.allgather_fn,None,None,,0.09913600236177444,0.08,0.07,1
CommType.all_gather,CommGroup.dp_group,8,8192,step.allgather_fn,None,None,,0.09830400347709656,0.08,0.07,1
CommType.all_gather,CommGroup.dp_group,8,8192,step.allgather_fn,None,None,,0.09830400347709656,0.08,0.07,1
CommType.all_gather,CommGroup.dp_group,8,8192,step.allgather_fn,None,None,,0.09849599748849869,0.08,0.07,1
CommType.all_gather,CommGroup.dp_group,8,8192,step.allgather_fn,None,None,,0.10035199671983719,0.08,0.07,1
CommType.all_gather,CommGroup.dp_group,8,8192,step.allgather_fn,None,None,,0.0990080013871193,0.08,0.07,1
CommType.all_gather,CommGroup.dp_group,8,8192,step.allgather_fn,None,None,,0.09923200309276581,0.08,0.07,1
CommType.all_gather,CommGroup.dp_group,8,8192,step.allgather_fn,None,None,,0.1013759970664978,0.08,0.07,1
CommType.all_gather,CommGroup.dp_group,8,8192,step.allgather_fn,None,None,,0.1011200025677681,0.08,0.07,1
CommType.all_gather,CommGroup.dp_group,8,8192,step.allgather_fn,None,None,,0.11059200018644333,0.07,0.06,1
CommType.all_gather,CommGroup.dp_group,8,8192,step.allgather_fn,None,None,,0.09750399738550186,0.08,0.07,1
CommType.all_gather,CommGroup.dp_group,8,8192,step.allgather_fn,None,None,,0.09862399846315384,0.08,0.07,1
CommType.all_gather,CommGroup.dp_group,8,8192,step.allgather_fn,None,None,,0.1003199964761734,0.08,0.07,1
CommType.all_gather,CommGroup.dp_group,8,8192,step.allgather_fn,None,None,,0.11135999858379364,0.07,0.06,1
CommType.all_gather,CommGroup.dp_group,8,8192,step.allgather_fn,None,None,,0.11337599903345108,0.07,0.06,1
CommType.all_gather,CommGroup.dp_group,8,8192,step.allgather_fn,None,None,,0.09945599734783173,0.08,0.07,1
CommType.all_gather,CommGroup.dp_group,8,8192,step.allgather_fn,None,None,,0.09904000163078308,0.08,0.07,1
CommType.all_gather,CommGroup.dp_group,8,8192,step.allgather_fn,None,None,,0.09830400347709656,0.08,0.07,1
CommType.all_gather,CommGroup.dp_group,8,8192,step.allgather_fn,None,None,,0.10051199793815613,0.08,0.07,1
CommType.all_gather,CommGroup.dp_group,8,8192,step.allgather_fn,None,None,,0.10883200168609619,0.07,0.06,1
CommType.all_gather,CommGroup.dp_group,8,8192,step.allgather_fn,None,None,,0.09830400347709656,0.08,0.07,1
CommType.all_gather,CommGroup.dp_group,8,8192,step.allgather_fn,None,None,,0.0984639972448349,0.08,0.07,1
CommType.all_gather,CommGroup.dp_group,8,8192,step.allgather_fn,None,None,,0.09935999661684036,0.08,0.07,1
CommType.all_gather,CommGroup.dp_group,8,8192,step.allgather_fn,None,None,,0.09839999675750732,0.08,0.07,1
CommType.all_gather,CommGroup.dp_group,8,8192,step.allgather_fn,None,None,,0.10035199671983719,0.08,0.07,1
CommType.all_gather,CommGroup.dp_group,8,8192,step.allgather_fn,None,None,,0.10035199671983719,0.08,0.07,1
CommType.all_gather,CommGroup.dp_group,8,8192,step.allgather_fn,None,None,,0.10239999741315842,0.07,0.07,1
CommType.all_gather,CommGroup.dp_group,8,8192,step.allgather_fn,None,None,,0.09862399846315384,0.08,0.07,1
CommType.all_gather,CommGroup.dp_group,8,8192,step.allgather_fn,None,None,,0.09759999811649323,0.08,0.07,1
CommType.all_gather,CommGroup.dp_group,8,8192,step.allgather_fn,None,None,,0.09862399846315384,0.08,0.07,1
CommType.all_gather,CommGroup.dp_group,8,8192,step.allgather_fn,None,None,,0.11059200018644333,0.07,0.06,1
CommType.all_gather,CommGroup.dp_group,8,8192,step.allgather_fn,None,None,,0.09929600358009338,0.08,0.07,1
CommType.epoch_end,None,None,0,,None,None,,6455.329656600952,0.0,0.0,1
CommType.all_gather,CommGroup.dp_group,8,2015363072,forward.allgather_fn,None,None,,341.5674743652344,5.5,4.81,1
CommType.all_gather,CommGroup.dp_group,8,270532608,forward.allgather_fn,None,None,,45.62432098388672,5.52,4.83,1
CommType.all_gather,CommGroup.dp_group,8,33554432,forward.allgather_fn,None,None,,5.563392162322998,5.62,4.91,1
CommType.all_gather,CommGroup.dp_group,8,33554432,forward.allgather_fn,None,None,,5.459839820861816,5.72,5.01,1
CommType.all_gather,CommGroup.dp_group,8,33554432,forward.allgather_fn,None,None,,5.500927925109863,5.68,4.97,1
CommType.all_gather,CommGroup.dp_group,8,33554432,forward.allgather_fn,None,None,,5.529600143432617,5.65,4.94,1
CommType.all_gather,CommGroup.dp_group,8,90177536,forward.allgather_fn,None,None,,15.420415878295898,5.45,4.77,1
CommType.all_gather,CommGroup.dp_group,8,90177536,forward.allgather_fn,None,None,,15.136768341064453,5.55,4.85,1
CommType.all_gather,CommGroup.dp_group,8,90177536,forward.allgather_fn,None,None,,15.08454418182373,5.57,4.87,1
CommType.all_gather,CommGroup.dp_group,8,33554432,forward.allgather_fn,None,None,,5.45689582824707,5.73,5.01,1
CommType.all_gather,CommGroup.dp_group,8,33554432,forward.allgather_fn,None,None,,5.593088150024414,5.59,4.89,1
CommType.all_gather,CommGroup.dp_group,8,33554432,forward.allgather_fn,None,None,,5.570559978485107,5.61,4.91,1
CommType.all_gather,CommGroup.dp_group,8,33554432,forward.allgather_fn,None,None,,5.557248115539551,5.62,4.92,1
CommType.all_gather,CommGroup.dp_group,8,90177536,forward.allgather_fn,None,None,,15.150079727172852,5.54,4.85,1
CommType.all_gather,CommGroup.dp_group,8,90177536,forward.allgather_fn,None,None,,15.114239692687988,5.56,4.86,1
CommType.all_gather,CommGroup.dp_group,8,90177536,forward.allgather_fn,None,None,,15.08454418182373,5.57,4.87,1
CommType.all_gather,CommGroup.dp_group,8,33554432,forward.allgather_fn,None,None,,5.4527997970581055,5.73,5.01,1
CommType.all_gather,CommGroup.dp_group,8,33554432,forward.allgather_fn,None,None,,5.639167785644531,5.54,4.85,1
CommType.all_gather,CommGroup.dp_group,8,33554432,forward.allgather_fn,None,None,,5.550079822540283,5.63,4.93,1
CommType.all_gather,CommGroup.dp_group,8,33554432,forward.allgather_fn,None,None,,5.554175853729248,5.63,4.92,1
CommType.all_gather,CommGroup.dp_group,8,90177536,forward.allgather_fn,None,None,,15.143936157226562,5.55,4.85,1
CommType.all_gather,CommGroup.dp_group,8,90177536,forward.allgather_fn,None,None,,15.096832275390625,5.56,4.87,1
CommType.all_gather,CommGroup.dp_group,8,90177536,forward.allgather_fn,None,None,,15.097855567932129,5.56,4.87,1
CommType.all_gather,CommGroup.dp_group,8,33554432,forward.allgather_fn,None,None,,5.4527997970581055,5.73,5.01,1
CommType.all_gather,CommGroup.dp_group,8,33554432,forward.allgather_fn,None,None,,5.631999969482422,5.55,4.86,1
CommType.all_gather,CommGroup.dp_group,8,33554432,forward.allgather_fn,None,None,,5.562367916107178,5.62,4.92,1
CommType.all_gather,CommGroup.dp_group,8,33554432,forward.allgather_fn,None,None,,5.5654401779174805,5.62,4.91,1
CommType.all_gather,CommGroup.dp_group,8,90177536,forward.allgather_fn,None,None,,15.19820785522461,5.53,4.84,1
CommType.all_gather,CommGroup.dp_group,8,90177536,forward.allgather_fn,None,None,,15.09984016418457,5.56,4.87,1
CommType.all_gather,CommGroup.dp_group,8,90177536,forward.allgather_fn,None,None,,15.069184303283691,5.57,4.88,1
CommType.all_gather,CommGroup.dp_group,8,33554432,forward.allgather_fn,None,None,,5.434368133544922,5.75,5.03,1
CommType.all_gather,CommGroup.dp_group,8,33554432,forward.allgather_fn,None,None,,5.6299519538879395,5.55,4.86,1
CommType.all_gather,CommGroup.dp_group,8,33554432,forward.allgather_fn,None,None,,5.5511040687561035,5.63,4.93,1
CommType.all_gather,CommGroup.dp_group,8,33554432,forward.allgather_fn,None,None,,5.582848072052002,5.6,4.9,1
CommType.all_gather,CommGroup.dp_group,8,90177536,forward.allgather_fn,None,None,,15.166463851928711,5.54,4.85,1
CommType.all_gather,CommGroup.dp_group,8,90177536,forward.allgather_fn,None,None,,15.068160057067871,5.57,4.88,1
CommType.all_gather,CommGroup.dp_group,8,90177536,forward.allgather_fn,None,None,,15.09171199798584,5.56,4.87,1
CommType.all_gather,CommGroup.dp_group,8,33554432,forward.allgather_fn,None,None,,5.445631980895996,5.74,5.02,1
CommType.all_gather,CommGroup.dp_group,8,33554432,forward.allgather_fn,None,None,,5.566463947296143,5.61,4.91,1
CommType.all_gather,CommGroup.dp_group,8,33554432,forward.allgather_fn,None,None,,5.593088150024414,5.59,4.89,1
CommType.all_gather,CommGroup.dp_group,8,33554432,forward.allgather_fn,None,None,,5.583871841430664,5.6,4.9,1
CommType.all_gather,CommGroup.dp_group,8,90177536,forward.allgather_fn,None,None,,15.112192153930664,5.56,4.86,1
CommType.all_gather,CommGroup.dp_group,8,90177536,forward.allgather_fn,None,None,,15.101951599121094,5.56,4.87,1
CommType.all_gather,CommGroup.dp_group,8,90177536,forward.allgather_fn,None,None,,15.086591720581055,5.57,4.87,1
CommType.all_gather,CommGroup.dp_group,8,33554432,forward.allgather_fn,None,None,,5.458943843841553,5.72,5.01,1
CommType.all_gather,CommGroup.dp_group,8,33554432,forward.allgather_fn,None,None,,5.640192031860352,5.54,4.85,1
CommType.all_gather,CommGroup.dp_group,8,33554432,forward.allgather_fn,None,None,,5.544960021972656,5.64,4.93,1
CommType.all_gather,CommGroup.dp_group,8,33554432,forward.allgather_fn,None,None,,5.540863990783691,5.64,4.93,1
CommType.all_gather,CommGroup.dp_group,8,90177536,forward.allgather_fn,None,None,,15.267840385437012,5.5,4.81,1
CommType.all_gather,CommGroup.dp_group,8,90177536,forward.allgather_fn,None,None,,15.19820785522461,5.53,4.84,1
CommType.all_gather,CommGroup.dp_group,8,90177536,forward.allgather_fn,None,None,,15.159296035766602,5.54,4.85,1
CommType.all_gather,CommGroup.dp_group,8,33554432,forward.allgather_fn,None,None,,5.497856140136719,5.68,4.97,1
CommType.all_gather,CommGroup.dp_group,8,33554432,forward.allgather_fn,None,None,,5.606400012969971,5.57,4.88,1
CommType.all_gather,CommGroup.dp_group,8,33554432,forward.allgather_fn,None,None,,5.563392162322998,5.62,4.91,1
CommType.all_gather,CommGroup.dp_group,8,33554432,forward.allgather_fn,None,None,,5.584896087646484,5.6,4.9,1
CommType.all_gather,CommGroup.dp_group,8,90177536,forward.allgather_fn,None,None,,15.191136360168457,5.53,4.84,1
CommType.all_gather,CommGroup.dp_group,8,90177536,forward.allgather_fn,None,None,,15.17363166809082,5.53,4.84,1
CommType.all_gather,CommGroup.dp_group,8,90177536,forward.allgather_fn,None,None,,15.236096382141113,5.51,4.82,1
CommType.all_gather,CommGroup.dp_group,8,33554432,forward.allgather_fn,None,None,,5.527552127838135,5.65,4.95,1
CommType.all_gather,CommGroup.dp_group,8,33554432,forward.allgather_fn,None,None,,5.607423782348633,5.57,4.88,1
CommType.all_gather,CommGroup.dp_group,8,33554432,forward.allgather_fn,None,None,,5.599232196807861,5.58,4.88,1
CommType.all_gather,CommGroup.dp_group,8,33554432,forward.allgather_fn,None,None,,5.62278413772583,5.56,4.86,1
CommType.all_gather,CommGroup.dp_group,8,90177536,forward.allgather_fn,None,None,,15.222784042358398,5.52,4.83,1
CommType.all_gather,CommGroup.dp_group,8,90177536,forward.allgather_fn,None,None,,15.122431755065918,5.55,4.86,1
CommType.all_gather,CommGroup.dp_group,8,90177536,forward.allgather_fn,None,None,,15.098912239074707,5.56,4.87,1
CommType.all_gather,CommGroup.dp_group,8,33554432,forward.allgather_fn,None,None,,5.467135906219482,5.72,5.0,1
CommType.all_gather,CommGroup.dp_group,8,33554432,forward.allgather_fn,None,None,,5.6104960441589355,5.57,4.87,1
CommType.all_gather,CommGroup.dp_group,8,33554432,forward.allgather_fn,None,None,,5.547008037567139,5.63,4.93,1
CommType.all_gather,CommGroup.dp_group,8,33554432,forward.allgather_fn,None,None,,5.575679779052734,5.6,4.9,1
CommType.all_gather,CommGroup.dp_group,8,90177536,forward.allgather_fn,None,None,,15.203328132629395,5.52,4.83,1
CommType.all_gather,CommGroup.dp_group,8,90177536,forward.allgather_fn,None,None,,15.034367561340332,5.59,4.89,1
CommType.all_gather,CommGroup.dp_group,8,90177536,forward.allgather_fn,None,None,,15.094783782958984,5.56,4.87,1
CommType.all_gather,CommGroup.dp_group,8,33554432,forward.allgather_fn,None,None,,5.443583965301514,5.74,5.02,1
CommType.all_gather,CommGroup.dp_group,8,33554432,forward.allgather_fn,None,None,,5.575679779052734,5.6,4.9,1
CommType.all_gather,CommGroup.dp_group,8,33554432,forward.allgather_fn,None,None,,5.566431999206543,5.61,4.91,1
CommType.all_gather,CommGroup.dp_group,8,33554432,forward.allgather_fn,None,None,,5.587967872619629,5.59,4.89,1
CommType.all_gather,CommGroup.dp_group,8,90177536,forward.allgather_fn,None,None,,15.156224250793457,5.54,4.85,1
CommType.all_gather,CommGroup.dp_group,8,90177536,forward.allgather_fn,None,None,,15.090815544128418,5.57,4.87,1
CommType.all_gather,CommGroup.dp_group,8,90177536,forward.allgather_fn,None,None,,15.059967994689941,5.58,4.88,1
CommType.all_gather,CommGroup.dp_group,8,33554432,forward.allgather_fn,None,None,,5.446656227111816,5.74,5.02,1
CommType.all_gather,CommGroup.dp_group,8,33554432,forward.allgather_fn,None,None,,5.6248321533203125,5.56,4.86,1
CommType.all_gather,CommGroup.dp_group,8,33554432,forward.allgather_fn,None,None,,5.571584224700928,5.61,4.91,1
CommType.all_gather,CommGroup.dp_group,8,33554432,forward.allgather_fn,None,None,,5.566463947296143,5.61,4.91,1
CommType.all_gather,CommGroup.dp_group,8,90177536,forward.allgather_fn,None,None,,15.177727699279785,5.53,4.84,1
CommType.all_gather,CommGroup.dp_group,8,90177536,forward.allgather_fn,None,None,,15.081472396850586,5.57,4.87,1
CommType.all_gather,CommGroup.dp_group,8,90177536,forward.allgather_fn,None,None,,15.081472396850586,5.57,4.87,1
CommType.all_gather,CommGroup.dp_group,8,33554432,forward.allgather_fn,None,None,,5.448703765869141,5.74,5.02,1
CommType.all_gather,CommGroup.dp_group,8,33554432,forward.allgather_fn,None,None,,5.577727794647217,5.6,4.9,1
CommType.all_gather,CommGroup.dp_group,8,33554432,forward.allgather_fn,None,None,,5.552383899688721,5.63,4.92,1
CommType.all_gather,CommGroup.dp_group,8,33554432,forward.allgather_fn,None,None,,5.553152084350586,5.63,4.92,1
CommType.all_gather,CommGroup.dp_group,8,90177536,forward.allgather_fn,None,None,,15.18182373046875,5.53,4.84,1
CommType.all_gather,CommGroup.dp_group,8,90177536,forward.allgather_fn,None,None,,15.120384216308594,5.55,4.86,1
CommType.all_gather,CommGroup.dp_group,8,90177536,forward.allgather_fn,None,None,,15.065088272094727,5.57,4.88,1
CommType.all_gather,CommGroup.dp_group,8,33554432,forward.allgather_fn,None,None,,5.440512180328369,5.74,5.03,1
CommType.all_gather,CommGroup.dp_group,8,33554432,forward.allgather_fn,None,None,,5.635072231292725,5.55,4.85,1
CommType.all_gather,CommGroup.dp_group,8,33554432,forward.allgather_fn,None,None,,5.579775810241699,5.6,4.9,1
CommType.all_gather,CommGroup.dp_group,8,33554432,forward.allgather_fn,None,None,,5.538815975189209,5.64,4.94,1
CommType.all_gather,CommGroup.dp_group,8,90177536,forward.allgather_fn,None,None,,15.149056434631348,5.54,4.85,1
CommType.all_gather,CommGroup.dp_group,8,90177536,forward.allgather_fn,None,None,,15.088640213012695,5.57,4.87,1
CommType.all_gather,CommGroup.dp_group,8,90177536,forward.allgather_fn,None,None,,15.107071876525879,5.56,4.86,1
CommType.all_gather,CommGroup.dp_group,8,33554432,forward.allgather_fn,None,None,,5.443456172943115,5.74,5.02,1
CommType.all_gather,CommGroup.dp_group,8,33554432,forward.allgather_fn,None,None,,5.625855922698975,5.55,4.86,1
CommType.all_gather,CommGroup.dp_group,8,33554432,forward.allgather_fn,None,None,,5.52345609664917,5.66,4.95,1
CommType.all_gather,CommGroup.dp_group,8,33554432,forward.allgather_fn,None,None,,5.568480014801025,5.61,4.91,1
CommType.all_gather,CommGroup.dp_group,8,90177536,forward.allgather_fn,None,None,,15.142911911010742,5.55,4.85,1
CommType.all_gather,CommGroup.dp_group,8,90177536,forward.allgather_fn,None,None,,15.068160057067871,5.57,4.88,1
CommType.all_gather,CommGroup.dp_group,8,90177536,forward.allgather_fn,None,None,,15.122431755065918,5.55,4.86,1
CommType.all_gather,CommGroup.dp_group,8,33554432,forward.allgather_fn,None,None,,5.485568046569824,5.7,4.98,1
CommType.all_gather,CommGroup.dp_group,8,33554432,forward.allgather_fn,None,None,,5.573599815368652,5.61,4.91,1
CommType.all_gather,CommGroup.dp_group,8,33554432,forward.allgather_fn,None,None,,5.579904079437256,5.6,4.9,1
CommType.all_gather,CommGroup.dp_group,8,33554432,forward.allgather_fn,None,None,,5.537792205810547,5.64,4.94,1
CommType.all_gather,CommGroup.dp_group,8,90177536,forward.allgather_fn,None,None,,15.149056434631348,5.54,4.85,1
CommType.all_gather,CommGroup.dp_group,8,90177536,forward.allgather_fn,None,None,,15.120384216308594,5.55,4.86,1
CommType.all_gather,CommGroup.dp_group,8,90177536,forward.allgather_fn,None,None,,15.094783782958984,5.56,4.87,1
CommType.all_gather,CommGroup.dp_group,8,33554432,forward.allgather_fn,None,None,,5.454847812652588,5.73,5.01,1
CommType.all_gather,CommGroup.dp_group,8,33554432,forward.allgather_fn,None,None,,5.662720203399658,5.52,4.83,1
CommType.all_gather,CommGroup.dp_group,8,33554432,forward.allgather_fn,None,None,,5.559296131134033,5.62,4.92,1
CommType.all_gather,CommGroup.dp_group,8,33554432,forward.allgather_fn,None,None,,5.561344146728516,5.62,4.92,1
CommType.all_gather,CommGroup.dp_group,8,90177536,forward.allgather_fn,None,None,,15.157247543334961,5.54,4.85,1
CommType.all_gather,CommGroup.dp_group,8,90177536,forward.allgather_fn,None,None,,15.08454418182373,5.57,4.87,1
CommType.all_gather,CommGroup.dp_group,8,90177536,forward.allgather_fn,None,None,,15.074399948120117,5.57,4.87,1
CommType.all_gather,CommGroup.dp_group,8,33554432,forward.allgather_fn,None,None,,5.4527997970581055,5.73,5.01,1
CommType.all_gather,CommGroup.dp_group,8,33554432,forward.allgather_fn,None,None,,5.568511962890625,5.61,4.91,1
CommType.all_gather,CommGroup.dp_group,8,33554432,forward.allgather_fn,None,None,,5.582848072052002,5.6,4.9,1
CommType.all_gather,CommGroup.dp_group,8,33554432,forward.allgather_fn,None,None,,5.560319900512695,5.62,4.92,1
CommType.all_gather,CommGroup.dp_group,8,90177536,forward.allgather_fn,None,None,,15.19923210144043,5.53,4.83,1
CommType.all_gather,CommGroup.dp_group,8,90177536,forward.allgather_fn,None,None,,15.113216400146484,5.56,4.86,1
CommType.all_gather,CommGroup.dp_group,8,90177536,forward.allgather_fn,None,None,,15.104000091552734,5.56,4.87,1
CommType.all_gather,CommGroup.dp_group,8,33554432,forward.allgather_fn,None,None,,5.395455837249756,5.79,5.07,1
CommType.all_gather,CommGroup.dp_group,8,33554432,forward.allgather_fn,None,None,,5.642240047454834,5.54,4.85,1
CommType.all_gather,CommGroup.dp_group,8,33554432,forward.allgather_fn,None,None,,5.657599925994873,5.52,4.83,1
CommType.all_gather,CommGroup.dp_group,8,33554432,forward.allgather_fn,None,None,,5.562367916107178,5.62,4.92,1
CommType.all_gather,CommGroup.dp_group,8,90177536,forward.allgather_fn,None,None,,15.166463851928711,5.54,4.85,1
CommType.all_gather,CommGroup.dp_group,8,90177536,forward.allgather_fn,None,None,,15.09273624420166,5.56,4.87,1
CommType.all_gather,CommGroup.dp_group,8,90177536,forward.allgather_fn,None,None,,15.114239692687988,5.56,4.86,1
CommType.all_gather,CommGroup.dp_group,8,33554432,forward.allgather_fn,None,None,,5.486591815948486,5.7,4.98,1
CommType.all_gather,CommGroup.dp_group,8,33554432,forward.allgather_fn,None,None,,5.557248115539551,5.62,4.92,1
CommType.all_gather,CommGroup.dp_group,8,33554432,forward.allgather_fn,None,None,,5.562367916107178,5.62,4.92,1
CommType.all_gather,CommGroup.dp_group,8,33554432,forward.allgather_fn,None,None,,5.569536209106445,5.61,4.91,1
CommType.all_gather,CommGroup.dp_group,8,90177536,forward.allgather_fn,None,None,,15.163200378417969,5.54,4.85,1
CommType.all_gather,CommGroup.dp_group,8,90177536,forward.allgather_fn,None,None,,15.043583869934082,5.58,4.88,1
CommType.all_gather,CommGroup.dp_group,8,90177536,forward.allgather_fn,None,None,,15.137920379638672,5.55,4.85,1
CommType.all_gather,CommGroup.dp_group,8,33554432,forward.allgather_fn,None,None,,5.51423978805542,5.67,4.96,1
CommType.all_gather,CommGroup.dp_group,8,33554432,forward.allgather_fn,None,None,,5.558271884918213,5.62,4.92,1
CommType.all_gather,CommGroup.dp_group,8,33554432,forward.allgather_fn,None,None,,5.555071830749512,5.63,4.92,1
CommType.all_gather,CommGroup.dp_group,8,33554432,forward.allgather_fn,None,None,,5.540863990783691,5.64,4.93,1
CommType.all_gather,CommGroup.dp_group,8,90177536,forward.allgather_fn,None,None,,15.133695602416992,5.55,4.86,1
CommType.all_gather,CommGroup.dp_group,8,90177536,forward.allgather_fn,None,None,,15.09171199798584,5.56,4.87,1
CommType.all_gather,CommGroup.dp_group,8,90177536,forward.allgather_fn,None,None,,15.087615966796875,5.57,4.87,1
CommType.all_gather,CommGroup.dp_group,8,33554432,forward.allgather_fn,None,None,,5.468160152435303,5.71,5.0,1
CommType.all_gather,CommGroup.dp_group,8,33554432,forward.allgather_fn,None,None,,5.602303981781006,5.58,4.88,1
CommType.all_gather,CommGroup.dp_group,8,33554432,forward.allgather_fn,None,None,,5.529600143432617,5.65,4.94,1
CommType.all_gather,CommGroup.dp_group,8,33554432,forward.allgather_fn,None,None,,5.568511962890625,5.61,4.91,1
CommType.all_gather,CommGroup.dp_group,8,90177536,forward.allgather_fn,None,None,,15.153152465820312,5.54,4.85,1
CommType.all_gather,CommGroup.dp_group,8,90177536,forward.allgather_fn,None,None,,15.08351993560791,5.57,4.87,1
CommType.all_gather,CommGroup.dp_group,8,90177536,forward.allgather_fn,None,None,,15.07430362701416,5.57,4.87,1
CommType.all_gather,CommGroup.dp_group,8,33554432,forward.allgather_fn,None,None,,5.472256183624268,5.71,5.0,1
CommType.all_gather,CommGroup.dp_group,8,33554432,forward.allgather_fn,None,None,,5.562335968017578,5.62,4.92,1
CommType.all_gather,CommGroup.dp_group,8,33554432,forward.allgather_fn,None,None,,5.568511962890625,5.61,4.91,1
CommType.all_gather,CommGroup.dp_group,8,33554432,forward.allgather_fn,None,None,,5.555200099945068,5.63,4.92,1
CommType.all_gather,CommGroup.dp_group,8,90177536,forward.allgather_fn,None,None,,15.171584129333496,5.54,4.84,1
CommType.all_gather,CommGroup.dp_group,8,90177536,forward.allgather_fn,None,None,,15.093759536743164,5.56,4.87,1
CommType.all_gather,CommGroup.dp_group,8,90177536,forward.allgather_fn,None,None,,15.081727981567383,5.57,4.87,1
CommType.all_gather,CommGroup.dp_group,8,33554432,forward.allgather_fn,None,None,,5.517312049865723,5.66,4.96,1
CommType.all_gather,CommGroup.dp_group,8,33554432,forward.allgather_fn,None,None,,5.562367916107178,5.62,4.92,1
CommType.all_gather,CommGroup.dp_group,8,33554432,forward.allgather_fn,None,None,,5.540863990783691,5.64,4.93,1
CommType.all_gather,CommGroup.dp_group,8,33554432,forward.allgather_fn,None,None,,5.583871841430664,5.6,4.9,1
CommType.all_gather,CommGroup.dp_group,8,90177536,forward.allgather_fn,None,None,,15.27295970916748,5.5,4.81,1
CommType.all_gather,CommGroup.dp_group,8,90177536,forward.allgather_fn,None,None,,15.239168167114258,5.51,4.82,1
CommType.all_gather,CommGroup.dp_group,8,90177536,forward.allgather_fn,None,None,,15.162367820739746,5.54,4.85,1
CommType.all_gather,CommGroup.dp_group,8,33554432,forward.allgather_fn,None,None,,5.540863990783691,5.64,4.93,1
CommType.all_gather,CommGroup.dp_group,8,33554432,forward.allgather_fn,None,None,,5.528575897216797,5.65,4.95,1
CommType.all_gather,CommGroup.dp_group,8,33554432,forward.allgather_fn,None,None,,5.604351997375488,5.58,4.88,1
CommType.all_gather,CommGroup.dp_group,8,33554432,forward.allgather_fn,None,None,,5.5808000564575195,5.6,4.9,1
CommType.all_gather,CommGroup.dp_group,8,90177536,forward.allgather_fn,None,None,,15.154175758361816,5.54,4.85,1
CommType.all_gather,CommGroup.dp_group,8,90177536,forward.allgather_fn,None,None,,15.104000091552734,5.56,4.87,1
CommType.all_gather,CommGroup.dp_group,8,90177536,forward.allgather_fn,None,None,,15.08454418182373,5.57,4.87,1
CommType.all_gather,CommGroup.dp_group,8,33554432,forward.allgather_fn,None,None,,5.421055793762207,5.76,5.04,1
CommType.all_gather,CommGroup.dp_group,8,33554432,forward.allgather_fn,None,None,,5.652480125427246,5.53,4.84,1
CommType.all_gather,CommGroup.dp_group,8,33554432,forward.allgather_fn,None,None,,5.5562238693237305,5.62,4.92,1
CommType.all_gather,CommGroup.dp_group,8,33554432,forward.allgather_fn,None,None,,5.582848072052002,5.6,4.9,1
CommType.all_gather,CommGroup.dp_group,8,90177536,forward.allgather_fn,None,None,,15.123456001281738,5.55,4.86,1
CommType.all_gather,CommGroup.dp_group,8,90177536,forward.allgather_fn,None,None,,15.102975845336914,5.56,4.87,1
CommType.all_gather,CommGroup.dp_group,8,90177536,forward.allgather_fn,None,None,,15.111167907714844,5.56,4.86,1
CommType.all_gather,CommGroup.dp_group,8,33554432,forward.allgather_fn,None,None,,5.463039875030518,5.72,5.01,1
CommType.all_gather,CommGroup.dp_group,8,33554432,forward.allgather_fn,None,None,,5.6299519538879395,5.55,4.86,1
CommType.all_gather,CommGroup.dp_group,8,33554432,forward.allgather_fn,None,None,,5.5511040687561035,5.63,4.93,1
CommType.all_gather,CommGroup.dp_group,8,33554432,forward.allgather_fn,None,None,,5.584896087646484,5.6,4.9,1
CommType.all_gather,CommGroup.dp_group,8,90177536,forward.allgather_fn,None,None,,15.143872261047363,5.55,4.85,1
CommType.all_gather,CommGroup.dp_group,8,90177536,forward.allgather_fn,None,None,,15.071231842041016,5.57,4.88,1
CommType.all_gather,CommGroup.dp_group,8,90177536,forward.allgather_fn,None,None,,15.115263938903809,5.56,4.86,1
CommType.all_gather,CommGroup.dp_group,8,262144000,forward.allgather_fn,None,None,,44.34329605102539,5.51,4.82,1
CommType.all_gather,CommGroup.dp_group,8,90177536,forward.allgather_fn,None,None,,15.09990406036377,5.56,4.87,1
CommType.all_gather,CommGroup.dp_group,8,224395264,backward.allgather_fn,None,None,,37.803009033203125,5.53,4.84,1
CommType.all_gather,CommGroup.dp_group,8,90177536,backward.allgather_fn,None,None,,15.118335723876953,5.56,4.86,1
CommType.all_gather,CommGroup.dp_group,8,90177536,backward.allgather_fn,None,None,,15.039487838745117,5.58,4.89,1
CommType.all_gather,CommGroup.dp_group,8,90177536,backward.allgather_fn,None,None,,15.136768341064453,5.55,4.85,1
CommType.all_gather,CommGroup.dp_group,8,33554432,backward.allgather_fn,None,None,,5.441535949707031,5.74,5.03,1
CommType.all_gather,CommGroup.dp_group,8,33554432,backward.allgather_fn,None,None,,5.532671928405762,5.65,4.94,1
CommType.all_gather,CommGroup.dp_group,8,33554432,backward.allgather_fn,None,None,,5.5808000564575195,5.6,4.9,1
CommType.all_gather,CommGroup.dp_group,8,33554432,backward.allgather_fn,None,None,,5.577727794647217,5.6,4.9,1
CommType.all_gather,CommGroup.dp_group,8,90177536,backward.allgather_fn,None,None,,15.153152465820312,5.54,4.85,1
CommType.all_gather,CommGroup.dp_group,8,90177536,backward.allgather_fn,None,None,,15.107071876525879,5.56,4.86,1
CommType.all_gather,CommGroup.dp_group,8,90177536,backward.allgather_fn,None,None,,15.08131217956543,5.57,4.87,1
CommType.all_gather,CommGroup.dp_group,8,33554432,backward.allgather_fn,None,None,,5.46611213684082,5.72,5.0,1
CommType.reduce_scatter,CommGroup.dp_group,8,971014144,backward.reduce_scatter_fn,None,None,,160.28775024414062,5.64,4.94,1
CommType.all_gather,CommGroup.dp_group,8,33554432,backward.allgather_fn,None,None,,5.502975940704346,5.68,4.97,1
CommType.all_gather,CommGroup.dp_group,8,33554432,backward.allgather_fn,None,None,,5.561344146728516,5.62,4.92,1
CommType.all_gather,CommGroup.dp_group,8,33554432,backward.allgather_fn,None,None,,5.548031806945801,5.63,4.93,1
CommType.all_gather,CommGroup.dp_group,8,90177536,backward.allgather_fn,None,None,,15.145983695983887,5.54,4.85,1
CommType.all_gather,CommGroup.dp_group,8,90177536,backward.allgather_fn,None,None,,15.122431755065918,5.55,4.86,1
CommType.all_gather,CommGroup.dp_group,8,90177536,backward.allgather_fn,None,None,,15.106047630310059,5.56,4.86,1
CommType.all_gather,CommGroup.dp_group,8,33554432,backward.allgather_fn,None,None,,5.484543800354004,5.7,4.99,1
CommType.all_gather,CommGroup.dp_group,8,33554432,backward.allgather_fn,None,None,,5.608448028564453,5.57,4.88,1
CommType.all_gather,CommGroup.dp_group,8,33554432,backward.allgather_fn,None,None,,5.593088150024414,5.59,4.89,1
CommType.all_gather,CommGroup.dp_group,8,33554432,backward.allgather_fn,None,None,,5.582848072052002,5.6,4.9,1
CommType.all_gather,CommGroup.dp_group,8,90177536,backward.allgather_fn,None,None,,15.141823768615723,5.55,4.85,1
CommType.all_gather,CommGroup.dp_group,8,90177536,backward.allgather_fn,None,None,,15.08454418182373,5.57,4.87,1
CommType.all_gather,CommGroup.dp_group,8,90177536,backward.allgather_fn,None,None,,15.113216400146484,5.56,4.86,1
CommType.all_gather,CommGroup.dp_group,8,33554432,backward.allgather_fn,None,None,,5.487616062164307,5.69,4.98,1
CommType.all_gather,CommGroup.dp_group,8,33554432,backward.allgather_fn,None,None,,5.555200099945068,5.63,4.92,1
CommType.all_gather,CommGroup.dp_group,8,33554432,backward.allgather_fn,None,None,,5.544960021972656,5.64,4.93,1
CommType.all_gather,CommGroup.dp_group,8,33554432,backward.allgather_fn,None,None,,5.562367916107178,5.62,4.92,1
CommType.reduce_scatter,CommGroup.dp_group,8,910204928,backward.reduce_scatter_fn,None,None,,150.2310333251953,5.64,4.94,1
CommType.all_gather,CommGroup.dp_group,8,90177536,backward.allgather_fn,None,None,,14.964735984802246,5.61,4.91,1
CommType.all_gather,CommGroup.dp_group,8,90177536,backward.allgather_fn,None,None,,15.312895774841309,5.48,4.8,1
CommType.all_gather,CommGroup.dp_group,8,90177536,backward.allgather_fn,None,None,,15.088640213012695,5.57,4.87,1
CommType.all_gather,CommGroup.dp_group,8,33554432,backward.allgather_fn,None,None,,5.468224048614502,5.71,5.0,1
CommType.all_gather,CommGroup.dp_group,8,33554432,backward.allgather_fn,None,None,,5.61356782913208,5.57,4.87,1
CommType.all_gather,CommGroup.dp_group,8,33554432,backward.allgather_fn,None,None,,5.524479866027832,5.66,4.95,1
CommType.all_gather,CommGroup.dp_group,8,33554432,backward.allgather_fn,None,None,,5.554175853729248,5.63,4.92,1
CommType.all_gather,CommGroup.dp_group,8,90177536,backward.allgather_fn,None,None,,15.140864372253418,5.55,4.85,1
CommType.all_gather,CommGroup.dp_group,8,90177536,backward.allgather_fn,None,None,,15.072256088256836,5.57,4.88,1
CommType.all_gather,CommGroup.dp_group,8,90177536,backward.allgather_fn,None,None,,15.095808029174805,5.56,4.87,1
CommType.all_gather,CommGroup.dp_group,8,33554432,backward.allgather_fn,None,None,,5.432511806488037,5.75,5.03,1
CommType.all_gather,CommGroup.dp_group,8,33554432,backward.allgather_fn,None,None,,5.6453118324279785,5.54,4.84,1
CommType.all_gather,CommGroup.dp_group,8,33554432,backward.allgather_fn,None,None,,5.566463947296143,5.61,4.91,1
CommType.all_gather,CommGroup.dp_group,8,33554432,backward.allgather_fn,None,None,,5.590015888214111,5.59,4.89,1
CommType.all_gather,CommGroup.dp_group,8,90177536,backward.allgather_fn,None,None,,15.172608375549316,5.54,4.84,1
CommType.all_gather,CommGroup.dp_group,8,90177536,backward.allgather_fn,None,None,,15.093759536743164,5.56,4.87,1
CommType.reduce_scatter,CommGroup.dp_group,8,989888512,backward.reduce_scatter_fn,None,None,,163.4211883544922,5.64,4.94,1
CommType.all_gather,CommGroup.dp_group,8,90177536,backward.allgather_fn,None,None,,15.070207595825195,5.57,4.88,1
CommType.all_gather,CommGroup.dp_group,8,33554432,backward.allgather_fn,None,None,,5.442560195922852,5.74,5.02,1
CommType.all_gather,CommGroup.dp_group,8,33554432,backward.allgather_fn,None,None,,5.593088150024414,5.59,4.89,1
CommType.all_gather,CommGroup.dp_group,8,33554432,backward.allgather_fn,None,None,,5.599232196807861,5.58,4.88,1
CommType.all_gather,CommGroup.dp_group,8,33554432,backward.allgather_fn,None,None,,5.537792205810547,5.64,4.94,1
CommType.all_gather,CommGroup.dp_group,8,90177536,backward.allgather_fn,None,None,,15.221759796142578,5.52,4.83,1
CommType.all_gather,CommGroup.dp_group,8,90177536,backward.allgather_fn,None,None,,15.088640213012695,5.57,4.87,1
CommType.all_gather,CommGroup.dp_group,8,90177536,backward.allgather_fn,None,None,,15.115263938903809,5.56,4.86,1
CommType.all_gather,CommGroup.dp_group,8,33554432,backward.allgather_fn,None,None,,5.470208168029785,5.71,5.0,1
CommType.all_gather,CommGroup.dp_group,8,33554432,backward.allgather_fn,None,None,,5.5808000564575195,5.6,4.9,1
CommType.all_gather,CommGroup.dp_group,8,33554432,backward.allgather_fn,None,None,,5.540863990783691,5.64,4.93,1
CommType.all_gather,CommGroup.dp_group,8,33554432,backward.allgather_fn,None,None,,5.571584224700928,5.61,4.91,1
CommType.all_gather,CommGroup.dp_group,8,90177536,backward.allgather_fn,None,None,,15.147007942199707,5.54,4.85,1
CommType.all_gather,CommGroup.dp_group,8,90177536,backward.allgather_fn,None,None,,15.115263938903809,5.56,4.86,1
CommType.all_gather,CommGroup.dp_group,8,90177536,backward.allgather_fn,None,None,,15.08351993560791,5.57,4.87,1
CommType.all_gather,CommGroup.dp_group,8,33554432,backward.allgather_fn,None,None,,5.444608211517334,5.74,5.02,1
CommType.all_gather,CommGroup.dp_group,8,33554432,backward.allgather_fn,None,None,,5.5859198570251465,5.59,4.9,1
CommType.reduce_scatter,CommGroup.dp_group,8,966828032,backward.reduce_scatter_fn,None,None,,159.6374969482422,5.64,4.94,1
CommType.all_gather,CommGroup.dp_group,8,33554432,backward.allgather_fn,None,None,,5.499904155731201,5.68,4.97,1
CommType.all_gather,CommGroup.dp_group,8,33554432,backward.allgather_fn,None,None,,5.4824957847595215,5.7,4.99,1
CommType.all_gather,CommGroup.dp_group,8,90177536,backward.allgather_fn,None,None,,15.210495948791504,5.52,4.83,1
CommType.all_gather,CommGroup.dp_group,8,90177536,backward.allgather_fn,None,None,,15.102975845336914,5.56,4.87,1
CommType.all_gather,CommGroup.dp_group,8,90177536,backward.allgather_fn,None,None,,15.095808029174805,5.56,4.87,1
CommType.all_gather,CommGroup.dp_group,8,33554432,backward.allgather_fn,None,None,,5.457920074462891,5.73,5.01,1
CommType.all_gather,CommGroup.dp_group,8,33554432,backward.allgather_fn,None,None,,5.613728046417236,5.57,4.87,1
CommType.all_gather,CommGroup.dp_group,8,33554432,backward.allgather_fn,None,None,,5.561344146728516,5.62,4.92,1
CommType.all_gather,CommGroup.dp_group,8,33554432,backward.allgather_fn,None,None,,5.5654401779174805,5.62,4.91,1
CommType.all_gather,CommGroup.dp_group,8,90177536,backward.allgather_fn,None,None,,15.178751945495605,5.53,4.84,1
CommType.all_gather,CommGroup.dp_group,8,90177536,backward.allgather_fn,None,None,,15.102975845336914,5.56,4.87,1
CommType.all_gather,CommGroup.dp_group,8,90177536,backward.allgather_fn,None,None,,15.061056137084961,5.58,4.88,1
CommType.all_gather,CommGroup.dp_group,8,33554432,backward.allgather_fn,None,None,,5.442560195922852,5.74,5.02,1
CommType.all_gather,CommGroup.dp_group,8,33554432,backward.allgather_fn,None,None,,5.636096000671387,5.54,4.85,1
CommType.all_gather,CommGroup.dp_group,8,33554432,backward.allgather_fn,None,None,,5.553152084350586,5.63,4.92,1
CommType.all_gather,CommGroup.dp_group,8,33554432,backward.allgather_fn,None,None,,5.57260799407959,5.61,4.91,1
CommType.all_gather,CommGroup.dp_group,8,90177536,backward.allgather_fn,None,None,,15.147040367126465,5.54,4.85,1
CommType.reduce_scatter,CommGroup.dp_group,8,966828032,backward.reduce_scatter_fn,None,None,,159.56582641601562,5.64,4.94,1
CommType.all_gather,CommGroup.dp_group,8,90177536,backward.allgather_fn,None,None,,15.081472396850586,5.57,4.87,1
CommType.all_gather,CommGroup.dp_group,8,90177536,backward.allgather_fn,None,None,,15.1080961227417,5.56,4.86,1
CommType.all_gather,CommGroup.dp_group,8,33554432,backward.allgather_fn,None,None,,5.442560195922852,5.74,5.02,1
CommType.all_gather,CommGroup.dp_group,8,33554432,backward.allgather_fn,None,None,,5.568511962890625,5.61,4.91,1
CommType.all_gather,CommGroup.dp_group,8,33554432,backward.allgather_fn,None,None,,5.566463947296143,5.61,4.91,1
CommType.all_gather,CommGroup.dp_group,8,33554432,backward.allgather_fn,None,None,,5.5859198570251465,5.59,4.9,1
CommType.all_gather,CommGroup.dp_group,8,90177536,backward.allgather_fn,None,None,,15.176704406738281,5.53,4.84,1
CommType.all_gather,CommGroup.dp_group,8,90177536,backward.allgather_fn,None,None,,15.08351993560791,5.57,4.87,1
CommType.all_gather,CommGroup.dp_group,8,90177536,backward.allgather_fn,None,None,,15.105024337768555,5.56,4.87,1
CommType.all_gather,CommGroup.dp_group,8,33554432,backward.allgather_fn,None,None,,5.440512180328369,5.74,5.03,1
CommType.all_gather,CommGroup.dp_group,8,33554432,backward.allgather_fn,None,None,,5.596159934997559,5.58,4.89,1
CommType.all_gather,CommGroup.dp_group,8,33554432,backward.allgather_fn,None,None,,5.570559978485107,5.61,4.91,1
CommType.all_gather,CommGroup.dp_group,8,33554432,backward.allgather_fn,None,None,,5.567488193511963,5.61,4.91,1
CommType.all_gather,CommGroup.dp_group,8,90177536,backward.allgather_fn,None,None,,15.157247543334961,5.54,4.85,1
CommType.all_gather,CommGroup.dp_group,8,90177536,backward.allgather_fn,None,None,,15.07430362701416,5.57,4.87,1
CommType.all_gather,CommGroup.dp_group,8,90177536,backward.allgather_fn,None,None,,15.00057601928711,5.6,4.9,1
CommType.reduce_scatter,CommGroup.dp_group,8,989896704,backward.reduce_scatter_fn,None,None,,163.43551635742188,5.64,4.94,1
CommType.all_gather,CommGroup.dp_group,8,33554432,backward.allgather_fn,None,None,,5.533696174621582,5.65,4.94,1
CommType.all_gather,CommGroup.dp_group,8,33554432,backward.allgather_fn,None,None,,5.420032024383545,5.77,5.04,1
CommType.all_gather,CommGroup.dp_group,8,33554432,backward.allgather_fn,None,None,,5.577727794647217,5.6,4.9,1
CommType.all_gather,CommGroup.dp_group,8,33554432,backward.allgather_fn,None,None,,5.560319900512695,5.62,4.92,1
CommType.all_gather,CommGroup.dp_group,8,90177536,backward.allgather_fn,None,None,,15.150079727172852,5.54,4.85,1
CommType.all_gather,CommGroup.dp_group,8,90177536,backward.allgather_fn,None,None,,15.040639877319336,5.58,4.89,1
CommType.all_gather,CommGroup.dp_group,8,90177536,backward.allgather_fn,None,None,,15.116288185119629,5.56,4.86,1
CommType.all_gather,CommGroup.dp_group,8,33554432,backward.allgather_fn,None,None,,5.478400230407715,5.7,4.99,1
CommType.all_gather,CommGroup.dp_group,8,33554432,backward.allgather_fn,None,None,,5.562335968017578,5.62,4.92,1
CommType.all_gather,CommGroup.dp_group,8,33554432,backward.allgather_fn,None,None,,5.567200183868408,5.61,4.91,1
CommType.all_gather,CommGroup.dp_group,8,33554432,backward.allgather_fn,None,None,,5.559296131134033,5.62,4.92,1
CommType.all_gather,CommGroup.dp_group,8,90177536,backward.allgather_fn,None,None,,15.194944381713867,5.53,4.84,1
CommType.all_gather,CommGroup.dp_group,8,90177536,backward.allgather_fn,None,None,,15.08249568939209,5.57,4.87,1
CommType.all_gather,CommGroup.dp_group,8,90177536,backward.allgather_fn,None,None,,15.11731243133545,5.56,4.86,1
CommType.all_gather,CommGroup.dp_group,8,33554432,backward.allgather_fn,None,None,,5.484543800354004,5.7,4.99,1
CommType.all_gather,CommGroup.dp_group,8,33554432,backward.allgather_fn,None,None,,5.598207950592041,5.58,4.88,1
CommType.all_gather,CommGroup.dp_group,8,33554432,backward.allgather_fn,None,None,,5.520383834838867,5.66,4.95,1
CommType.all_gather,CommGroup.dp_group,8,33554432,backward.allgather_fn,None,None,,5.570432186126709,5.61,4.91,1
CommType.reduce_scatter,CommGroup.dp_group,8,943759360,backward.reduce_scatter_fn,None,None,,155.85894775390625,5.64,4.93,1
CommType.all_gather,CommGroup.dp_group,8,90177536,backward.allgather_fn,None,None,,15.046655654907227,5.58,4.88,1
CommType.all_gather,CommGroup.dp_group,8,90177536,backward.allgather_fn,None,None,,15.18182373046875,5.53,4.84,1
CommType.all_gather,CommGroup.dp_group,8,90177536,backward.allgather_fn,None,None,,15.079423904418945,5.57,4.87,1
CommType.all_gather,CommGroup.dp_group,8,33554432,backward.allgather_fn,None,None,,5.488639831542969,5.69,4.98,1
CommType.all_gather,CommGroup.dp_group,8,33554432,backward.allgather_fn,None,None,,5.640192031860352,5.54,4.85,1
CommType.all_gather,CommGroup.dp_group,8,33554432,backward.allgather_fn,None,None,,5.563392162322998,5.62,4.91,1
CommType.all_gather,CommGroup.dp_group,8,33554432,backward.allgather_fn,None,None,,5.5696001052856445,5.61,4.91,1
CommType.all_gather,CommGroup.dp_group,8,90177536,backward.allgather_fn,None,None,,15.16431999206543,5.54,4.85,1
CommType.all_gather,CommGroup.dp_group,8,90177536,backward.allgather_fn,None,None,,15.09068775177002,5.57,4.87,1
CommType.all_gather,CommGroup.dp_group,8,90177536,backward.allgather_fn,None,None,,15.070207595825195,5.57,4.88,1
CommType.all_gather,CommGroup.dp_group,8,33554432,backward.allgather_fn,None,None,,5.483520030975342,5.7,4.99,1
CommType.all_gather,CommGroup.dp_group,8,33554432,backward.allgather_fn,None,None,,5.557248115539551,5.62,4.92,1
CommType.all_gather,CommGroup.dp_group,8,33554432,backward.allgather_fn,None,None,,5.579775810241699,5.6,4.9,1
CommType.all_gather,CommGroup.dp_group,8,33554432,backward.allgather_fn,None,None,,5.56441593170166,5.62,4.91,1
CommType.all_gather,CommGroup.dp_group,8,90177536,backward.allgather_fn,None,None,,15.143775939941406,5.55,4.85,1
CommType.all_gather,CommGroup.dp_group,8,90177536,backward.allgather_fn,None,None,,15.124735832214355,5.55,4.86,1
CommType.reduce_scatter,CommGroup.dp_group,8,989888512,backward.reduce_scatter_fn,None,None,,163.37612915039062,5.64,4.94,1
CommType.all_gather,CommGroup.dp_group,8,90177536,backward.allgather_fn,None,None,,15.065088272094727,5.57,4.88,1
CommType.all_gather,CommGroup.dp_group,8,33554432,backward.allgather_fn,None,None,,5.494783878326416,5.69,4.98,1
CommType.all_gather,CommGroup.dp_group,8,33554432,backward.allgather_fn,None,None,,5.5808000564575195,5.6,4.9,1
CommType.all_gather,CommGroup.dp_group,8,33554432,backward.allgather_fn,None,None,,5.564352035522461,5.62,4.91,1
CommType.all_gather,CommGroup.dp_group,8,33554432,backward.allgather_fn,None,None,,5.529600143432617,5.65,4.94,1
CommType.all_gather,CommGroup.dp_group,8,90177536,backward.allgather_fn,None,None,,15.213567733764648,5.52,4.83,1
CommType.all_gather,CommGroup.dp_group,8,90177536,backward.allgather_fn,None,None,,15.120384216308594,5.55,4.86,1
CommType.all_gather,CommGroup.dp_group,8,90177536,backward.allgather_fn,None,None,,15.118335723876953,5.56,4.86,1
CommType.all_gather,CommGroup.dp_group,8,33554432,backward.allgather_fn,None,None,,5.46611213684082,5.72,5.0,1
CommType.all_gather,CommGroup.dp_group,8,33554432,backward.allgather_fn,None,None,,5.566463947296143,5.61,4.91,1
CommType.all_gather,CommGroup.dp_group,8,33554432,backward.allgather_fn,None,None,,5.574656009674072,5.61,4.91,1
CommType.all_gather,CommGroup.dp_group,8,33554432,backward.allgather_fn,None,None,,5.586048126220703,5.59,4.9,1
CommType.all_gather,CommGroup.dp_group,8,90177536,backward.allgather_fn,None,None,,15.126463890075684,5.55,4.86,1
CommType.all_gather,CommGroup.dp_group,8,90177536,backward.allgather_fn,None,None,,15.114239692687988,5.56,4.86,1
CommType.all_gather,CommGroup.dp_group,8,90177536,backward.allgather_fn,None,None,,15.06713581085205,5.57,4.88,1
CommType.all_gather,CommGroup.dp_group,8,33554432,backward.allgather_fn,None,None,,5.488480091094971,5.69,4.98,1
CommType.all_gather,CommGroup.dp_group,8,33554432,backward.allgather_fn,None,None,,5.601280212402344,5.58,4.88,1
CommType.reduce_scatter,CommGroup.dp_group,8,966828032,backward.reduce_scatter_fn,None,None,,159.68153381347656,5.64,4.93,1
CommType.all_gather,CommGroup.dp_group,8,33554432,backward.allgather_fn,None,None,,5.501952171325684,5.68,4.97,1
CommType.all_gather,CommGroup.dp_group,8,33554432,backward.allgather_fn,None,None,,5.481472015380859,5.7,4.99,1
CommType.all_gather,CommGroup.dp_group,8,90177536,backward.allgather_fn,None,None,,15.232000350952148,5.51,4.82,1
CommType.all_gather,CommGroup.dp_group,8,90177536,backward.allgather_fn,None,None,,15.112192153930664,5.56,4.86,1
CommType.all_gather,CommGroup.dp_group,8,90177536,backward.allgather_fn,None,None,,15.09171199798584,5.56,4.87,1
CommType.all_gather,CommGroup.dp_group,8,33554432,backward.allgather_fn,None,None,,5.469183921813965,5.71,5.0,1
CommType.all_gather,CommGroup.dp_group,8,33554432,backward.allgather_fn,None,None,,5.637119770050049,5.54,4.85,1
CommType.all_gather,CommGroup.dp_group,8,33554432,backward.allgather_fn,None,None,,5.570559978485107,5.61,4.91,1
CommType.all_gather,CommGroup.dp_group,8,33554432,backward.allgather_fn,None,None,,5.530623912811279,5.65,4.94,1
CommType.all_gather,CommGroup.dp_group,8,90177536,backward.allgather_fn,None,None,,15.180607795715332,5.53,4.84,1
CommType.all_gather,CommGroup.dp_group,8,90177536,backward.allgather_fn,None,None,,15.089664459228516,5.57,4.87,1
CommType.all_gather,CommGroup.dp_group,8,90177536,backward.allgather_fn,None,None,,15.039487838745117,5.58,4.89,1
CommType.all_gather,CommGroup.dp_group,8,33554432,backward.allgather_fn,None,None,,5.47430419921875,5.71,4.99,1
CommType.all_gather,CommGroup.dp_group,8,33554432,backward.allgather_fn,None,None,,5.628928184509277,5.55,4.86,1
CommType.all_gather,CommGroup.dp_group,8,33554432,backward.allgather_fn,None,None,,5.563392162322998,5.62,4.91,1
CommType.all_gather,CommGroup.dp_group,8,33554432,backward.allgather_fn,None,None,,5.5682878494262695,5.61,4.91,1
CommType.all_gather,CommGroup.dp_group,8,90177536,backward.allgather_fn,None,None,,15.161312103271484,5.54,4.85,1
CommType.reduce_scatter,CommGroup.dp_group,8,966828032,backward.reduce_scatter_fn,None,None,,159.5371551513672,5.64,4.94,1
CommType.all_gather,CommGroup.dp_group,8,90177536,backward.allgather_fn,None,None,,15.032320022583008,5.59,4.89,1
CommType.all_gather,CommGroup.dp_group,8,90177536,backward.allgather_fn,None,None,,15.129599571228027,5.55,4.86,1
CommType.all_gather,CommGroup.dp_group,8,33554432,backward.allgather_fn,None,None,,5.492735862731934,5.69,4.98,1
CommType.all_gather,CommGroup.dp_group,8,33554432,backward.allgather_fn,None,None,,5.555200099945068,5.63,4.92,1
CommType.all_gather,CommGroup.dp_group,8,33554432,backward.allgather_fn,None,None,,5.583871841430664,5.6,4.9,1
CommType.all_gather,CommGroup.dp_group,8,33554432,backward.allgather_fn,None,None,,5.566559791564941,5.61,4.91,1
CommType.all_gather,CommGroup.dp_group,8,90177536,backward.allgather_fn,None,None,,15.144960403442383,5.55,4.85,1
CommType.all_gather,CommGroup.dp_group,8,90177536,backward.allgather_fn,None,None,,15.108223915100098,5.56,4.86,1
CommType.all_gather,CommGroup.dp_group,8,90177536,backward.allgather_fn,None,None,,15.088640213012695,5.57,4.87,1
CommType.all_gather,CommGroup.dp_group,8,33554432,backward.allgather_fn,None,None,,5.464064121246338,5.72,5.0,1
CommType.all_gather,CommGroup.dp_group,8,33554432,backward.allgather_fn,None,None,,5.639167785644531,5.54,4.85,1
CommType.all_gather,CommGroup.dp_group,8,33554432,backward.allgather_fn,None,None,,5.581823825836182,5.6,4.9,1
CommType.all_gather,CommGroup.dp_group,8,33554432,backward.allgather_fn,None,None,,5.567488193511963,5.61,4.91,1
CommType.all_gather,CommGroup.dp_group,8,90177536,backward.allgather_fn,None,None,,15.201279640197754,5.52,4.83,1
CommType.all_gather,CommGroup.dp_group,8,90177536,backward.allgather_fn,None,None,,15.09990406036377,5.56,4.87,1
CommType.all_gather,CommGroup.dp_group,8,90177536,backward.allgather_fn,None,None,,15.102975845336914,5.56,4.87,1
CommType.reduce_scatter,CommGroup.dp_group,8,989896704,backward.reduce_scatter_fn,None,None,,163.54202270507812,5.64,4.93,1
CommType.all_gather,CommGroup.dp_group,8,33554432,backward.allgather_fn,None,None,,5.553152084350586,5.63,4.92,1
CommType.all_gather,CommGroup.dp_group,8,33554432,backward.allgather_fn,None,None,,5.563392162322998,5.62,4.91,1
CommType.all_gather,CommGroup.dp_group,8,33554432,backward.allgather_fn,None,None,,5.68012809753418,5.5,4.81,1
CommType.all_gather,CommGroup.dp_group,8,33554432,backward.allgather_fn,None,None,,5.594111919403076,5.59,4.89,1
CommType.all_gather,CommGroup.dp_group,8,90177536,backward.allgather_fn,None,None,,15.18899154663086,5.53,4.84,1
CommType.all_gather,CommGroup.dp_group,8,90177536,backward.allgather_fn,None,None,,15.136768341064453,5.55,4.85,1
CommType.all_gather,CommGroup.dp_group,8,90177536,backward.allgather_fn,None,None,,15.094783782958984,5.56,4.87,1
CommType.all_gather,CommGroup.dp_group,8,33554432,backward.allgather_fn,None,None,,5.490687847137451,5.69,4.98,1
CommType.all_gather,CommGroup.dp_group,8,33554432,backward.allgather_fn,None,None,,5.583871841430664,5.6,4.9,1
CommType.all_gather,CommGroup.dp_group,8,33554432,backward.allgather_fn,None,None,,5.586944103240967,5.59,4.89,1
CommType.all_gather,CommGroup.dp_group,8,33554432,backward.allgather_fn,None,None,,5.599232196807861,5.58,4.88,1
CommType.all_gather,CommGroup.dp_group,8,262144000,backward.allgather_fn,None,None,,44.57164764404297,5.48,4.79,1
CommType.reduce_scatter,CommGroup.dp_group,8,943759360,backward.reduce_scatter_fn,None,None,,155.85997009277344,5.64,4.93,1
CommType.reduce_scatter,CommGroup.dp_group,8,989888512,backward.reduce_scatter_fn,None,None,,162.946044921875,5.66,4.95,1
CommType.reduce_scatter,CommGroup.dp_group,8,891322368,step.reduce_scatter_fn,None,None,,146.98086547851562,5.65,4.94,1
CommType.all_reduce,CommGroup.dp_group,8,1,step.has_overflow,None,None,,0.12876799702644348,0.0,0.0,1
CommType.all_reduce,CommGroup.dp_group,8,8,step.get_grad_norm_direct,None,None,,0.10956799983978271,0.0,0.0,1
CommType.all_gather,CommGroup.dp_group,8,8192,step.allgather_fn,None,None,,0.10649599879980087,0.07,0.06,1
CommType.all_gather,CommGroup.dp_group,8,8192,step.allgather_fn,None,None,,0.10444799810647964,0.07,0.06,1
CommType.all_gather,CommGroup.dp_group,8,8192,step.allgather_fn,None,None,,0.10214400291442871,0.07,0.07,1
CommType.all_gather,CommGroup.dp_group,8,8192,step.allgather_fn,None,None,,0.09935999661684036,0.08,0.07,1
CommType.all_gather,CommGroup.dp_group,8,8192,step.allgather_fn,None,None,,0.1013759970664978,0.08,0.07,1
CommType.all_gather,CommGroup.dp_group,8,8192,step.allgather_fn,None,None,,0.09942399710416794,0.08,0.07,1
CommType.all_gather,CommGroup.dp_group,8,8192,step.allgather_fn,None,None,,0.1003199964761734,0.08,0.07,1
CommType.all_gather,CommGroup.dp_group,8,8192,step.allgather_fn,None,None,,0.0995199978351593,0.08,0.07,1
CommType.all_gather,CommGroup.dp_group,8,8192,step.allgather_fn,None,None,,0.09929600358009338,0.08,0.07,1
CommType.all_gather,CommGroup.dp_group,8,8192,step.allgather_fn,None,None,,0.09961599856615067,0.08,0.07,1
CommType.all_gather,CommGroup.dp_group,8,8192,step.allgather_fn,None,None,,0.09932799637317657,0.08,0.07,1
CommType.all_gather,CommGroup.dp_group,8,8192,step.allgather_fn,None,None,,0.10230399668216705,0.07,0.07,1
CommType.all_gather,CommGroup.dp_group,8,8192,step.allgather_fn,None,None,,0.09833600372076035,0.08,0.07,1
CommType.all_gather,CommGroup.dp_group,8,8192,step.allgather_fn,None,None,,0.09907200187444687,0.08,0.07,1
CommType.all_gather,CommGroup.dp_group,8,8192,step.allgather_fn,None,None,,0.11161600053310394,0.07,0.06,1
CommType.all_gather,CommGroup.dp_group,8,8192,step.allgather_fn,None,None,,0.10035199671983719,0.08,0.07,1
CommType.all_gather,CommGroup.dp_group,8,8192,step.allgather_fn,None,None,,0.09913600236177444,0.08,0.07,1
CommType.all_gather,CommGroup.dp_group,8,8192,step.allgather_fn,None,None,,0.09923200309276581,0.08,0.07,1
CommType.all_gather,CommGroup.dp_group,8,8192,step.allgather_fn,None,None,,0.09916800260543823,0.08,0.07,1
CommType.all_gather,CommGroup.dp_group,8,8192,step.allgather_fn,None,None,,0.11366400122642517,0.07,0.06,1
CommType.all_gather,CommGroup.dp_group,8,8192,step.allgather_fn,None,None,,0.09932799637317657,0.08,0.07,1
CommType.all_gather,CommGroup.dp_group,8,8192,step.allgather_fn,None,None,,0.09932799637317657,0.08,0.07,1
CommType.all_gather,CommGroup.dp_group,8,8192,step.allgather_fn,None,None,,0.09830400347709656,0.08,0.07,1
CommType.all_gather,CommGroup.dp_group,8,8192,step.allgather_fn,None,None,,0.09916800260543823,0.08,0.07,1
CommType.all_gather,CommGroup.dp_group,8,8192,step.allgather_fn,None,None,,0.09852799773216248,0.08,0.07,1
CommType.all_gather,CommGroup.dp_group,8,8192,step.allgather_fn,None,None,,0.09932799637317657,0.08,0.07,1
CommType.all_gather,CommGroup.dp_group,8,8192,step.allgather_fn,None,None,,0.09747199714183807,0.08,0.07,1
CommType.all_gather,CommGroup.dp_group,8,8192,step.allgather_fn,None,None,,0.0982080027461052,0.08,0.07,1
CommType.all_gather,CommGroup.dp_group,8,8192,step.allgather_fn,None,None,,0.09830400347709656,0.08,0.07,1
CommType.all_gather,CommGroup.dp_group,8,8192,step.allgather_fn,None,None,,0.09830400347709656,0.08,0.07,1
CommType.all_gather,CommGroup.dp_group,8,8192,step.allgather_fn,None,None,,0.10063999891281128,0.08,0.07,1
CommType.all_gather,CommGroup.dp_group,8,8192,step.allgather_fn,None,None,,0.09852799773216248,0.08,0.07,1
CommType.all_gather,CommGroup.dp_group,8,8192,step.allgather_fn,None,None,,0.09728000313043594,0.08,0.07,1
CommType.all_gather,CommGroup.dp_group,8,8192,step.allgather_fn,None,None,,0.09910400211811066,0.08,0.07,1
CommType.all_gather,CommGroup.dp_group,8,8192,step.allgather_fn,None,None,,0.09808000177145004,0.08,0.07,1
CommType.all_gather,CommGroup.dp_group,8,8192,step.allgather_fn,None,None,,0.11049599945545197,0.07,0.06,1
CommType.all_gather,CommGroup.dp_group,8,8192,step.allgather_fn,None,None,,0.09945599734783173,0.08,0.07,1
CommType.all_gather,CommGroup.dp_group,8,8192,step.allgather_fn,None,None,,0.0992640033364296,0.08,0.07,1
CommType.all_gather,CommGroup.dp_group,8,8192,step.allgather_fn,None,None,,0.09830400347709656,0.08,0.07,1
CommType.all_gather,CommGroup.dp_group,8,8192,step.allgather_fn,None,None,,0.10239999741315842,0.07,0.07,1
CommType.all_gather,CommGroup.dp_group,8,8192,step.allgather_fn,None,None,,0.09932799637317657,0.08,0.07,1
CommType.all_gather,CommGroup.dp_group,8,8192,step.allgather_fn,None,None,,0.18611200153827667,0.04,0.04,1
CommType.all_gather,CommGroup.dp_group,8,8192,step.allgather_fn,None,None,,0.10003200173377991,0.08,0.07,1
CommType.all_gather,CommGroup.dp_group,8,8192,step.allgather_fn,None,None,,0.09859199821949005,0.08,0.07,1
CommType.all_gather,CommGroup.dp_group,8,8192,step.allgather_fn,None,None,,0.10035199671983719,0.08,0.07,1
CommType.all_gather,CommGroup.dp_group,8,8192,step.allgather_fn,None,None,,0.11059200018644333,0.07,0.06,1
CommType.all_gather,CommGroup.dp_group,8,8192,step.allgather_fn,None,None,,0.10035199671983719,0.08,0.07,1
CommType.all_gather,CommGroup.dp_group,8,8192,step.allgather_fn,None,None,,0.0995199978351593,0.08,0.07,1
CommType.all_gather,CommGroup.dp_group,8,8192,step.allgather_fn,None,None,,0.0992640033364296,0.08,0.07,1
CommType.all_gather,CommGroup.dp_group,8,8192,step.allgather_fn,None,None,,0.09932799637317657,0.08,0.07,1
CommType.all_gather,CommGroup.dp_group,8,8192,step.allgather_fn,None,None,,0.09932799637317657,0.08,0.07,1
CommType.all_gather,CommGroup.dp_group,8,8192,step.allgather_fn,None,None,,0.10239999741315842,0.07,0.07,1
CommType.all_gather,CommGroup.dp_group,8,8192,step.allgather_fn,None,None,,0.09843199700117111,0.08,0.07,1
CommType.all_gather,CommGroup.dp_group,8,8192,step.allgather_fn,None,None,,0.0992640033364296,0.08,0.07,1
CommType.all_gather,CommGroup.dp_group,8,8192,step.allgather_fn,None,None,,0.09907200187444687,0.08,0.07,1
CommType.all_gather,CommGroup.dp_group,8,8192,step.allgather_fn,None,None,,0.0995199978351593,0.08,0.07,1
CommType.all_gather,CommGroup.dp_group,8,8192,step.allgather_fn,None,None,,0.1013759970664978,0.08,0.07,1
CommType.all_gather,CommGroup.dp_group,8,8192,step.allgather_fn,None,None,,0.10127999633550644,0.08,0.07,1
CommType.all_gather,CommGroup.dp_group,8,8192,step.allgather_fn,None,None,,0.09916800260543823,0.08,0.07,1
CommType.all_gather,CommGroup.dp_group,8,8192,step.allgather_fn,None,None,,0.09811200201511383,0.08,0.07,1
CommType.all_gather,CommGroup.dp_group,8,8192,step.allgather_fn,None,None,,0.09932799637317657,0.08,0.07,1
CommType.all_gather,CommGroup.dp_group,8,8192,step.allgather_fn,None,None,,0.11264000087976456,0.07,0.06,1
CommType.all_gather,CommGroup.dp_group,8,8192,step.allgather_fn,None,None,,0.09935999661684036,0.08,0.07,1
CommType.all_gather,CommGroup.dp_group,8,8192,step.allgather_fn,None,None,,0.09843199700117111,0.08,0.07,1
CommType.all_gather,CommGroup.dp_group,8,8192,step.allgather_fn,None,None,,0.09932799637317657,0.08,0.07,1
CommType.epoch_end,None,None,0,,None,None,,6457.2906494140625,0.0,0.0,1
CommType.all_gather,CommGroup.dp_group,8,2015363072,forward.allgather_fn,None,None,,340.2076110839844,5.52,4.83,1
CommType.all_gather,CommGroup.dp_group,8,270532608,forward.allgather_fn,None,None,,45.61836624145508,5.52,4.83,1
CommType.all_gather,CommGroup.dp_group,8,33554432,forward.allgather_fn,None,None,,5.53056001663208,5.65,4.94,1
CommType.all_gather,CommGroup.dp_group,8,33554432,forward.allgather_fn,None,None,,5.445568084716797,5.74,5.02,1
CommType.all_gather,CommGroup.dp_group,8,33554432,forward.allgather_fn,None,None,,5.5610880851745605,5.62,4.92,1
CommType.all_gather,CommGroup.dp_group,8,33554432,forward.allgather_fn,None,None,,5.540863990783691,5.64,4.93,1
CommType.all_gather,CommGroup.dp_group,8,90177536,forward.allgather_fn,None,None,,15.421216011047363,5.45,4.77,1
CommType.all_gather,CommGroup.dp_group,8,90177536,forward.allgather_fn,None,None,,15.131648063659668,5.55,4.86,1
CommType.all_gather,CommGroup.dp_group,8,90177536,forward.allgather_fn,None,None,,15.113216400146484,5.56,4.86,1
CommType.all_gather,CommGroup.dp_group,8,33554432,forward.allgather_fn,None,None,,5.448703765869141,5.74,5.02,1
CommType.all_gather,CommGroup.dp_group,8,33554432,forward.allgather_fn,None,None,,5.596159934997559,5.58,4.89,1
CommType.all_gather,CommGroup.dp_group,8,33554432,forward.allgather_fn,None,None,,5.568511962890625,5.61,4.91,1
CommType.all_gather,CommGroup.dp_group,8,33554432,forward.allgather_fn,None,None,,5.571584224700928,5.61,4.91,1
CommType.all_gather,CommGroup.dp_group,8,90177536,forward.allgather_fn,None,None,,15.168512344360352,5.54,4.84,1
CommType.all_gather,CommGroup.dp_group,8,90177536,forward.allgather_fn,None,None,,15.09068775177002,5.57,4.87,1
CommType.all_gather,CommGroup.dp_group,8,90177536,forward.allgather_fn,None,None,,15.094783782958984,5.56,4.87,1
CommType.all_gather,CommGroup.dp_group,8,33554432,forward.allgather_fn,None,None,,5.435391902923584,5.75,5.03,1
CommType.all_gather,CommGroup.dp_group,8,33554432,forward.allgather_fn,None,None,,5.60537576675415,5.58,4.88,1
CommType.all_gather,CommGroup.dp_group,8,33554432,forward.allgather_fn,None,None,,5.590015888214111,5.59,4.89,1
CommType.all_gather,CommGroup.dp_group,8,33554432,forward.allgather_fn,None,None,,5.606688022613525,5.57,4.88,1
CommType.all_gather,CommGroup.dp_group,8,90177536,forward.allgather_fn,None,None,,15.266655921936035,5.5,4.81,1
CommType.all_gather,CommGroup.dp_group,8,90177536,forward.allgather_fn,None,None,,15.212544441223145,5.52,4.83,1
CommType.all_gather,CommGroup.dp_group,8,90177536,forward.allgather_fn,None,None,,15.212544441223145,5.52,4.83,1
CommType.all_gather,CommGroup.dp_group,8,33554432,forward.allgather_fn,None,None,,5.534719944000244,5.65,4.94,1
CommType.all_gather,CommGroup.dp_group,8,33554432,forward.allgather_fn,None,None,,5.600255966186523,5.58,4.88,1
CommType.all_gather,CommGroup.dp_group,8,33554432,forward.allgather_fn,None,None,,5.5808000564575195,5.6,4.9,1
CommType.all_gather,CommGroup.dp_group,8,33554432,forward.allgather_fn,None,None,,5.5511040687561035,5.63,4.93,1
CommType.all_gather,CommGroup.dp_group,8,90177536,forward.allgather_fn,None,None,,15.16211223602295,5.54,4.85,1
CommType.all_gather,CommGroup.dp_group,8,90177536,forward.allgather_fn,None,None,,15.094783782958984,5.56,4.87,1
CommType.all_gather,CommGroup.dp_group,8,90177536,forward.allgather_fn,None,None,,15.049728393554688,5.58,4.88,1
CommType.all_gather,CommGroup.dp_group,8,33554432,forward.allgather_fn,None,None,,5.529600143432617,5.65,4.94,1
CommType.all_gather,CommGroup.dp_group,8,33554432,forward.allgather_fn,None,None,,5.563392162322998,5.62,4.91,1
CommType.all_gather,CommGroup.dp_group,8,33554432,forward.allgather_fn,None,None,,5.571584224700928,5.61,4.91,1
CommType.all_gather,CommGroup.dp_group,8,33554432,forward.allgather_fn,None,None,,5.561408042907715,5.62,4.92,1
CommType.all_gather,CommGroup.dp_group,8,90177536,forward.allgather_fn,None,None,,15.144960403442383,5.55,4.85,1
CommType.all_gather,CommGroup.dp_group,8,90177536,forward.allgather_fn,None,None,,15.095968246459961,5.56,4.87,1
CommType.all_gather,CommGroup.dp_group,8,90177536,forward.allgather_fn,None,None,,15.115263938903809,5.56,4.86,1
CommType.all_gather,CommGroup.dp_group,8,33554432,forward.allgather_fn,None,None,,5.442560195922852,5.74,5.02,1
CommType.all_gather,CommGroup.dp_group,8,33554432,forward.allgather_fn,None,None,,5.573631763458252,5.61,4.91,1
CommType.all_gather,CommGroup.dp_group,8,33554432,forward.allgather_fn,None,None,,5.529664039611816,5.65,4.94,1
CommType.all_gather,CommGroup.dp_group,8,33554432,forward.allgather_fn,None,None,,5.5808000564575195,5.6,4.9,1
CommType.all_gather,CommGroup.dp_group,8,90177536,forward.allgather_fn,None,None,,15.153152465820312,5.54,4.85,1
CommType.all_gather,CommGroup.dp_group,8,90177536,forward.allgather_fn,None,None,,15.118335723876953,5.56,4.86,1
CommType.all_gather,CommGroup.dp_group,8,90177536,forward.allgather_fn,None,None,,15.06611156463623,5.57,4.88,1
CommType.all_gather,CommGroup.dp_group,8,33554432,forward.allgather_fn,None,None,,5.430272102355957,5.75,5.04,1
CommType.all_gather,CommGroup.dp_group,8,33554432,forward.allgather_fn,None,None,,5.593088150024414,5.59,4.89,1
CommType.all_gather,CommGroup.dp_group,8,33554432,forward.allgather_fn,None,None,,5.578752040863037,5.6,4.9,1
CommType.all_gather,CommGroup.dp_group,8,33554432,forward.allgather_fn,None,None,,5.552127838134766,5.63,4.92,1
CommType.all_gather,CommGroup.dp_group,8,90177536,forward.allgather_fn,None,None,,15.156224250793457,5.54,4.85,1
CommType.all_gather,CommGroup.dp_group,8,90177536,forward.allgather_fn,None,None,,15.096832275390625,5.56,4.87,1
CommType.all_gather,CommGroup.dp_group,8,90177536,forward.allgather_fn,None,None,,15.110143661499023,5.56,4.86,1
CommType.all_gather,CommGroup.dp_group,8,33554432,forward.allgather_fn,None,None,,5.446656227111816,5.74,5.02,1
CommType.all_gather,CommGroup.dp_group,8,33554432,forward.allgather_fn,None,None,,5.621535778045654,5.56,4.86,1
CommType.all_gather,CommGroup.dp_group,8,33554432,forward.allgather_fn,None,None,,5.570559978485107,5.61,4.91,1
CommType.all_gather,CommGroup.dp_group,8,33554432,forward.allgather_fn,None,None,,5.582848072052002,5.6,4.9,1
CommType.all_gather,CommGroup.dp_group,8,90177536,forward.allgather_fn,None,None,,15.145983695983887,5.54,4.85,1
CommType.all_gather,CommGroup.dp_group,8,90177536,forward.allgather_fn,None,None,,15.093759536743164,5.56,4.87,1
CommType.all_gather,CommGroup.dp_group,8,90177536,forward.allgather_fn,None,None,,15.114239692687988,5.56,4.86,1
CommType.all_gather,CommGroup.dp_group,8,33554432,forward.allgather_fn,None,None,,5.469183921813965,5.71,5.0,1
CommType.all_gather,CommGroup.dp_group,8,33554432,forward.allgather_fn,None,None,,5.618688106536865,5.56,4.87,1
CommType.all_gather,CommGroup.dp_group,8,33554432,forward.allgather_fn,None,None,,5.563392162322998,5.62,4.91,1
CommType.all_gather,CommGroup.dp_group,8,33554432,forward.allgather_fn,None,None,,5.566463947296143,5.61,4.91,1
CommType.all_gather,CommGroup.dp_group,8,90177536,forward.allgather_fn,None,None,,15.194944381713867,5.53,4.84,1
CommType.all_gather,CommGroup.dp_group,8,90177536,forward.allgather_fn,None,None,,15.111167907714844,5.56,4.86,1
CommType.all_gather,CommGroup.dp_group,8,90177536,forward.allgather_fn,None,None,,15.093759536743164,5.56,4.87,1
CommType.all_gather,CommGroup.dp_group,8,33554432,forward.allgather_fn,None,None,,5.41593599319458,5.77,5.05,1
CommType.all_gather,CommGroup.dp_group,8,33554432,forward.allgather_fn,None,None,,5.648608207702637,5.53,4.84,1
CommType.all_gather,CommGroup.dp_group,8,33554432,forward.allgather_fn,None,None,,5.652480125427246,5.53,4.84,1
CommType.all_gather,CommGroup.dp_group,8,33554432,forward.allgather_fn,None,None,,5.555200099945068,5.63,4.92,1
CommType.all_gather,CommGroup.dp_group,8,90177536,forward.allgather_fn,None,None,,15.157247543334961,5.54,4.85,1
CommType.all_gather,CommGroup.dp_group,8,90177536,forward.allgather_fn,None,None,,15.114239692687988,5.56,4.86,1
CommType.all_gather,CommGroup.dp_group,8,90177536,forward.allgather_fn,None,None,,15.06713581085205,5.57,4.88,1
CommType.all_gather,CommGroup.dp_group,8,33554432,forward.allgather_fn,None,None,,5.442560195922852,5.74,5.02,1
CommType.all_gather,CommGroup.dp_group,8,33554432,forward.allgather_fn,None,None,,5.641215801239014,5.54,4.85,1
CommType.all_gather,CommGroup.dp_group,8,33554432,forward.allgather_fn,None,None,,5.56220817565918,5.62,4.92,1
CommType.all_gather,CommGroup.dp_group,8,33554432,forward.allgather_fn,None,None,,5.5939202308654785,5.59,4.89,1
CommType.all_gather,CommGroup.dp_group,8,90177536,forward.allgather_fn,None,None,,15.13548755645752,5.55,4.86,1
CommType.all_gather,CommGroup.dp_group,8,90177536,forward.allgather_fn,None,None,,15.095808029174805,5.56,4.87,1
CommType.all_gather,CommGroup.dp_group,8,90177536,forward.allgather_fn,None,None,,15.102975845336914,5.56,4.87,1
CommType.all_gather,CommGroup.dp_group,8,33554432,forward.allgather_fn,None,None,,5.463039875030518,5.72,5.01,1
CommType.all_gather,CommGroup.dp_group,8,33554432,forward.allgather_fn,None,None,,5.517375946044922,5.66,4.96,1
CommType.all_gather,CommGroup.dp_group,8,33554432,forward.allgather_fn,None,None,,5.571487903594971,5.61,4.91,1
CommType.all_gather,CommGroup.dp_group,8,33554432,forward.allgather_fn,None,None,,5.453824043273926,5.73,5.01,1
CommType.all_gather,CommGroup.dp_group,8,90177536,forward.allgather_fn,None,None,,15.19001579284668,5.53,4.84,1
CommType.all_gather,CommGroup.dp_group,8,90177536,forward.allgather_fn,None,None,,15.115263938903809,5.56,4.86,1
CommType.all_gather,CommGroup.dp_group,8,90177536,forward.allgather_fn,None,None,,15.109248161315918,5.56,4.86,1
CommType.all_gather,CommGroup.dp_group,8,33554432,forward.allgather_fn,None,None,,5.4620161056518555,5.72,5.01,1
CommType.all_gather,CommGroup.dp_group,8,33554432,forward.allgather_fn,None,None,,5.573631763458252,5.61,4.91,1
CommType.all_gather,CommGroup.dp_group,8,33554432,forward.allgather_fn,None,None,,5.575679779052734,5.6,4.9,1
CommType.all_gather,CommGroup.dp_group,8,33554432,forward.allgather_fn,None,None,,5.574656009674072,5.61,4.91,1
CommType.all_gather,CommGroup.dp_group,8,90177536,forward.allgather_fn,None,None,,15.186944007873535,5.53,4.84,1
CommType.all_gather,CommGroup.dp_group,8,90177536,forward.allgather_fn,None,None,,15.113216400146484,5.56,4.86,1
CommType.all_gather,CommGroup.dp_group,8,90177536,forward.allgather_fn,None,None,,15.116288185119629,5.56,4.86,1
CommType.all_gather,CommGroup.dp_group,8,33554432,forward.allgather_fn,None,None,,5.467135906219482,5.72,5.0,1
CommType.all_gather,CommGroup.dp_group,8,33554432,forward.allgather_fn,None,None,,5.592063903808594,5.59,4.89,1
CommType.all_gather,CommGroup.dp_group,8,33554432,forward.allgather_fn,None,None,,5.578752040863037,5.6,4.9,1
CommType.all_gather,CommGroup.dp_group,8,33554432,forward.allgather_fn,None,None,,5.579775810241699,5.6,4.9,1
CommType.all_gather,CommGroup.dp_group,8,90177536,forward.allgather_fn,None,None,,15.174528121948242,5.53,4.84,1
CommType.all_gather,CommGroup.dp_group,8,90177536,forward.allgather_fn,None,None,,15.161343574523926,5.54,4.85,1
CommType.all_gather,CommGroup.dp_group,8,90177536,forward.allgather_fn,None,None,,15.106047630310059,5.56,4.86,1
CommType.all_gather,CommGroup.dp_group,8,33554432,forward.allgather_fn,None,None,,5.470208168029785,5.71,5.0,1
CommType.all_gather,CommGroup.dp_group,8,33554432,forward.allgather_fn,None,None,,5.519360065460205,5.66,4.95,1
CommType.all_gather,CommGroup.dp_group,8,33554432,forward.allgather_fn,None,None,,5.552127838134766,5.63,4.92,1
CommType.all_gather,CommGroup.dp_group,8,33554432,forward.allgather_fn,None,None,,5.558271884918213,5.62,4.92,1
CommType.all_gather,CommGroup.dp_group,8,90177536,forward.allgather_fn,None,None,,15.17465591430664,5.53,4.84,1
CommType.all_gather,CommGroup.dp_group,8,90177536,forward.allgather_fn,None,None,,15.063039779663086,5.58,4.88,1
CommType.all_gather,CommGroup.dp_group,8,90177536,forward.allgather_fn,None,None,,15.128576278686523,5.55,4.86,1
CommType.all_gather,CommGroup.dp_group,8,33554432,forward.allgather_fn,None,None,,5.50278377532959,5.68,4.97,1
CommType.all_gather,CommGroup.dp_group,8,33554432,forward.allgather_fn,None,None,,5.5808000564575195,5.6,4.9,1
CommType.all_gather,CommGroup.dp_group,8,33554432,forward.allgather_fn,None,None,,5.583871841430664,5.6,4.9,1
CommType.all_gather,CommGroup.dp_group,8,33554432,forward.allgather_fn,None,None,,5.555263996124268,5.63,4.92,1
CommType.all_gather,CommGroup.dp_group,8,90177536,forward.allgather_fn,None,None,,15.164416313171387,5.54,4.85,1
CommType.all_gather,CommGroup.dp_group,8,90177536,forward.allgather_fn,None,None,,15.041536331176758,5.58,4.89,1
CommType.all_gather,CommGroup.dp_group,8,90177536,forward.allgather_fn,None,None,,15.093759536743164,5.56,4.87,1
CommType.all_gather,CommGroup.dp_group,8,33554432,forward.allgather_fn,None,None,,5.414912223815918,5.77,5.05,1
CommType.all_gather,CommGroup.dp_group,8,33554432,forward.allgather_fn,None,None,,5.678080081939697,5.5,4.82,1
CommType.all_gather,CommGroup.dp_group,8,33554432,forward.allgather_fn,None,None,,5.574656009674072,5.61,4.91,1
CommType.all_gather,CommGroup.dp_group,8,33554432,forward.allgather_fn,None,None,,5.557248115539551,5.62,4.92,1
CommType.all_gather,CommGroup.dp_group,8,90177536,forward.allgather_fn,None,None,,15.157247543334961,5.54,4.85,1
CommType.all_gather,CommGroup.dp_group,8,90177536,forward.allgather_fn,None,None,,15.096832275390625,5.56,4.87,1
CommType.all_gather,CommGroup.dp_group,8,90177536,forward.allgather_fn,None,None,,15.056896209716797,5.58,4.88,1
CommType.all_gather,CommGroup.dp_group,8,33554432,forward.allgather_fn,None,None,,5.4917120933532715,5.69,4.98,1
CommType.all_gather,CommGroup.dp_group,8,33554432,forward.allgather_fn,None,None,,5.570559978485107,5.61,4.91,1
CommType.all_gather,CommGroup.dp_group,8,33554432,forward.allgather_fn,None,None,,5.554336071014404,5.63,4.92,1
CommType.all_gather,CommGroup.dp_group,8,33554432,forward.allgather_fn,None,None,,5.600255966186523,5.58,4.88,1
CommType.all_gather,CommGroup.dp_group,8,90177536,forward.allgather_fn,None,None,,15.132672309875488,5.55,4.86,1
CommType.all_gather,CommGroup.dp_group,8,90177536,forward.allgather_fn,None,None,,15.105024337768555,5.56,4.87,1
CommType.all_gather,CommGroup.dp_group,8,90177536,forward.allgather_fn,None,None,,15.097855567932129,5.56,4.87,1
CommType.all_gather,CommGroup.dp_group,8,33554432,forward.allgather_fn,None,None,,5.479423999786377,5.7,4.99,1
CommType.all_gather,CommGroup.dp_group,8,33554432,forward.allgather_fn,None,None,,5.62278413772583,5.56,4.86,1
CommType.all_gather,CommGroup.dp_group,8,33554432,forward.allgather_fn,None,None,,5.569536209106445,5.61,4.91,1
CommType.all_gather,CommGroup.dp_group,8,33554432,forward.allgather_fn,None,None,,5.570559978485107,5.61,4.91,1
CommType.all_gather,CommGroup.dp_group,8,90177536,forward.allgather_fn,None,None,,15.164416313171387,5.54,4.85,1
CommType.all_gather,CommGroup.dp_group,8,90177536,forward.allgather_fn,None,None,,15.107071876525879,5.56,4.86,1
CommType.all_gather,CommGroup.dp_group,8,90177536,forward.allgather_fn,None,None,,15.132672309875488,5.55,4.86,1
CommType.all_gather,CommGroup.dp_group,8,33554432,forward.allgather_fn,None,None,,5.465087890625,5.72,5.0,1
CommType.all_gather,CommGroup.dp_group,8,33554432,forward.allgather_fn,None,None,,5.60537576675415,5.58,4.88,1
CommType.all_gather,CommGroup.dp_group,8,33554432,forward.allgather_fn,None,None,,5.563392162322998,5.62,4.91,1
CommType.all_gather,CommGroup.dp_group,8,33554432,forward.allgather_fn,None,None,,5.592063903808594,5.59,4.89,1
CommType.all_gather,CommGroup.dp_group,8,90177536,forward.allgather_fn,None,None,,15.168512344360352,5.54,4.84,1
CommType.all_gather,CommGroup.dp_group,8,90177536,forward.allgather_fn,None,None,,15.072256088256836,5.57,4.88,1
CommType.all_gather,CommGroup.dp_group,8,90177536,forward.allgather_fn,None,None,,15.06220817565918,5.58,4.88,1
CommType.all_gather,CommGroup.dp_group,8,33554432,forward.allgather_fn,None,None,,5.458943843841553,5.72,5.01,1
CommType.all_gather,CommGroup.dp_group,8,33554432,forward.allgather_fn,None,None,,5.658624172210693,5.52,4.83,1
CommType.all_gather,CommGroup.dp_group,8,33554432,forward.allgather_fn,None,None,,5.540863990783691,5.64,4.93,1
CommType.all_gather,CommGroup.dp_group,8,33554432,forward.allgather_fn,None,None,,5.5562238693237305,5.62,4.92,1
CommType.all_gather,CommGroup.dp_group,8,90177536,forward.allgather_fn,None,None,,15.140864372253418,5.55,4.85,1
CommType.all_gather,CommGroup.dp_group,8,90177536,forward.allgather_fn,None,None,,15.119359970092773,5.55,4.86,1
CommType.all_gather,CommGroup.dp_group,8,90177536,forward.allgather_fn,None,None,,15.045632362365723,5.58,4.88,1
CommType.all_gather,CommGroup.dp_group,8,33554432,forward.allgather_fn,None,None,,5.45689582824707,5.73,5.01,1
CommType.all_gather,CommGroup.dp_group,8,33554432,forward.allgather_fn,None,None,,5.636096000671387,5.54,4.85,1
CommType.all_gather,CommGroup.dp_group,8,33554432,forward.allgather_fn,None,None,,5.583871841430664,5.6,4.9,1
CommType.all_gather,CommGroup.dp_group,8,33554432,forward.allgather_fn,None,None,,5.566463947296143,5.61,4.91,1
CommType.all_gather,CommGroup.dp_group,8,90177536,forward.allgather_fn,None,None,,15.193087577819824,5.53,4.84,1
CommType.all_gather,CommGroup.dp_group,8,90177536,forward.allgather_fn,None,None,,15.118335723876953,5.56,4.86,1
CommType.all_gather,CommGroup.dp_group,8,90177536,forward.allgather_fn,None,None,,15.097855567932129,5.56,4.87,1
CommType.all_gather,CommGroup.dp_group,8,33554432,forward.allgather_fn,None,None,,5.459968090057373,5.72,5.01,1
CommType.all_gather,CommGroup.dp_group,8,33554432,forward.allgather_fn,None,None,,5.6229119300842285,5.56,4.86,1
CommType.all_gather,CommGroup.dp_group,8,33554432,forward.allgather_fn,None,None,,5.566336154937744,5.61,4.91,1
CommType.all_gather,CommGroup.dp_group,8,33554432,forward.allgather_fn,None,None,,5.557248115539551,5.62,4.92,1
CommType.all_gather,CommGroup.dp_group,8,90177536,forward.allgather_fn,None,None,,15.160320281982422,5.54,4.85,1
CommType.all_gather,CommGroup.dp_group,8,90177536,forward.allgather_fn,None,None,,15.107071876525879,5.56,4.86,1
CommType.all_gather,CommGroup.dp_group,8,90177536,forward.allgather_fn,None,None,,15.123456001281738,5.55,4.86,1
CommType.all_gather,CommGroup.dp_group,8,33554432,forward.allgather_fn,None,None,,5.453824043273926,5.73,5.01,1
CommType.all_gather,CommGroup.dp_group,8,33554432,forward.allgather_fn,None,None,,5.576831817626953,5.6,4.9,1
CommType.all_gather,CommGroup.dp_group,8,33554432,forward.allgather_fn,None,None,,5.559199810028076,5.62,4.92,1
CommType.all_gather,CommGroup.dp_group,8,33554432,forward.allgather_fn,None,None,,5.557248115539551,5.62,4.92,1
CommType.all_gather,CommGroup.dp_group,8,90177536,forward.allgather_fn,None,None,,15.158271789550781,5.54,4.85,1
CommType.all_gather,CommGroup.dp_group,8,90177536,forward.allgather_fn,None,None,,15.09068775177002,5.57,4.87,1
CommType.all_gather,CommGroup.dp_group,8,90177536,forward.allgather_fn,None,None,,15.052800178527832,5.58,4.88,1
CommType.all_gather,CommGroup.dp_group,8,33554432,forward.allgather_fn,None,None,,5.471231937408447,5.71,5.0,1
CommType.all_gather,CommGroup.dp_group,8,33554432,forward.allgather_fn,None,None,,5.639167785644531,5.54,4.85,1
CommType.all_gather,CommGroup.dp_group,8,33554432,forward.allgather_fn,None,None,,5.545983791351318,5.63,4.93,1
CommType.all_gather,CommGroup.dp_group,8,33554432,forward.allgather_fn,None,None,,5.577727794647217,5.6,4.9,1
CommType.all_gather,CommGroup.dp_group,8,90177536,forward.allgather_fn,None,None,,15.123456001281738,5.55,4.86,1
CommType.all_gather,CommGroup.dp_group,8,90177536,forward.allgather_fn,None,None,,15.101951599121094,5.56,4.87,1
CommType.all_gather,CommGroup.dp_group,8,90177536,forward.allgather_fn,None,None,,15.119359970092773,5.55,4.86,1
CommType.all_gather,CommGroup.dp_group,8,33554432,forward.allgather_fn,None,None,,5.487616062164307,5.69,4.98,1
CommType.all_gather,CommGroup.dp_group,8,33554432,forward.allgather_fn,None,None,,5.570559978485107,5.61,4.91,1
CommType.all_gather,CommGroup.dp_group,8,33554432,forward.allgather_fn,None,None,,5.598207950592041,5.58,4.88,1
CommType.all_gather,CommGroup.dp_group,8,33554432,forward.allgather_fn,None,None,,5.563392162322998,5.62,4.91,1
CommType.all_gather,CommGroup.dp_group,8,90177536,forward.allgather_fn,None,None,,15.163392066955566,5.54,4.85,1
CommType.all_gather,CommGroup.dp_group,8,90177536,forward.allgather_fn,None,None,,15.087615966796875,5.57,4.87,1
CommType.all_gather,CommGroup.dp_group,8,90177536,forward.allgather_fn,None,None,,15.078399658203125,5.57,4.87,1
CommType.all_gather,CommGroup.dp_group,8,33554432,forward.allgather_fn,None,None,,5.516287803649902,5.67,4.96,1
CommType.all_gather,CommGroup.dp_group,8,33554432,forward.allgather_fn,None,None,,5.575679779052734,5.6,4.9,1
CommType.all_gather,CommGroup.dp_group,8,33554432,forward.allgather_fn,None,None,,5.543935775756836,5.64,4.93,1
CommType.all_gather,CommGroup.dp_group,8,33554432,forward.allgather_fn,None,None,,5.5490241050720215,5.63,4.93,1
CommType.all_gather,CommGroup.dp_group,8,90177536,forward.allgather_fn,None,None,,15.182784080505371,5.53,4.84,1
CommType.all_gather,CommGroup.dp_group,8,90177536,forward.allgather_fn,None,None,,15.104000091552734,5.56,4.87,1
CommType.all_gather,CommGroup.dp_group,8,90177536,forward.allgather_fn,None,None,,15.053824424743652,5.58,4.88,1
CommType.all_gather,CommGroup.dp_group,8,262144000,forward.allgather_fn,None,None,,44.08729553222656,5.54,4.85,1
CommType.all_gather,CommGroup.dp_group,8,90177536,forward.allgather_fn,None,None,,15.049728393554688,5.58,4.88,1
CommType.all_gather,CommGroup.dp_group,8,224395264,backward.allgather_fn,None,None,,37.71699142456055,5.54,4.85,1
CommType.all_gather,CommGroup.dp_group,8,90177536,backward.allgather_fn,None,None,,15.136768341064453,5.55,4.85,1
CommType.all_gather,CommGroup.dp_group,8,90177536,backward.allgather_fn,None,None,,15.053824424743652,5.58,4.88,1
CommType.all_gather,CommGroup.dp_group,8,90177536,backward.allgather_fn,None,None,,15.117535591125488,5.56,4.86,1
CommType.all_gather,CommGroup.dp_group,8,33554432,backward.allgather_fn,None,None,,5.492735862731934,5.69,4.98,1
CommType.all_gather,CommGroup.dp_group,8,33554432,backward.allgather_fn,None,None,,5.568511962890625,5.61,4.91,1
CommType.all_gather,CommGroup.dp_group,8,33554432,backward.allgather_fn,None,None,,5.538815975189209,5.64,4.94,1
CommType.all_gather,CommGroup.dp_group,8,33554432,backward.allgather_fn,None,None,,5.567488193511963,5.61,4.91,1
CommType.all_gather,CommGroup.dp_group,8,90177536,backward.allgather_fn,None,None,,15.168512344360352,5.54,4.84,1
CommType.all_gather,CommGroup.dp_group,8,90177536,backward.allgather_fn,None,None,,15.046655654907227,5.58,4.88,1
CommType.all_gather,CommGroup.dp_group,8,90177536,backward.allgather_fn,None,None,,15.121408462524414,5.55,4.86,1
CommType.all_gather,CommGroup.dp_group,8,33554432,backward.allgather_fn,None,None,,5.455872058868408,5.73,5.01,1
CommType.reduce_scatter,CommGroup.dp_group,8,971014144,backward.reduce_scatter_fn,None,None,,160.23654174804688,5.64,4.94,1
CommType.all_gather,CommGroup.dp_group,8,33554432,backward.allgather_fn,None,None,,5.486591815948486,5.7,4.98,1
CommType.all_gather,CommGroup.dp_group,8,33554432,backward.allgather_fn,None,None,,5.567488193511963,5.61,4.91,1
CommType.all_gather,CommGroup.dp_group,8,33554432,backward.allgather_fn,None,None,,5.574687957763672,5.61,4.9,1
CommType.all_gather,CommGroup.dp_group,8,90177536,backward.allgather_fn,None,None,,15.125503540039062,5.55,4.86,1
CommType.all_gather,CommGroup.dp_group,8,90177536,backward.allgather_fn,None,None,,15.09990406036377,5.56,4.87,1
CommType.all_gather,CommGroup.dp_group,8,90177536,backward.allgather_fn,None,None,,15.093759536743164,5.56,4.87,1
CommType.all_gather,CommGroup.dp_group,8,33554432,backward.allgather_fn,None,None,,5.425151824951172,5.76,5.04,1
CommType.all_gather,CommGroup.dp_group,8,33554432,backward.allgather_fn,None,None,,5.6104960441589355,5.57,4.87,1
CommType.all_gather,CommGroup.dp_group,8,33554432,backward.allgather_fn,None,None,,5.57260799407959,5.61,4.91,1
CommType.all_gather,CommGroup.dp_group,8,33554432,backward.allgather_fn,None,None,,5.547232151031494,5.63,4.93,1
CommType.all_gather,CommGroup.dp_group,8,90177536,backward.allgather_fn,None,None,,15.154175758361816,5.54,4.85,1
CommType.all_gather,CommGroup.dp_group,8,90177536,backward.allgather_fn,None,None,,15.122431755065918,5.55,4.86,1
CommType.all_gather,CommGroup.dp_group,8,90177536,backward.allgather_fn,None,None,,15.0763521194458,5.57,4.87,1
CommType.all_gather,CommGroup.dp_group,8,33554432,backward.allgather_fn,None,None,,5.431295871734619,5.75,5.03,1
CommType.all_gather,CommGroup.dp_group,8,33554432,backward.allgather_fn,None,None,,5.6145920753479,5.57,4.87,1
CommType.all_gather,CommGroup.dp_group,8,33554432,backward.allgather_fn,None,None,,5.567327976226807,5.61,4.91,1
CommType.all_gather,CommGroup.dp_group,8,33554432,backward.allgather_fn,None,None,,5.559296131134033,5.62,4.92,1
CommType.reduce_scatter,CommGroup.dp_group,8,910204928,backward.reduce_scatter_fn,None,None,,150.27609252929688,5.64,4.94,1
CommType.all_gather,CommGroup.dp_group,8,90177536,backward.allgather_fn,None,None,,15.134719848632812,5.55,4.86,1
CommType.all_gather,CommGroup.dp_group,8,90177536,backward.allgather_fn,None,None,,15.039487838745117,5.58,4.89,1
CommType.all_gather,CommGroup.dp_group,8,90177536,backward.allgather_fn,None,None,,15.119359970092773,5.55,4.86,1
CommType.all_gather,CommGroup.dp_group,8,33554432,backward.allgather_fn,None,None,,5.681151866912842,5.5,4.81,1
CommType.all_gather,CommGroup.dp_group,8,33554432,backward.allgather_fn,None,None,,5.504000186920166,5.68,4.97,1
CommType.all_gather,CommGroup.dp_group,8,33554432,backward.allgather_fn,None,None,,5.521664142608643,5.66,4.95,1
CommType.all_gather,CommGroup.dp_group,8,33554432,backward.allgather_fn,None,None,,5.63702392578125,5.54,4.85,1
CommType.all_gather,CommGroup.dp_group,8,90177536,backward.allgather_fn,None,None,,15.272895812988281,5.5,4.81,1
CommType.all_gather,CommGroup.dp_group,8,90177536,backward.allgather_fn,None,None,,15.089664459228516,5.57,4.87,1
CommType.all_gather,CommGroup.dp_group,8,90177536,backward.allgather_fn,None,None,,15.078399658203125,5.57,4.87,1
CommType.all_gather,CommGroup.dp_group,8,33554432,backward.allgather_fn,None,None,,5.475327968597412,5.71,4.99,1
CommType.all_gather,CommGroup.dp_group,8,33554432,backward.allgather_fn,None,None,,5.5511040687561035,5.63,4.93,1
CommType.all_gather,CommGroup.dp_group,8,33554432,backward.allgather_fn,None,None,,5.560319900512695,5.62,4.92,1
CommType.all_gather,CommGroup.dp_group,8,33554432,backward.allgather_fn,None,None,,5.571584224700928,5.61,4.91,1
CommType.all_gather,CommGroup.dp_group,8,90177536,backward.allgather_fn,None,None,,15.145983695983887,5.54,4.85,1
CommType.all_gather,CommGroup.dp_group,8,90177536,backward.allgather_fn,None,None,,15.107071876525879,5.56,4.86,1
CommType.reduce_scatter,CommGroup.dp_group,8,989888512,backward.reduce_scatter_fn,None,None,,163.33413696289062,5.64,4.94,1
CommType.all_gather,CommGroup.dp_group,8,90177536,backward.allgather_fn,None,None,,15.044608116149902,5.58,4.88,1
CommType.all_gather,CommGroup.dp_group,8,33554432,backward.allgather_fn,None,None,,5.458943843841553,5.72,5.01,1
CommType.all_gather,CommGroup.dp_group,8,33554432,backward.allgather_fn,None,None,,5.5654401779174805,5.62,4.91,1
CommType.all_gather,CommGroup.dp_group,8,33554432,backward.allgather_fn,None,None,,5.590015888214111,5.59,4.89,1
CommType.all_gather,CommGroup.dp_group,8,33554432,backward.allgather_fn,None,None,,5.559296131134033,5.62,4.92,1
CommType.all_gather,CommGroup.dp_group,8,90177536,backward.allgather_fn,None,None,,15.202303886413574,5.52,4.83,1
CommType.all_gather,CommGroup.dp_group,8,90177536,backward.allgather_fn,None,None,,15.124480247497559,5.55,4.86,1
CommType.all_gather,CommGroup.dp_group,8,90177536,backward.allgather_fn,None,None,,15.06611156463623,5.57,4.88,1
CommType.all_gather,CommGroup.dp_group,8,33554432,backward.allgather_fn,None,None,,5.438464164733887,5.75,5.03,1
CommType.all_gather,CommGroup.dp_group,8,33554432,backward.allgather_fn,None,None,,5.6432318687438965,5.54,4.85,1
CommType.all_gather,CommGroup.dp_group,8,33554432,backward.allgather_fn,None,None,,5.547008037567139,5.63,4.93,1
CommType.all_gather,CommGroup.dp_group,8,33554432,backward.allgather_fn,None,None,,5.561344146728516,5.62,4.92,1
CommType.all_gather,CommGroup.dp_group,8,90177536,backward.allgather_fn,None,None,,15.161343574523926,5.54,4.85,1
CommType.all_gather,CommGroup.dp_group,8,90177536,backward.allgather_fn,None,None,,15.104000091552734,5.56,4.87,1
CommType.all_gather,CommGroup.dp_group,8,90177536,backward.allgather_fn,None,None,,15.081472396850586,5.57,4.87,1
CommType.all_gather,CommGroup.dp_group,8,33554432,backward.allgather_fn,None,None,,5.46611213684082,5.72,5.0,1
CommType.all_gather,CommGroup.dp_group,8,33554432,backward.allgather_fn,None,None,,5.612480163574219,5.57,4.87,1
CommType.reduce_scatter,CommGroup.dp_group,8,966828032,backward.reduce_scatter_fn,None,None,,159.61907958984375,5.64,4.94,1
CommType.all_gather,CommGroup.dp_group,8,33554432,backward.allgather_fn,None,None,,5.497856140136719,5.68,4.97,1
CommType.all_gather,CommGroup.dp_group,8,33554432,backward.allgather_fn,None,None,,5.5121917724609375,5.67,4.96,1
CommType.all_gather,CommGroup.dp_group,8,90177536,backward.allgather_fn,None,None,,15.127552032470703,5.55,4.86,1
CommType.all_gather,CommGroup.dp_group,8,90177536,backward.allgather_fn,None,None,,15.093759536743164,5.56,4.87,1
CommType.all_gather,CommGroup.dp_group,8,90177536,backward.allgather_fn,None,None,,15.094783782958984,5.56,4.87,1
CommType.all_gather,CommGroup.dp_group,8,33554432,backward.allgather_fn,None,None,,5.463039875030518,5.72,5.01,1
CommType.all_gather,CommGroup.dp_group,8,33554432,backward.allgather_fn,None,None,,5.586944103240967,5.59,4.89,1
CommType.all_gather,CommGroup.dp_group,8,33554432,backward.allgather_fn,None,None,,5.568511962890625,5.61,4.91,1
CommType.all_gather,CommGroup.dp_group,8,33554432,backward.allgather_fn,None,None,,5.562367916107178,5.62,4.92,1
CommType.all_gather,CommGroup.dp_group,8,90177536,backward.allgather_fn,None,None,,15.149056434631348,5.54,4.85,1
CommType.all_gather,CommGroup.dp_group,8,90177536,backward.allgather_fn,None,None,,15.114239692687988,5.56,4.86,1
CommType.all_gather,CommGroup.dp_group,8,90177536,backward.allgather_fn,None,None,,15.088640213012695,5.57,4.87,1
CommType.all_gather,CommGroup.dp_group,8,33554432,backward.allgather_fn,None,None,,5.450751781463623,5.73,5.02,1
CommType.all_gather,CommGroup.dp_group,8,33554432,backward.allgather_fn,None,None,,5.549056053161621,5.63,4.93,1
CommType.all_gather,CommGroup.dp_group,8,33554432,backward.allgather_fn,None,None,,5.574656009674072,5.61,4.91,1
CommType.all_gather,CommGroup.dp_group,8,33554432,backward.allgather_fn,None,None,,5.553152084350586,5.63,4.92,1
CommType.all_gather,CommGroup.dp_group,8,90177536,backward.allgather_fn,None,None,,15.156224250793457,5.54,4.85,1
CommType.reduce_scatter,CommGroup.dp_group,8,966828032,backward.reduce_scatter_fn,None,None,,159.63340759277344,5.64,4.94,1
CommType.all_gather,CommGroup.dp_group,8,90177536,backward.allgather_fn,None,None,,15.115263938903809,5.56,4.86,1
CommType.all_gather,CommGroup.dp_group,8,90177536,backward.allgather_fn,None,None,,15.1080961227417,5.56,4.86,1
CommType.all_gather,CommGroup.dp_group,8,33554432,backward.allgather_fn,None,None,,5.453824043273926,5.73,5.01,1
CommType.all_gather,CommGroup.dp_group,8,33554432,backward.allgather_fn,None,None,,5.598112106323242,5.58,4.88,1
CommType.all_gather,CommGroup.dp_group,8,33554432,backward.allgather_fn,None,None,,5.599103927612305,5.58,4.88,1
CommType.all_gather,CommGroup.dp_group,8,33554432,backward.allgather_fn,None,None,,5.566463947296143,5.61,4.91,1
CommType.all_gather,CommGroup.dp_group,8,90177536,backward.allgather_fn,None,None,,15.193183898925781,5.53,4.84,1
CommType.all_gather,CommGroup.dp_group,8,90177536,backward.allgather_fn,None,None,,15.025152206420898,5.59,4.89,1
CommType.all_gather,CommGroup.dp_group,8,90177536,backward.allgather_fn,None,None,,15.089664459228516,5.57,4.87,1
CommType.all_gather,CommGroup.dp_group,8,33554432,backward.allgather_fn,None,None,,5.457920074462891,5.73,5.01,1
CommType.all_gather,CommGroup.dp_group,8,33554432,backward.allgather_fn,None,None,,5.6248321533203125,5.56,4.86,1
CommType.all_gather,CommGroup.dp_group,8,33554432,backward.allgather_fn,None,None,,5.56441593170166,5.62,4.91,1
CommType.all_gather,CommGroup.dp_group,8,33554432,backward.allgather_fn,None,None,,5.5675201416015625,5.61,4.91,1
CommType.all_gather,CommGroup.dp_group,8,90177536,backward.allgather_fn,None,None,,15.172608375549316,5.54,4.84,1
CommType.all_gather,CommGroup.dp_group,8,90177536,backward.allgather_fn,None,None,,15.120384216308594,5.55,4.86,1
CommType.all_gather,CommGroup.dp_group,8,90177536,backward.allgather_fn,None,None,,15.026176452636719,5.59,4.89,1
CommType.reduce_scatter,CommGroup.dp_group,8,989896704,backward.reduce_scatter_fn,None,None,,163.33721923828125,5.64,4.94,1
CommType.all_gather,CommGroup.dp_group,8,33554432,backward.allgather_fn,None,None,,5.562367916107178,5.62,4.92,1
CommType.all_gather,CommGroup.dp_group,8,33554432,backward.allgather_fn,None,None,,5.420032024383545,5.77,5.04,1
CommType.all_gather,CommGroup.dp_group,8,33554432,backward.allgather_fn,None,None,,5.549056053161621,5.63,4.93,1
CommType.all_gather,CommGroup.dp_group,8,33554432,backward.allgather_fn,None,None,,5.634047985076904,5.55,4.85,1
CommType.all_gather,CommGroup.dp_group,8,90177536,backward.allgather_fn,None,None,,15.170559883117676,5.54,4.84,1
CommType.all_gather,CommGroup.dp_group,8,90177536,backward.allgather_fn,None,None,,15.089856147766113,5.57,4.87,1
CommType.all_gather,CommGroup.dp_group,8,90177536,backward.allgather_fn,None,None,,15.054847717285156,5.58,4.88,1
CommType.all_gather,CommGroup.dp_group,8,33554432,backward.allgather_fn,None,None,,5.464064121246338,5.72,5.0,1
CommType.all_gather,CommGroup.dp_group,8,33554432,backward.allgather_fn,None,None,,5.56441593170166,5.62,4.91,1
CommType.all_gather,CommGroup.dp_group,8,33554432,backward.allgather_fn,None,None,,5.568511962890625,5.61,4.91,1
CommType.all_gather,CommGroup.dp_group,8,33554432,backward.allgather_fn,None,None,,5.566463947296143,5.61,4.91,1
CommType.all_gather,CommGroup.dp_group,8,90177536,backward.allgather_fn,None,None,,15.203328132629395,5.52,4.83,1
CommType.all_gather,CommGroup.dp_group,8,90177536,backward.allgather_fn,None,None,,15.088640213012695,5.57,4.87,1
CommType.all_gather,CommGroup.dp_group,8,90177536,backward.allgather_fn,None,None,,15.086591720581055,5.57,4.87,1
CommType.all_gather,CommGroup.dp_group,8,33554432,backward.allgather_fn,None,None,,5.433343887329102,5.75,5.03,1
CommType.all_gather,CommGroup.dp_group,8,33554432,backward.allgather_fn,None,None,,5.650432109832764,5.53,4.84,1
CommType.all_gather,CommGroup.dp_group,8,33554432,backward.allgather_fn,None,None,,5.581823825836182,5.6,4.9,1
CommType.all_gather,CommGroup.dp_group,8,33554432,backward.allgather_fn,None,None,,5.625855922698975,5.55,4.86,1
CommType.reduce_scatter,CommGroup.dp_group,8,943759360,backward.reduce_scatter_fn,None,None,,156.68838500976562,5.61,4.91,1
CommType.all_gather,CommGroup.dp_group,8,90177536,backward.allgather_fn,None,None,,15.093759536743164,5.56,4.87,1
CommType.all_gather,CommGroup.dp_group,8,90177536,backward.allgather_fn,None,None,,15.17465591430664,5.53,4.84,1
CommType.all_gather,CommGroup.dp_group,8,90177536,backward.allgather_fn,None,None,,15.110143661499023,5.56,4.86,1
CommType.all_gather,CommGroup.dp_group,8,33554432,backward.allgather_fn,None,None,,5.431295871734619,5.75,5.03,1
CommType.all_gather,CommGroup.dp_group,8,33554432,backward.allgather_fn,None,None,,5.5808000564575195,5.6,4.9,1
CommType.all_gather,CommGroup.dp_group,8,33554432,backward.allgather_fn,None,None,,5.531936168670654,5.65,4.94,1
CommType.all_gather,CommGroup.dp_group,8,33554432,backward.allgather_fn,None,None,,5.619711875915527,5.56,4.87,1
CommType.all_gather,CommGroup.dp_group,8,90177536,backward.allgather_fn,None,None,,15.154175758361816,5.54,4.85,1
CommType.all_gather,CommGroup.dp_group,8,90177536,backward.allgather_fn,None,None,,15.073280334472656,5.57,4.88,1
CommType.all_gather,CommGroup.dp_group,8,90177536,backward.allgather_fn,None,None,,15.10092830657959,5.56,4.87,1
CommType.all_gather,CommGroup.dp_group,8,33554432,backward.allgather_fn,None,None,,5.440512180328369,5.74,5.03,1
CommType.all_gather,CommGroup.dp_group,8,33554432,backward.allgather_fn,None,None,,5.650432109832764,5.53,4.84,1
CommType.all_gather,CommGroup.dp_group,8,33554432,backward.allgather_fn,None,None,,5.56441593170166,5.62,4.91,1
CommType.all_gather,CommGroup.dp_group,8,33554432,backward.allgather_fn,None,None,,5.561344146728516,5.62,4.92,1
CommType.all_gather,CommGroup.dp_group,8,90177536,backward.allgather_fn,None,None,,15.209664344787598,5.52,4.83,1
CommType.all_gather,CommGroup.dp_group,8,90177536,backward.allgather_fn,None,None,,15.097855567932129,5.56,4.87,1
CommType.reduce_scatter,CommGroup.dp_group,8,989888512,backward.reduce_scatter_fn,None,None,,163.22764587402344,5.65,4.94,1
CommType.all_gather,CommGroup.dp_group,8,90177536,backward.allgather_fn,None,None,,15.07430362701416,5.57,4.87,1
CommType.all_gather,CommGroup.dp_group,8,33554432,backward.allgather_fn,None,None,,5.460991859436035,5.72,5.01,1
CommType.all_gather,CommGroup.dp_group,8,33554432,backward.allgather_fn,None,None,,5.5562238693237305,5.62,4.92,1
CommType.all_gather,CommGroup.dp_group,8,33554432,backward.allgather_fn,None,None,,5.562367916107178,5.62,4.92,1
CommType.all_gather,CommGroup.dp_group,8,33554432,backward.allgather_fn,None,None,,5.544960021972656,5.64,4.93,1
CommType.all_gather,CommGroup.dp_group,8,90177536,backward.allgather_fn,None,None,,15.149056434631348,5.54,4.85,1
CommType.all_gather,CommGroup.dp_group,8,90177536,backward.allgather_fn,None,None,,15.078399658203125,5.57,4.87,1
CommType.all_gather,CommGroup.dp_group,8,90177536,backward.allgather_fn,None,None,,15.1080961227417,5.56,4.86,1
CommType.all_gather,CommGroup.dp_group,8,33554432,backward.allgather_fn,None,None,,5.428224086761475,5.76,5.04,1
CommType.all_gather,CommGroup.dp_group,8,33554432,backward.allgather_fn,None,None,,5.6453118324279785,5.54,4.84,1
CommType.all_gather,CommGroup.dp_group,8,33554432,backward.allgather_fn,None,None,,5.581823825836182,5.6,4.9,1
CommType.all_gather,CommGroup.dp_group,8,33554432,backward.allgather_fn,None,None,,5.559296131134033,5.62,4.92,1
CommType.all_gather,CommGroup.dp_group,8,90177536,backward.allgather_fn,None,None,,15.137791633605957,5.55,4.85,1
CommType.all_gather,CommGroup.dp_group,8,90177536,backward.allgather_fn,None,None,,15.104000091552734,5.56,4.87,1
CommType.all_gather,CommGroup.dp_group,8,90177536,backward.allgather_fn,None,None,,15.08249568939209,5.57,4.87,1
CommType.all_gather,CommGroup.dp_group,8,33554432,backward.allgather_fn,None,None,,5.502975940704346,5.68,4.97,1
CommType.all_gather,CommGroup.dp_group,8,33554432,backward.allgather_fn,None,None,,5.574656009674072,5.61,4.91,1
CommType.reduce_scatter,CommGroup.dp_group,8,966828032,backward.reduce_scatter_fn,None,None,,159.5361328125,5.64,4.94,1
CommType.all_gather,CommGroup.dp_group,8,33554432,backward.allgather_fn,None,None,,5.530623912811279,5.65,4.94,1
CommType.all_gather,CommGroup.dp_group,8,33554432,backward.allgather_fn,None,None,,5.530464172363281,5.65,4.94,1
CommType.all_gather,CommGroup.dp_group,8,90177536,backward.allgather_fn,None,None,,15.161343574523926,5.54,4.85,1
CommType.all_gather,CommGroup.dp_group,8,90177536,backward.allgather_fn,None,None,,15.098943710327148,5.56,4.87,1
CommType.all_gather,CommGroup.dp_group,8,90177536,backward.allgather_fn,None,None,,15.064064025878906,5.58,4.88,1
CommType.all_gather,CommGroup.dp_group,8,33554432,backward.allgather_fn,None,None,,5.51526403427124,5.67,4.96,1
CommType.all_gather,CommGroup.dp_group,8,33554432,backward.allgather_fn,None,None,,5.596159934997559,5.58,4.89,1
CommType.all_gather,CommGroup.dp_group,8,33554432,backward.allgather_fn,None,None,,5.5070719718933105,5.67,4.97,1
CommType.all_gather,CommGroup.dp_group,8,33554432,backward.allgather_fn,None,None,,5.538815975189209,5.64,4.94,1
CommType.all_gather,CommGroup.dp_group,8,90177536,backward.allgather_fn,None,None,,15.155200004577637,5.54,4.85,1
CommType.all_gather,CommGroup.dp_group,8,90177536,backward.allgather_fn,None,None,,15.071231842041016,5.57,4.88,1
CommType.all_gather,CommGroup.dp_group,8,90177536,backward.allgather_fn,None,None,,15.073280334472656,5.57,4.88,1
CommType.all_gather,CommGroup.dp_group,8,33554432,backward.allgather_fn,None,None,,5.4476799964904785,5.74,5.02,1
CommType.all_gather,CommGroup.dp_group,8,33554432,backward.allgather_fn,None,None,,5.569536209106445,5.61,4.91,1
CommType.all_gather,CommGroup.dp_group,8,33554432,backward.allgather_fn,None,None,,5.611519813537598,5.57,4.87,1
CommType.all_gather,CommGroup.dp_group,8,33554432,backward.allgather_fn,None,None,,5.570559978485107,5.61,4.91,1
CommType.all_gather,CommGroup.dp_group,8,90177536,backward.allgather_fn,None,None,,15.156224250793457,5.54,4.85,1
CommType.reduce_scatter,CommGroup.dp_group,8,966828032,backward.reduce_scatter_fn,None,None,,159.52691650390625,5.64,4.94,1
CommType.all_gather,CommGroup.dp_group,8,90177536,backward.allgather_fn,None,None,,15.077376365661621,5.57,4.87,1
CommType.all_gather,CommGroup.dp_group,8,90177536,backward.allgather_fn,None,None,,15.215616226196289,5.52,4.83,1
CommType.all_gather,CommGroup.dp_group,8,33554432,backward.allgather_fn,None,None,,5.548031806945801,5.63,4.93,1
CommType.all_gather,CommGroup.dp_group,8,33554432,backward.allgather_fn,None,None,,5.648384094238281,5.53,4.84,1
CommType.all_gather,CommGroup.dp_group,8,33554432,backward.allgather_fn,None,None,,5.597184181213379,5.58,4.89,1
CommType.all_gather,CommGroup.dp_group,8,33554432,backward.allgather_fn,None,None,,5.580607891082764,5.6,4.9,1
CommType.all_gather,CommGroup.dp_group,8,90177536,backward.allgather_fn,None,None,,15.258624076843262,5.5,4.82,1
CommType.all_gather,CommGroup.dp_group,8,90177536,backward.allgather_fn,None,None,,15.184896469116211,5.53,4.84,1
CommType.all_gather,CommGroup.dp_group,8,90177536,backward.allgather_fn,None,None,,15.102975845336914,5.56,4.87,1
CommType.all_gather,CommGroup.dp_group,8,33554432,backward.allgather_fn,None,None,,5.440512180328369,5.74,5.03,1
CommType.all_gather,CommGroup.dp_group,8,33554432,backward.allgather_fn,None,None,,5.647359848022461,5.53,4.84,1
CommType.all_gather,CommGroup.dp_group,8,33554432,backward.allgather_fn,None,None,,5.5654401779174805,5.62,4.91,1
CommType.all_gather,CommGroup.dp_group,8,33554432,backward.allgather_fn,None,None,,5.547008037567139,5.63,4.93,1
CommType.all_gather,CommGroup.dp_group,8,90177536,backward.allgather_fn,None,None,,15.187968254089355,5.53,4.84,1
CommType.all_gather,CommGroup.dp_group,8,90177536,backward.allgather_fn,None,None,,15.068160057067871,5.57,4.88,1
CommType.all_gather,CommGroup.dp_group,8,90177536,backward.allgather_fn,None,None,,15.113216400146484,5.56,4.86,1
CommType.reduce_scatter,CommGroup.dp_group,8,989896704,backward.reduce_scatter_fn,None,None,,163.68435668945312,5.63,4.93,1
CommType.all_gather,CommGroup.dp_group,8,33554432,backward.allgather_fn,None,None,,5.5121917724609375,5.67,4.96,1
CommType.all_gather,CommGroup.dp_group,8,33554432,backward.allgather_fn,None,None,,5.429247856140137,5.76,5.04,1
CommType.all_gather,CommGroup.dp_group,8,33554432,backward.allgather_fn,None,None,,5.639167785644531,5.54,4.85,1
CommType.all_gather,CommGroup.dp_group,8,33554432,backward.allgather_fn,None,None,,5.583712100982666,5.6,4.9,1
CommType.all_gather,CommGroup.dp_group,8,90177536,backward.allgather_fn,None,None,,15.224831581115723,5.52,4.83,1
CommType.all_gather,CommGroup.dp_group,8,90177536,backward.allgather_fn,None,None,,15.106047630310059,5.56,4.86,1
CommType.all_gather,CommGroup.dp_group,8,90177536,backward.allgather_fn,None,None,,15.132672309875488,5.55,4.86,1
CommType.all_gather,CommGroup.dp_group,8,33554432,backward.allgather_fn,None,None,,5.453824043273926,5.73,5.01,1
CommType.all_gather,CommGroup.dp_group,8,33554432,backward.allgather_fn,None,None,,5.566463947296143,5.61,4.91,1
CommType.all_gather,CommGroup.dp_group,8,33554432,backward.allgather_fn,None,None,,5.574656009674072,5.61,4.91,1
CommType.all_gather,CommGroup.dp_group,8,33554432,backward.allgather_fn,None,None,,5.600255966186523,5.58,4.88,1
CommType.all_gather,CommGroup.dp_group,8,262144000,backward.allgather_fn,None,None,,44.265472412109375,5.52,4.83,1
CommType.reduce_scatter,CommGroup.dp_group,8,943759360,backward.reduce_scatter_fn,None,None,,155.8855743408203,5.64,4.93,1
CommType.reduce_scatter,CommGroup.dp_group,8,989888512,backward.reduce_scatter_fn,None,None,,163.4580535888672,5.64,4.94,1
CommType.reduce_scatter,CommGroup.dp_group,8,891322368,step.reduce_scatter_fn,None,None,,147.0187530517578,5.65,4.94,1
CommType.all_reduce,CommGroup.dp_group,8,1,step.has_overflow,None,None,,0.12422399967908859,0.0,0.0,1
CommType.all_reduce,CommGroup.dp_group,8,8,step.get_grad_norm_direct,None,None,,0.11366400122642517,0.0,0.0,1
CommType.all_gather,CommGroup.dp_group,8,8192,step.allgather_fn,None,None,,0.11366400122642517,0.07,0.06,1
CommType.all_gather,CommGroup.dp_group,8,8192,step.allgather_fn,None,None,,0.10358399897813797,0.07,0.06,1
CommType.all_gather,CommGroup.dp_group,8,8192,step.allgather_fn,None,None,,0.10345599800348282,0.07,0.06,1
CommType.all_gather,CommGroup.dp_group,8,8192,step.allgather_fn,None,None,,0.1011200025677681,0.08,0.07,1
CommType.all_gather,CommGroup.dp_group,8,8192,step.allgather_fn,None,None,,0.1024319976568222,0.07,0.07,1
CommType.all_gather,CommGroup.dp_group,8,8192,step.allgather_fn,None,None,,0.10035199671983719,0.08,0.07,1
CommType.all_gather,CommGroup.dp_group,8,8192,step.allgather_fn,None,None,,0.10150399804115295,0.08,0.07,1
CommType.all_gather,CommGroup.dp_group,8,8192,step.allgather_fn,None,None,,0.09958399832248688,0.08,0.07,1
CommType.all_gather,CommGroup.dp_group,8,8192,step.allgather_fn,None,None,,0.09932799637317657,0.08,0.07,1
CommType.all_gather,CommGroup.dp_group,8,8192,step.allgather_fn,None,None,,0.10035199671983719,0.08,0.07,1
CommType.all_gather,CommGroup.dp_group,8,8192,step.allgather_fn,None,None,,0.09932799637317657,0.08,0.07,1
CommType.all_gather,CommGroup.dp_group,8,8192,step.allgather_fn,None,None,,0.11161600053310394,0.07,0.06,1
CommType.all_gather,CommGroup.dp_group,8,8192,step.allgather_fn,None,None,,0.10035199671983719,0.08,0.07,1
CommType.all_gather,CommGroup.dp_group,8,8192,step.allgather_fn,None,None,,0.09836799651384354,0.08,0.07,1
CommType.all_gather,CommGroup.dp_group,8,8192,step.allgather_fn,None,None,,0.09929600358009338,0.08,0.07,1
CommType.all_gather,CommGroup.dp_group,8,8192,step.allgather_fn,None,None,,0.10035199671983719,0.08,0.07,1
CommType.all_gather,CommGroup.dp_group,8,8192,step.allgather_fn,None,None,,0.11059200018644333,0.07,0.06,1
CommType.all_gather,CommGroup.dp_group,8,8192,step.allgather_fn,None,None,,0.10124800354242325,0.08,0.07,1
CommType.all_gather,CommGroup.dp_group,8,8192,step.allgather_fn,None,None,,0.09932799637317657,0.08,0.07,1
CommType.all_gather,CommGroup.dp_group,8,8192,step.allgather_fn,None,None,,0.10156799852848053,0.08,0.07,1
CommType.all_gather,CommGroup.dp_group,8,8192,step.allgather_fn,None,None,,0.10035199671983719,0.08,0.07,1
CommType.all_gather,CommGroup.dp_group,8,8192,step.allgather_fn,None,None,,0.09836799651384354,0.08,0.07,1
CommType.all_gather,CommGroup.dp_group,8,8192,step.allgather_fn,None,None,,0.1013759970664978,0.08,0.07,1
CommType.all_gather,CommGroup.dp_group,8,8192,step.allgather_fn,None,None,,0.10035199671983719,0.08,0.07,1
CommType.all_gather,CommGroup.dp_group,8,8192,step.allgather_fn,None,None,,0.09932799637317657,0.08,0.07,1
CommType.all_gather,CommGroup.dp_group,8,8192,step.allgather_fn,None,None,,0.09932799637317657,0.08,0.07,1
CommType.all_gather,CommGroup.dp_group,8,8192,step.allgather_fn,None,None,,0.09932799637317657,0.08,0.07,1
CommType.all_gather,CommGroup.dp_group,8,8192,step.allgather_fn,None,None,,0.10035199671983719,0.08,0.07,1
CommType.all_gather,CommGroup.dp_group,8,8192,step.allgather_fn,None,None,,0.09849599748849869,0.08,0.07,1
CommType.all_gather,CommGroup.dp_group,8,8192,step.allgather_fn,None,None,,0.10134399682283401,0.08,0.07,1
CommType.all_gather,CommGroup.dp_group,8,8192,step.allgather_fn,None,None,,0.09932799637317657,0.08,0.07,1
CommType.all_gather,CommGroup.dp_group,8,8192,step.allgather_fn,None,None,,0.09932799637317657,0.08,0.07,1
CommType.all_gather,CommGroup.dp_group,8,8192,step.allgather_fn,None,None,,0.11472000181674957,0.07,0.06,1
CommType.all_gather,CommGroup.dp_group,8,8192,step.allgather_fn,None,None,,0.09964799880981445,0.08,0.07,1
CommType.all_gather,CommGroup.dp_group,8,8192,step.allgather_fn,None,None,,0.10019200295209885,0.08,0.07,1
CommType.all_gather,CommGroup.dp_group,8,8192,step.allgather_fn,None,None,,0.10035199671983719,0.08,0.07,1
CommType.all_gather,CommGroup.dp_group,8,8192,step.allgather_fn,None,None,,0.09932799637317657,0.08,0.07,1
CommType.all_gather,CommGroup.dp_group,8,8192,step.allgather_fn,None,None,,0.11161600053310394,0.07,0.06,1
CommType.all_gather,CommGroup.dp_group,8,8192,step.allgather_fn,None,None,,0.10140799731016159,0.08,0.07,1
CommType.all_gather,CommGroup.dp_group,8,8192,step.allgather_fn,None,None,,0.09830400347709656,0.08,0.07,1
CommType.all_gather,CommGroup.dp_group,8,8192,step.allgather_fn,None,None,,0.09932799637317657,0.08,0.07,1
CommType.all_gather,CommGroup.dp_group,8,8192,step.allgather_fn,None,None,,0.09830400347709656,0.08,0.07,1
CommType.all_gather,CommGroup.dp_group,8,8192,step.allgather_fn,None,None,,0.09830400347709656,0.08,0.07,1
CommType.all_gather,CommGroup.dp_group,8,8192,step.allgather_fn,None,None,,0.09939199686050415,0.08,0.07,1
CommType.all_gather,CommGroup.dp_group,8,8192,step.allgather_fn,None,None,,0.09808000177145004,0.08,0.07,1
CommType.all_gather,CommGroup.dp_group,8,8192,step.allgather_fn,None,None,,0.10035199671983719,0.08,0.07,1
CommType.all_gather,CommGroup.dp_group,8,8192,step.allgather_fn,None,None,,0.09955199807882309,0.08,0.07,1
CommType.all_gather,CommGroup.dp_group,8,8192,step.allgather_fn,None,None,,0.09839999675750732,0.08,0.07,1
CommType.all_gather,CommGroup.dp_group,8,8192,step.allgather_fn,None,None,,0.11135999858379364,0.07,0.06,1
CommType.all_gather,CommGroup.dp_group,8,8192,step.allgather_fn,None,None,,0.09955199807882309,0.08,0.07,1
CommType.all_gather,CommGroup.dp_group,8,8192,step.allgather_fn,None,None,,0.09830400347709656,0.08,0.07,1
CommType.all_gather,CommGroup.dp_group,8,8192,step.allgather_fn,None,None,,0.09759999811649323,0.08,0.07,1
CommType.all_gather,CommGroup.dp_group,8,8192,step.allgather_fn,None,None,,0.09910400211811066,0.08,0.07,1
CommType.all_gather,CommGroup.dp_group,8,8192,step.allgather_fn,None,None,,0.11161600053310394,0.07,0.06,1
CommType.all_gather,CommGroup.dp_group,8,8192,step.allgather_fn,None,None,,0.1016319990158081,0.08,0.07,1
CommType.all_gather,CommGroup.dp_group,8,8192,step.allgather_fn,None,None,,0.09932799637317657,0.08,0.07,1
CommType.all_gather,CommGroup.dp_group,8,8192,step.allgather_fn,None,None,,0.1196800023317337,0.06,0.06,1
CommType.all_gather,CommGroup.dp_group,8,8192,step.allgather_fn,None,None,,0.09929600358009338,0.08,0.07,1
CommType.all_gather,CommGroup.dp_group,8,8192,step.allgather_fn,None,None,,0.11059200018644333,0.07,0.06,1
CommType.all_gather,CommGroup.dp_group,8,8192,step.allgather_fn,None,None,,0.09932799637317657,0.08,0.07,1
CommType.all_gather,CommGroup.dp_group,8,8192,step.allgather_fn,None,None,,0.09932799637317657,0.08,0.07,1
CommType.all_gather,CommGroup.dp_group,8,8192,step.allgather_fn,None,None,,0.10035199671983719,0.08,0.07,1
CommType.all_gather,CommGroup.dp_group,8,8192,step.allgather_fn,None,None,,0.10019200295209885,0.08,0.07,1
CommType.all_gather,CommGroup.dp_group,8,8192,step.allgather_fn,None,None,,0.09923200309276581,0.08,0.07,1
CommType.all_gather,CommGroup.dp_group,8,8192,step.allgather_fn,None,None,,0.1013759970664978,0.08,0.07,1
CommType.epoch_end,None,None,0,,None,None,,6456.4995765686035,0.0,0.0,1
CommType.all_gather,CommGroup.dp_group,8,2015363072,forward.allgather_fn,None,None,,340.2373046875,5.52,4.83,1
CommType.all_gather,CommGroup.dp_group,8,270532608,forward.allgather_fn,None,None,,45.62944030761719,5.52,4.83,1
CommType.all_gather,CommGroup.dp_group,8,33554432,forward.allgather_fn,None,None,,5.519360065460205,5.66,4.95,1
CommType.all_gather,CommGroup.dp_group,8,33554432,forward.allgather_fn,None,None,,5.528384208679199,5.65,4.95,1
CommType.all_gather,CommGroup.dp_group,8,33554432,forward.allgather_fn,None,None,,5.468063831329346,5.72,5.0,1
CommType.all_gather,CommGroup.dp_group,8,33554432,forward.allgather_fn,None,None,,5.563392162322998,5.62,4.91,1
CommType.all_gather,CommGroup.dp_group,8,90177536,forward.allgather_fn,None,None,,15.377408027648926,5.46,4.78,1
CommType.all_gather,CommGroup.dp_group,8,90177536,forward.allgather_fn,None,None,,15.148032188415527,5.54,4.85,1
CommType.all_gather,CommGroup.dp_group,8,90177536,forward.allgather_fn,None,None,,15.090944290161133,5.57,4.87,1
CommType.all_gather,CommGroup.dp_group,8,33554432,forward.allgather_fn,None,None,,5.454847812652588,5.73,5.01,1
CommType.all_gather,CommGroup.dp_group,8,33554432,forward.allgather_fn,None,None,,5.600255966186523,5.58,4.88,1
CommType.all_gather,CommGroup.dp_group,8,33554432,forward.allgather_fn,None,None,,5.5859198570251465,5.59,4.9,1
CommType.all_gather,CommGroup.dp_group,8,33554432,forward.allgather_fn,None,None,,5.576576232910156,5.6,4.9,1
CommType.all_gather,CommGroup.dp_group,8,90177536,forward.allgather_fn,None,None,,15.205375671386719,5.52,4.83,1
CommType.all_gather,CommGroup.dp_group,8,90177536,forward.allgather_fn,None,None,,15.097855567932129,5.56,4.87,1
CommType.all_gather,CommGroup.dp_group,8,90177536,forward.allgather_fn,None,None,,15.068320274353027,5.57,4.88,1
CommType.all_gather,CommGroup.dp_group,8,33554432,forward.allgather_fn,None,None,,5.448703765869141,5.74,5.02,1
CommType.all_gather,CommGroup.dp_group,8,33554432,forward.allgather_fn,None,None,,5.603328227996826,5.58,4.88,1
CommType.all_gather,CommGroup.dp_group,8,33554432,forward.allgather_fn,None,None,,5.5471038818359375,5.63,4.93,1
CommType.all_gather,CommGroup.dp_group,8,33554432,forward.allgather_fn,None,None,,5.559296131134033,5.62,4.92,1
CommType.all_gather,CommGroup.dp_group,8,90177536,forward.allgather_fn,None,None,,15.162367820739746,5.54,4.85,1
CommType.all_gather,CommGroup.dp_group,8,90177536,forward.allgather_fn,None,None,,15.0763521194458,5.57,4.87,1
CommType.all_gather,CommGroup.dp_group,8,90177536,forward.allgather_fn,None,None,,15.118335723876953,5.56,4.86,1
CommType.all_gather,CommGroup.dp_group,8,33554432,forward.allgather_fn,None,None,,5.4476799964904785,5.74,5.02,1
CommType.all_gather,CommGroup.dp_group,8,33554432,forward.allgather_fn,None,None,,5.607423782348633,5.57,4.88,1
CommType.all_gather,CommGroup.dp_group,8,33554432,forward.allgather_fn,None,None,,5.576704025268555,5.6,4.9,1
CommType.all_gather,CommGroup.dp_group,8,33554432,forward.allgather_fn,None,None,,5.570559978485107,5.61,4.91,1
CommType.all_gather,CommGroup.dp_group,8,90177536,forward.allgather_fn,None,None,,15.128576278686523,5.55,4.86,1
CommType.all_gather,CommGroup.dp_group,8,90177536,forward.allgather_fn,None,None,,15.095808029174805,5.56,4.87,1
CommType.all_gather,CommGroup.dp_group,8,90177536,forward.allgather_fn,None,None,,15.069184303283691,5.57,4.88,1
CommType.all_gather,CommGroup.dp_group,8,33554432,forward.allgather_fn,None,None,,5.467135906219482,5.72,5.0,1
CommType.all_gather,CommGroup.dp_group,8,33554432,forward.allgather_fn,None,None,,5.588992118835449,5.59,4.89,1
CommType.all_gather,CommGroup.dp_group,8,33554432,forward.allgather_fn,None,None,,5.562367916107178,5.62,4.92,1
CommType.all_gather,CommGroup.dp_group,8,33554432,forward.allgather_fn,None,None,,5.558271884918213,5.62,4.92,1
CommType.all_gather,CommGroup.dp_group,8,90177536,forward.allgather_fn,None,None,,15.129599571228027,5.55,4.86,1
CommType.all_gather,CommGroup.dp_group,8,90177536,forward.allgather_fn,None,None,,15.078399658203125,5.57,4.87,1
CommType.all_gather,CommGroup.dp_group,8,90177536,forward.allgather_fn,None,None,,15.105024337768555,5.56,4.87,1
CommType.all_gather,CommGroup.dp_group,8,33554432,forward.allgather_fn,None,None,,5.479423999786377,5.7,4.99,1
CommType.all_gather,CommGroup.dp_group,8,33554432,forward.allgather_fn,None,None,,5.586944103240967,5.59,4.89,1
CommType.all_gather,CommGroup.dp_group,8,33554432,forward.allgather_fn,None,None,,5.600255966186523,5.58,4.88,1
CommType.all_gather,CommGroup.dp_group,8,33554432,forward.allgather_fn,None,None,,5.536767959594727,5.64,4.94,1
CommType.all_gather,CommGroup.dp_group,8,90177536,forward.allgather_fn,None,None,,15.127552032470703,5.55,4.86,1
CommType.all_gather,CommGroup.dp_group,8,90177536,forward.allgather_fn,None,None,,15.151103973388672,5.54,4.85,1
CommType.all_gather,CommGroup.dp_group,8,90177536,forward.allgather_fn,None,None,,15.087615966796875,5.57,4.87,1
CommType.all_gather,CommGroup.dp_group,8,33554432,forward.allgather_fn,None,None,,5.4773759841918945,5.71,4.99,1
CommType.all_gather,CommGroup.dp_group,8,33554432,forward.allgather_fn,None,None,,5.573631763458252,5.61,4.91,1
CommType.all_gather,CommGroup.dp_group,8,33554432,forward.allgather_fn,None,None,,5.547840118408203,5.63,4.93,1
CommType.all_gather,CommGroup.dp_group,8,33554432,forward.allgather_fn,None,None,,5.582848072052002,5.6,4.9,1
CommType.all_gather,CommGroup.dp_group,8,90177536,forward.allgather_fn,None,None,,15.132672309875488,5.55,4.86,1
CommType.all_gather,CommGroup.dp_group,8,90177536,forward.allgather_fn,None,None,,15.086591720581055,5.57,4.87,1
CommType.all_gather,CommGroup.dp_group,8,90177536,forward.allgather_fn,None,None,,15.0763521194458,5.57,4.87,1
CommType.all_gather,CommGroup.dp_group,8,33554432,forward.allgather_fn,None,None,,5.453824043273926,5.73,5.01,1
CommType.all_gather,CommGroup.dp_group,8,33554432,forward.allgather_fn,None,None,,5.631040096282959,5.55,4.86,1
CommType.all_gather,CommGroup.dp_group,8,33554432,forward.allgather_fn,None,None,,5.545983791351318,5.63,4.93,1
CommType.all_gather,CommGroup.dp_group,8,33554432,forward.allgather_fn,None,None,,5.579616069793701,5.6,4.9,1
CommType.all_gather,CommGroup.dp_group,8,90177536,forward.allgather_fn,None,None,,15.140704154968262,5.55,4.85,1
CommType.all_gather,CommGroup.dp_group,8,90177536,forward.allgather_fn,None,None,,15.083552360534668,5.57,4.87,1
CommType.all_gather,CommGroup.dp_group,8,90177536,forward.allgather_fn,None,None,,15.077376365661621,5.57,4.87,1
CommType.all_gather,CommGroup.dp_group,8,33554432,forward.allgather_fn,None,None,,5.47327995300293,5.71,5.0,1
CommType.all_gather,CommGroup.dp_group,8,33554432,forward.allgather_fn,None,None,,5.555200099945068,5.63,4.92,1
CommType.all_gather,CommGroup.dp_group,8,33554432,forward.allgather_fn,None,None,,5.563392162322998,5.62,4.91,1
CommType.all_gather,CommGroup.dp_group,8,33554432,forward.allgather_fn,None,None,,5.559296131134033,5.62,4.92,1
CommType.all_gather,CommGroup.dp_group,8,90177536,forward.allgather_fn,None,None,,15.154111862182617,5.54,4.85,1
CommType.all_gather,CommGroup.dp_group,8,90177536,forward.allgather_fn,None,None,,15.097855567932129,5.56,4.87,1
CommType.all_gather,CommGroup.dp_group,8,90177536,forward.allgather_fn,None,None,,15.102975845336914,5.56,4.87,1
CommType.all_gather,CommGroup.dp_group,8,33554432,forward.allgather_fn,None,None,,5.479423999786377,5.7,4.99,1
CommType.all_gather,CommGroup.dp_group,8,33554432,forward.allgather_fn,None,None,,5.616640090942383,5.56,4.87,1
CommType.all_gather,CommGroup.dp_group,8,33554432,forward.allgather_fn,None,None,,5.56441593170166,5.62,4.91,1
CommType.all_gather,CommGroup.dp_group,8,33554432,forward.allgather_fn,None,None,,5.558271884918213,5.62,4.92,1
CommType.all_gather,CommGroup.dp_group,8,90177536,forward.allgather_fn,None,None,,15.144960403442383,5.55,4.85,1
CommType.all_gather,CommGroup.dp_group,8,90177536,forward.allgather_fn,None,None,,15.080448150634766,5.57,4.87,1
CommType.all_gather,CommGroup.dp_group,8,90177536,forward.allgather_fn,None,None,,15.08556842803955,5.57,4.87,1
CommType.all_gather,CommGroup.dp_group,8,33554432,forward.allgather_fn,None,None,,5.450751781463623,5.73,5.02,1
CommType.all_gather,CommGroup.dp_group,8,33554432,forward.allgather_fn,None,None,,5.547008037567139,5.63,4.93,1
CommType.all_gather,CommGroup.dp_group,8,33554432,forward.allgather_fn,None,None,,5.563392162322998,5.62,4.91,1
CommType.all_gather,CommGroup.dp_group,8,33554432,forward.allgather_fn,None,None,,5.6145920753479,5.57,4.87,1
CommType.all_gather,CommGroup.dp_group,8,90177536,forward.allgather_fn,None,None,,15.195136070251465,5.53,4.84,1
CommType.all_gather,CommGroup.dp_group,8,90177536,forward.allgather_fn,None,None,,15.0928316116333,5.56,4.87,1
CommType.all_gather,CommGroup.dp_group,8,90177536,forward.allgather_fn,None,None,,15.104000091552734,5.56,4.87,1
CommType.all_gather,CommGroup.dp_group,8,33554432,forward.allgather_fn,None,None,,5.448703765869141,5.74,5.02,1
CommType.all_gather,CommGroup.dp_group,8,33554432,forward.allgather_fn,None,None,,5.575679779052734,5.6,4.9,1
CommType.all_gather,CommGroup.dp_group,8,33554432,forward.allgather_fn,None,None,,5.519360065460205,5.66,4.95,1
CommType.all_gather,CommGroup.dp_group,8,33554432,forward.allgather_fn,None,None,,5.582655906677246,5.6,4.9,1
CommType.all_gather,CommGroup.dp_group,8,90177536,forward.allgather_fn,None,None,,15.162367820739746,5.54,4.85,1
CommType.all_gather,CommGroup.dp_group,8,90177536,forward.allgather_fn,None,None,,15.137791633605957,5.55,4.85,1
CommType.all_gather,CommGroup.dp_group,8,90177536,forward.allgather_fn,None,None,,15.068160057067871,5.57,4.88,1
CommType.all_gather,CommGroup.dp_group,8,33554432,forward.allgather_fn,None,None,,5.467135906219482,5.72,5.0,1
CommType.all_gather,CommGroup.dp_group,8,33554432,forward.allgather_fn,None,None,,5.61356782913208,5.57,4.87,1
CommType.all_gather,CommGroup.dp_group,8,33554432,forward.allgather_fn,None,None,,5.544960021972656,5.64,4.93,1
CommType.all_gather,CommGroup.dp_group,8,33554432,forward.allgather_fn,None,None,,5.561344146728516,5.62,4.92,1
CommType.all_gather,CommGroup.dp_group,8,90177536,forward.allgather_fn,None,None,,15.153152465820312,5.54,4.85,1
CommType.all_gather,CommGroup.dp_group,8,90177536,forward.allgather_fn,None,None,,15.07430362701416,5.57,4.87,1
CommType.all_gather,CommGroup.dp_group,8,90177536,forward.allgather_fn,None,None,,15.045632362365723,5.58,4.88,1
CommType.all_gather,CommGroup.dp_group,8,33554432,forward.allgather_fn,None,None,,5.47327995300293,5.71,5.0,1
CommType.all_gather,CommGroup.dp_group,8,33554432,forward.allgather_fn,None,None,,5.62175989151001,5.56,4.86,1
CommType.all_gather,CommGroup.dp_group,8,33554432,forward.allgather_fn,None,None,,5.539840221405029,5.64,4.94,1
CommType.all_gather,CommGroup.dp_group,8,33554432,forward.allgather_fn,None,None,,5.563392162322998,5.62,4.91,1
CommType.all_gather,CommGroup.dp_group,8,90177536,forward.allgather_fn,None,None,,15.152928352355957,5.54,4.85,1
CommType.all_gather,CommGroup.dp_group,8,90177536,forward.allgather_fn,None,None,,15.088640213012695,5.57,4.87,1
CommType.all_gather,CommGroup.dp_group,8,90177536,forward.allgather_fn,None,None,,15.10912036895752,5.56,4.86,1
CommType.all_gather,CommGroup.dp_group,8,33554432,forward.allgather_fn,None,None,,5.471231937408447,5.71,5.0,1
CommType.all_gather,CommGroup.dp_group,8,33554432,forward.allgather_fn,None,None,,5.612512111663818,5.57,4.87,1
CommType.all_gather,CommGroup.dp_group,8,33554432,forward.allgather_fn,None,None,,5.555200099945068,5.63,4.92,1
CommType.all_gather,CommGroup.dp_group,8,33554432,forward.allgather_fn,None,None,,5.550079822540283,5.63,4.93,1
CommType.all_gather,CommGroup.dp_group,8,90177536,forward.allgather_fn,None,None,,15.16102409362793,5.54,4.85,1
CommType.all_gather,CommGroup.dp_group,8,90177536,forward.allgather_fn,None,None,,15.059967994689941,5.58,4.88,1
CommType.all_gather,CommGroup.dp_group,8,90177536,forward.allgather_fn,None,None,,15.09273624420166,5.56,4.87,1
CommType.all_gather,CommGroup.dp_group,8,33554432,forward.allgather_fn,None,None,,5.445631980895996,5.74,5.02,1
CommType.all_gather,CommGroup.dp_group,8,33554432,forward.allgather_fn,None,None,,5.62175989151001,5.56,4.86,1
CommType.all_gather,CommGroup.dp_group,8,33554432,forward.allgather_fn,None,None,,5.559296131134033,5.62,4.92,1
CommType.all_gather,CommGroup.dp_group,8,33554432,forward.allgather_fn,None,None,,5.568704128265381,5.61,4.91,1
CommType.all_gather,CommGroup.dp_group,8,90177536,forward.allgather_fn,None,None,,15.141887664794922,5.55,4.85,1
CommType.all_gather,CommGroup.dp_group,8,90177536,forward.allgather_fn,None,None,,15.057920455932617,5.58,4.88,1
CommType.all_gather,CommGroup.dp_group,8,90177536,forward.allgather_fn,None,None,,15.08454418182373,5.57,4.87,1
CommType.all_gather,CommGroup.dp_group,8,33554432,forward.allgather_fn,None,None,,5.495808124542236,5.69,4.98,1
CommType.all_gather,CommGroup.dp_group,8,33554432,forward.allgather_fn,None,None,,5.539840221405029,5.64,4.94,1
CommType.all_gather,CommGroup.dp_group,8,33554432,forward.allgather_fn,None,None,,5.570559978485107,5.61,4.91,1
CommType.all_gather,CommGroup.dp_group,8,33554432,forward.allgather_fn,None,None,,5.5654401779174805,5.62,4.91,1
CommType.all_gather,CommGroup.dp_group,8,90177536,forward.allgather_fn,None,None,,15.149056434631348,5.54,4.85,1
CommType.all_gather,CommGroup.dp_group,8,90177536,forward.allgather_fn,None,None,,15.072256088256836,5.57,4.88,1
CommType.all_gather,CommGroup.dp_group,8,90177536,forward.allgather_fn,None,None,,15.125503540039062,5.55,4.86,1
CommType.all_gather,CommGroup.dp_group,8,33554432,forward.allgather_fn,None,None,,5.47430419921875,5.71,4.99,1
CommType.all_gather,CommGroup.dp_group,8,33554432,forward.allgather_fn,None,None,,5.517216205596924,5.66,4.96,1
CommType.all_gather,CommGroup.dp_group,8,33554432,forward.allgather_fn,None,None,,5.575679779052734,5.6,4.9,1
CommType.all_gather,CommGroup.dp_group,8,33554432,forward.allgather_fn,None,None,,5.557248115539551,5.62,4.92,1
CommType.all_gather,CommGroup.dp_group,8,90177536,forward.allgather_fn,None,None,,15.135552406311035,5.55,4.86,1
CommType.all_gather,CommGroup.dp_group,8,90177536,forward.allgather_fn,None,None,,15.09887981414795,5.56,4.87,1
CommType.all_gather,CommGroup.dp_group,8,90177536,forward.allgather_fn,None,None,,15.114239692687988,5.56,4.86,1
CommType.all_gather,CommGroup.dp_group,8,33554432,forward.allgather_fn,None,None,,5.479423999786377,5.7,4.99,1
CommType.all_gather,CommGroup.dp_group,8,33554432,forward.allgather_fn,None,None,,5.582848072052002,5.6,4.9,1
CommType.all_gather,CommGroup.dp_group,8,33554432,forward.allgather_fn,None,None,,5.548031806945801,5.63,4.93,1
CommType.all_gather,CommGroup.dp_group,8,33554432,forward.allgather_fn,None,None,,5.575679779052734,5.6,4.9,1
CommType.all_gather,CommGroup.dp_group,8,90177536,forward.allgather_fn,None,None,,15.122431755065918,5.55,4.86,1
CommType.all_gather,CommGroup.dp_group,8,90177536,forward.allgather_fn,None,None,,15.063072204589844,5.58,4.88,1
CommType.all_gather,CommGroup.dp_group,8,90177536,forward.allgather_fn,None,None,,15.176704406738281,5.53,4.84,1
CommType.all_gather,CommGroup.dp_group,8,33554432,forward.allgather_fn,None,None,,5.438464164733887,5.75,5.03,1
CommType.all_gather,CommGroup.dp_group,8,33554432,forward.allgather_fn,None,None,,5.622687816619873,5.56,4.86,1
CommType.all_gather,CommGroup.dp_group,8,33554432,forward.allgather_fn,None,None,,5.586944103240967,5.59,4.89,1
CommType.all_gather,CommGroup.dp_group,8,33554432,forward.allgather_fn,None,None,,5.553152084350586,5.63,4.92,1
CommType.all_gather,CommGroup.dp_group,8,90177536,forward.allgather_fn,None,None,,15.161343574523926,5.54,4.85,1
CommType.all_gather,CommGroup.dp_group,8,90177536,forward.allgather_fn,None,None,,15.120384216308594,5.55,4.86,1
CommType.all_gather,CommGroup.dp_group,8,90177536,forward.allgather_fn,None,None,,15.079423904418945,5.57,4.87,1
CommType.all_gather,CommGroup.dp_group,8,33554432,forward.allgather_fn,None,None,,5.468160152435303,5.71,5.0,1
CommType.all_gather,CommGroup.dp_group,8,33554432,forward.allgather_fn,None,None,,5.5920000076293945,5.59,4.89,1
CommType.all_gather,CommGroup.dp_group,8,33554432,forward.allgather_fn,None,None,,5.542943954467773,5.64,4.93,1
CommType.all_gather,CommGroup.dp_group,8,33554432,forward.allgather_fn,None,None,,5.553152084350586,5.63,4.92,1
CommType.all_gather,CommGroup.dp_group,8,90177536,forward.allgather_fn,None,None,,15.167488098144531,5.54,4.84,1
CommType.all_gather,CommGroup.dp_group,8,90177536,forward.allgather_fn,None,None,,15.09171199798584,5.56,4.87,1
CommType.all_gather,CommGroup.dp_group,8,90177536,forward.allgather_fn,None,None,,15.072256088256836,5.57,4.88,1
CommType.all_gather,CommGroup.dp_group,8,33554432,forward.allgather_fn,None,None,,5.45689582824707,5.73,5.01,1
CommType.all_gather,CommGroup.dp_group,8,33554432,forward.allgather_fn,None,None,,5.582848072052002,5.6,4.9,1
CommType.all_gather,CommGroup.dp_group,8,33554432,forward.allgather_fn,None,None,,5.559296131134033,5.62,4.92,1
CommType.all_gather,CommGroup.dp_group,8,33554432,forward.allgather_fn,None,None,,5.579648017883301,5.6,4.9,1
CommType.all_gather,CommGroup.dp_group,8,90177536,forward.allgather_fn,None,None,,15.152128219604492,5.54,4.85,1
CommType.all_gather,CommGroup.dp_group,8,90177536,forward.allgather_fn,None,None,,15.081472396850586,5.57,4.87,1
CommType.all_gather,CommGroup.dp_group,8,90177536,forward.allgather_fn,None,None,,15.0763521194458,5.57,4.87,1
CommType.all_gather,CommGroup.dp_group,8,33554432,forward.allgather_fn,None,None,,5.4620161056518555,5.72,5.01,1
CommType.all_gather,CommGroup.dp_group,8,33554432,forward.allgather_fn,None,None,,5.61356782913208,5.57,4.87,1
CommType.all_gather,CommGroup.dp_group,8,33554432,forward.allgather_fn,None,None,,5.555232048034668,5.63,4.92,1
CommType.all_gather,CommGroup.dp_group,8,33554432,forward.allgather_fn,None,None,,5.540863990783691,5.64,4.93,1
CommType.all_gather,CommGroup.dp_group,8,90177536,forward.allgather_fn,None,None,,15.186944007873535,5.53,4.84,1
CommType.all_gather,CommGroup.dp_group,8,90177536,forward.allgather_fn,None,None,,15.127552032470703,5.55,4.86,1
CommType.all_gather,CommGroup.dp_group,8,90177536,forward.allgather_fn,None,None,,15.10092830657959,5.56,4.87,1
CommType.all_gather,CommGroup.dp_group,8,33554432,forward.allgather_fn,None,None,,5.4476799964904785,5.74,5.02,1
CommType.all_gather,CommGroup.dp_group,8,33554432,forward.allgather_fn,None,None,,5.568511962890625,5.61,4.91,1
CommType.all_gather,CommGroup.dp_group,8,33554432,forward.allgather_fn,None,None,,5.568511962890625,5.61,4.91,1
CommType.all_gather,CommGroup.dp_group,8,33554432,forward.allgather_fn,None,None,,5.568511962890625,5.61,4.91,1
CommType.all_gather,CommGroup.dp_group,8,90177536,forward.allgather_fn,None,None,,15.149056434631348,5.54,4.85,1
CommType.all_gather,CommGroup.dp_group,8,90177536,forward.allgather_fn,None,None,,15.095808029174805,5.56,4.87,1
CommType.all_gather,CommGroup.dp_group,8,90177536,forward.allgather_fn,None,None,,15.062015533447266,5.58,4.88,1
CommType.all_gather,CommGroup.dp_group,8,33554432,forward.allgather_fn,None,None,,5.471231937408447,5.71,5.0,1
CommType.all_gather,CommGroup.dp_group,8,33554432,forward.allgather_fn,None,None,,5.593088150024414,5.59,4.89,1
CommType.all_gather,CommGroup.dp_group,8,33554432,forward.allgather_fn,None,None,,5.574656009674072,5.61,4.91,1
CommType.all_gather,CommGroup.dp_group,8,33554432,forward.allgather_fn,None,None,,5.557248115539551,5.62,4.92,1
CommType.all_gather,CommGroup.dp_group,8,90177536,forward.allgather_fn,None,None,,15.161343574523926,5.54,4.85,1
CommType.all_gather,CommGroup.dp_group,8,90177536,forward.allgather_fn,None,None,,15.107071876525879,5.56,4.86,1
CommType.all_gather,CommGroup.dp_group,8,90177536,forward.allgather_fn,None,None,,15.121408462524414,5.55,4.86,1
CommType.all_gather,CommGroup.dp_group,8,33554432,forward.allgather_fn,None,None,,5.468160152435303,5.71,5.0,1
CommType.all_gather,CommGroup.dp_group,8,33554432,forward.allgather_fn,None,None,,5.574656009674072,5.61,4.91,1
CommType.all_gather,CommGroup.dp_group,8,33554432,forward.allgather_fn,None,None,,5.560319900512695,5.62,4.92,1
CommType.all_gather,CommGroup.dp_group,8,33554432,forward.allgather_fn,None,None,,5.562367916107178,5.62,4.92,1
CommType.all_gather,CommGroup.dp_group,8,90177536,forward.allgather_fn,None,None,,15.14470386505127,5.55,4.85,1
CommType.all_gather,CommGroup.dp_group,8,90177536,forward.allgather_fn,None,None,,15.09887981414795,5.56,4.87,1
CommType.all_gather,CommGroup.dp_group,8,90177536,forward.allgather_fn,None,None,,15.094783782958984,5.56,4.87,1
CommType.all_gather,CommGroup.dp_group,8,33554432,forward.allgather_fn,None,None,,5.449728012084961,5.73,5.02,1
CommType.all_gather,CommGroup.dp_group,8,33554432,forward.allgather_fn,None,None,,5.601280212402344,5.58,4.88,1
CommType.all_gather,CommGroup.dp_group,8,33554432,forward.allgather_fn,None,None,,5.544095993041992,5.64,4.93,1
CommType.all_gather,CommGroup.dp_group,8,33554432,forward.allgather_fn,None,None,,5.554175853729248,5.63,4.92,1
CommType.all_gather,CommGroup.dp_group,8,90177536,forward.allgather_fn,None,None,,15.155200004577637,5.54,4.85,1
CommType.all_gather,CommGroup.dp_group,8,90177536,forward.allgather_fn,None,None,,15.130623817443848,5.55,4.86,1
CommType.all_gather,CommGroup.dp_group,8,90177536,forward.allgather_fn,None,None,,15.110143661499023,5.56,4.86,1
CommType.all_gather,CommGroup.dp_group,8,262144000,forward.allgather_fn,None,None,,44.205055236816406,5.52,4.83,1
CommType.all_gather,CommGroup.dp_group,8,90177536,forward.allgather_fn,None,None,,15.073280334472656,5.57,4.88,1
CommType.all_gather,CommGroup.dp_group,8,224395264,backward.allgather_fn,None,None,,37.84396743774414,5.52,4.83,1
CommType.all_gather,CommGroup.dp_group,8,90177536,backward.allgather_fn,None,None,,15.08556842803955,5.57,4.87,1
CommType.all_gather,CommGroup.dp_group,8,90177536,backward.allgather_fn,None,None,,15.073280334472656,5.57,4.88,1
CommType.all_gather,CommGroup.dp_group,8,90177536,backward.allgather_fn,None,None,,15.096832275390625,5.56,4.87,1
CommType.all_gather,CommGroup.dp_group,8,33554432,backward.allgather_fn,None,None,,5.465248107910156,5.72,5.0,1
CommType.all_gather,CommGroup.dp_group,8,33554432,backward.allgather_fn,None,None,,5.506048202514648,5.68,4.97,1
CommType.all_gather,CommGroup.dp_group,8,33554432,backward.allgather_fn,None,None,,5.578752040863037,5.6,4.9,1
CommType.all_gather,CommGroup.dp_group,8,33554432,backward.allgather_fn,None,None,,5.368832111358643,5.82,5.09,1
CommType.all_gather,CommGroup.dp_group,8,90177536,backward.allgather_fn,None,None,,15.09171199798584,5.56,4.87,1
CommType.all_gather,CommGroup.dp_group,8,90177536,backward.allgather_fn,None,None,,15.059967994689941,5.58,4.88,1
CommType.all_gather,CommGroup.dp_group,8,90177536,backward.allgather_fn,None,None,,15.07532787322998,5.57,4.87,1
CommType.all_gather,CommGroup.dp_group,8,33554432,backward.allgather_fn,None,None,,5.450751781463623,5.73,5.02,1
CommType.reduce_scatter,CommGroup.dp_group,8,971014144,backward.reduce_scatter_fn,None,None,,160.15359497070312,5.65,4.94,1
CommType.all_gather,CommGroup.dp_group,8,33554432,backward.allgather_fn,None,None,,5.465151786804199,5.72,5.0,1
CommType.all_gather,CommGroup.dp_group,8,33554432,backward.allgather_fn,None,None,,5.555200099945068,5.63,4.92,1
CommType.all_gather,CommGroup.dp_group,8,33554432,backward.allgather_fn,None,None,,5.525375843048096,5.66,4.95,1
CommType.all_gather,CommGroup.dp_group,8,90177536,backward.allgather_fn,None,None,,15.137791633605957,5.55,4.85,1
CommType.all_gather,CommGroup.dp_group,8,90177536,backward.allgather_fn,None,None,,15.09990406036377,5.56,4.87,1
CommType.all_gather,CommGroup.dp_group,8,90177536,backward.allgather_fn,None,None,,15.123456001281738,5.55,4.86,1
CommType.all_gather,CommGroup.dp_group,8,33554432,backward.allgather_fn,None,None,,5.443583965301514,5.74,5.02,1
CommType.all_gather,CommGroup.dp_group,8,33554432,backward.allgather_fn,None,None,,5.634047985076904,5.55,4.85,1
CommType.all_gather,CommGroup.dp_group,8,33554432,backward.allgather_fn,None,None,,5.552127838134766,5.63,4.92,1
CommType.all_gather,CommGroup.dp_group,8,33554432,backward.allgather_fn,None,None,,5.584767818450928,5.6,4.9,1
CommType.all_gather,CommGroup.dp_group,8,90177536,backward.allgather_fn,None,None,,15.157247543334961,5.54,4.85,1
CommType.all_gather,CommGroup.dp_group,8,90177536,backward.allgather_fn,None,None,,15.09068775177002,5.57,4.87,1
CommType.all_gather,CommGroup.dp_group,8,90177536,backward.allgather_fn,None,None,,15.09068775177002,5.57,4.87,1
CommType.all_gather,CommGroup.dp_group,8,33554432,backward.allgather_fn,None,None,,5.451776027679443,5.73,5.02,1
CommType.all_gather,CommGroup.dp_group,8,33554432,backward.allgather_fn,None,None,,5.573631763458252,5.61,4.91,1
CommType.all_gather,CommGroup.dp_group,8,33554432,backward.allgather_fn,None,None,,5.550079822540283,5.63,4.93,1
CommType.all_gather,CommGroup.dp_group,8,33554432,backward.allgather_fn,None,None,,5.594111919403076,5.59,4.89,1
CommType.reduce_scatter,CommGroup.dp_group,8,910204928,backward.reduce_scatter_fn,None,None,,150.29254150390625,5.64,4.94,1
CommType.all_gather,CommGroup.dp_group,8,90177536,backward.allgather_fn,None,None,,15.232000350952148,5.51,4.82,1
CommType.all_gather,CommGroup.dp_group,8,90177536,backward.allgather_fn,None,None,,15.326016426086426,5.48,4.79,1
CommType.all_gather,CommGroup.dp_group,8,90177536,backward.allgather_fn,None,None,,15.139840126037598,5.55,4.85,1
CommType.all_gather,CommGroup.dp_group,8,33554432,backward.allgather_fn,None,None,,5.524479866027832,5.66,4.95,1
CommType.all_gather,CommGroup.dp_group,8,33554432,backward.allgather_fn,None,None,,5.574656009674072,5.61,4.91,1
CommType.all_gather,CommGroup.dp_group,8,33554432,backward.allgather_fn,None,None,,5.577951908111572,5.6,4.9,1
CommType.all_gather,CommGroup.dp_group,8,33554432,backward.allgather_fn,None,None,,5.579775810241699,5.6,4.9,1
CommType.all_gather,CommGroup.dp_group,8,90177536,backward.allgather_fn,None,None,,15.229951858520508,5.51,4.83,1
CommType.all_gather,CommGroup.dp_group,8,90177536,backward.allgather_fn,None,None,,15.175680160522461,5.53,4.84,1
CommType.all_gather,CommGroup.dp_group,8,90177536,backward.allgather_fn,None,None,,15.221759796142578,5.52,4.83,1
CommType.all_gather,CommGroup.dp_group,8,33554432,backward.allgather_fn,None,None,,5.588992118835449,5.59,4.89,1
CommType.all_gather,CommGroup.dp_group,8,33554432,backward.allgather_fn,None,None,,5.547008037567139,5.63,4.93,1
CommType.all_gather,CommGroup.dp_group,8,33554432,backward.allgather_fn,None,None,,5.620672225952148,5.56,4.86,1
CommType.all_gather,CommGroup.dp_group,8,33554432,backward.allgather_fn,None,None,,5.6104960441589355,5.57,4.87,1
CommType.all_gather,CommGroup.dp_group,8,90177536,backward.allgather_fn,None,None,,15.22390365600586,5.52,4.83,1
CommType.all_gather,CommGroup.dp_group,8,90177536,backward.allgather_fn,None,None,,15.141887664794922,5.55,4.85,1
CommType.reduce_scatter,CommGroup.dp_group,8,989888512,backward.reduce_scatter_fn,None,None,,163.4007110595703,5.64,4.94,1
CommType.all_gather,CommGroup.dp_group,8,90177536,backward.allgather_fn,None,None,,15.047679901123047,5.58,4.88,1
CommType.all_gather,CommGroup.dp_group,8,33554432,backward.allgather_fn,None,None,,5.427199840545654,5.76,5.04,1
CommType.all_gather,CommGroup.dp_group,8,33554432,backward.allgather_fn,None,None,,5.558207988739014,5.62,4.92,1
CommType.all_gather,CommGroup.dp_group,8,33554432,backward.allgather_fn,None,None,,5.5511040687561035,5.63,4.93,1
CommType.all_gather,CommGroup.dp_group,8,33554432,backward.allgather_fn,None,None,,5.592063903808594,5.59,4.89,1
CommType.all_gather,CommGroup.dp_group,8,90177536,backward.allgather_fn,None,None,,15.111167907714844,5.56,4.86,1
CommType.all_gather,CommGroup.dp_group,8,90177536,backward.allgather_fn,None,None,,15.116288185119629,5.56,4.86,1
CommType.all_gather,CommGroup.dp_group,8,90177536,backward.allgather_fn,None,None,,15.026176452636719,5.59,4.89,1
CommType.all_gather,CommGroup.dp_group,8,33554432,backward.allgather_fn,None,None,,5.502111911773682,5.68,4.97,1
CommType.all_gather,CommGroup.dp_group,8,33554432,backward.allgather_fn,None,None,,5.574656009674072,5.61,4.91,1
CommType.all_gather,CommGroup.dp_group,8,33554432,backward.allgather_fn,None,None,,5.543935775756836,5.64,4.93,1
CommType.all_gather,CommGroup.dp_group,8,33554432,backward.allgather_fn,None,None,,5.566463947296143,5.61,4.91,1
CommType.all_gather,CommGroup.dp_group,8,90177536,backward.allgather_fn,None,None,,15.204352378845215,5.52,4.83,1
CommType.all_gather,CommGroup.dp_group,8,90177536,backward.allgather_fn,None,None,,15.126527786254883,5.55,4.86,1
CommType.all_gather,CommGroup.dp_group,8,90177536,backward.allgather_fn,None,None,,15.087615966796875,5.57,4.87,1
CommType.all_gather,CommGroup.dp_group,8,33554432,backward.allgather_fn,None,None,,5.436416149139404,5.75,5.03,1
CommType.all_gather,CommGroup.dp_group,8,33554432,backward.allgather_fn,None,None,,5.6145920753479,5.57,4.87,1
CommType.reduce_scatter,CommGroup.dp_group,8,966828032,backward.reduce_scatter_fn,None,None,,159.70303344726562,5.64,4.93,1
CommType.all_gather,CommGroup.dp_group,8,33554432,backward.allgather_fn,None,None,,5.478400230407715,5.7,4.99,1
CommType.all_gather,CommGroup.dp_group,8,33554432,backward.allgather_fn,None,None,,5.602303981781006,5.58,4.88,1
CommType.all_gather,CommGroup.dp_group,8,90177536,backward.allgather_fn,None,None,,15.17363166809082,5.53,4.84,1
CommType.all_gather,CommGroup.dp_group,8,90177536,backward.allgather_fn,None,None,,15.050751686096191,5.58,4.88,1
CommType.all_gather,CommGroup.dp_group,8,90177536,backward.allgather_fn,None,None,,15.102975845336914,5.56,4.87,1
CommType.all_gather,CommGroup.dp_group,8,33554432,backward.allgather_fn,None,None,,5.47430419921875,5.71,4.99,1
CommType.all_gather,CommGroup.dp_group,8,33554432,backward.allgather_fn,None,None,,5.590015888214111,5.59,4.89,1
CommType.all_gather,CommGroup.dp_group,8,33554432,backward.allgather_fn,None,None,,5.5357441902160645,5.65,4.94,1
CommType.all_gather,CommGroup.dp_group,8,33554432,backward.allgather_fn,None,None,,5.52345609664917,5.66,4.95,1
CommType.all_gather,CommGroup.dp_group,8,90177536,backward.allgather_fn,None,None,,15.18387222290039,5.53,4.84,1
CommType.all_gather,CommGroup.dp_group,8,90177536,backward.allgather_fn,None,None,,15.095808029174805,5.56,4.87,1
CommType.all_gather,CommGroup.dp_group,8,90177536,backward.allgather_fn,None,None,,15.072256088256836,5.57,4.88,1
CommType.all_gather,CommGroup.dp_group,8,33554432,backward.allgather_fn,None,None,,5.439487934112549,5.75,5.03,1
CommType.all_gather,CommGroup.dp_group,8,33554432,backward.allgather_fn,None,None,,5.608448028564453,5.57,4.88,1
CommType.all_gather,CommGroup.dp_group,8,33554432,backward.allgather_fn,None,None,,5.558271884918213,5.62,4.92,1
CommType.all_gather,CommGroup.dp_group,8,33554432,backward.allgather_fn,None,None,,5.58073616027832,5.6,4.9,1
CommType.all_gather,CommGroup.dp_group,8,90177536,backward.allgather_fn,None,None,,15.101856231689453,5.56,4.87,1
CommType.reduce_scatter,CommGroup.dp_group,8,966828032,backward.reduce_scatter_fn,None,None,,159.6405792236328,5.64,4.94,1
CommType.all_gather,CommGroup.dp_group,8,90177536,backward.allgather_fn,None,None,,15.042559623718262,5.58,4.89,1
CommType.all_gather,CommGroup.dp_group,8,90177536,backward.allgather_fn,None,None,,15.122431755065918,5.55,4.86,1
CommType.all_gather,CommGroup.dp_group,8,33554432,backward.allgather_fn,None,None,,5.465087890625,5.72,5.0,1
CommType.all_gather,CommGroup.dp_group,8,33554432,backward.allgather_fn,None,None,,5.617663860321045,5.56,4.87,1
CommType.all_gather,CommGroup.dp_group,8,33554432,backward.allgather_fn,None,None,,5.544896125793457,5.64,4.93,1
CommType.all_gather,CommGroup.dp_group,8,33554432,backward.allgather_fn,None,None,,5.554175853729248,5.63,4.92,1
CommType.all_gather,CommGroup.dp_group,8,90177536,backward.allgather_fn,None,None,,15.183551788330078,5.53,4.84,1
CommType.all_gather,CommGroup.dp_group,8,90177536,backward.allgather_fn,None,None,,15.130623817443848,5.55,4.86,1
CommType.all_gather,CommGroup.dp_group,8,90177536,backward.allgather_fn,None,None,,15.106047630310059,5.56,4.86,1
CommType.all_gather,CommGroup.dp_group,8,33554432,backward.allgather_fn,None,None,,5.482463836669922,5.7,4.99,1
CommType.all_gather,CommGroup.dp_group,8,33554432,backward.allgather_fn,None,None,,5.567488193511963,5.61,4.91,1
CommType.all_gather,CommGroup.dp_group,8,33554432,backward.allgather_fn,None,None,,5.578559875488281,5.6,4.9,1
CommType.all_gather,CommGroup.dp_group,8,33554432,backward.allgather_fn,None,None,,5.545983791351318,5.63,4.93,1
CommType.all_gather,CommGroup.dp_group,8,90177536,backward.allgather_fn,None,None,,15.19820785522461,5.53,4.84,1
CommType.all_gather,CommGroup.dp_group,8,90177536,backward.allgather_fn,None,None,,15.064064025878906,5.58,4.88,1
CommType.all_gather,CommGroup.dp_group,8,90177536,backward.allgather_fn,None,None,,15.120384216308594,5.55,4.86,1
CommType.reduce_scatter,CommGroup.dp_group,8,989896704,backward.reduce_scatter_fn,None,None,,163.76422119140625,5.63,4.93,1
CommType.all_gather,CommGroup.dp_group,8,33554432,backward.allgather_fn,None,None,,5.507296085357666,5.67,4.97,1
CommType.all_gather,CommGroup.dp_group,8,33554432,backward.allgather_fn,None,None,,5.443583965301514,5.74,5.02,1
CommType.all_gather,CommGroup.dp_group,8,33554432,backward.allgather_fn,None,None,,5.531424045562744,5.65,4.94,1
CommType.all_gather,CommGroup.dp_group,8,33554432,backward.allgather_fn,None,None,,5.549056053161621,5.63,4.93,1
CommType.all_gather,CommGroup.dp_group,8,90177536,backward.allgather_fn,None,None,,15.19001579284668,5.53,4.84,1
CommType.all_gather,CommGroup.dp_group,8,90177536,backward.allgather_fn,None,None,,15.09887981414795,5.56,4.87,1
CommType.all_gather,CommGroup.dp_group,8,90177536,backward.allgather_fn,None,None,,15.081472396850586,5.57,4.87,1
CommType.all_gather,CommGroup.dp_group,8,33554432,backward.allgather_fn,None,None,,5.476352214813232,5.71,4.99,1
CommType.all_gather,CommGroup.dp_group,8,33554432,backward.allgather_fn,None,None,,5.576416015625,5.6,4.9,1
CommType.all_gather,CommGroup.dp_group,8,33554432,backward.allgather_fn,None,None,,5.5654401779174805,5.62,4.91,1
CommType.all_gather,CommGroup.dp_group,8,33554432,backward.allgather_fn,None,None,,5.567488193511963,5.61,4.91,1
CommType.all_gather,CommGroup.dp_group,8,90177536,backward.allgather_fn,None,None,,15.156991958618164,5.54,4.85,1
CommType.all_gather,CommGroup.dp_group,8,90177536,backward.allgather_fn,None,None,,15.101951599121094,5.56,4.87,1
CommType.all_gather,CommGroup.dp_group,8,90177536,backward.allgather_fn,None,None,,15.096832275390625,5.56,4.87,1
CommType.all_gather,CommGroup.dp_group,8,33554432,backward.allgather_fn,None,None,,5.495808124542236,5.69,4.98,1
CommType.all_gather,CommGroup.dp_group,8,33554432,backward.allgather_fn,None,None,,5.611519813537598,5.57,4.87,1
CommType.all_gather,CommGroup.dp_group,8,33554432,backward.allgather_fn,None,None,,5.587967872619629,5.59,4.89,1
CommType.all_gather,CommGroup.dp_group,8,33554432,backward.allgather_fn,None,None,,5.5562238693237305,5.62,4.92,1
CommType.reduce_scatter,CommGroup.dp_group,8,943759360,backward.reduce_scatter_fn,None,None,,155.8077392578125,5.64,4.94,1
CommType.all_gather,CommGroup.dp_group,8,90177536,backward.allgather_fn,None,None,,14.961664199829102,5.61,4.91,1
CommType.all_gather,CommGroup.dp_group,8,90177536,backward.allgather_fn,None,None,,15.147007942199707,5.54,4.85,1
CommType.all_gather,CommGroup.dp_group,8,90177536,backward.allgather_fn,None,None,,15.246335983276367,5.51,4.82,1
CommType.all_gather,CommGroup.dp_group,8,33554432,backward.allgather_fn,None,None,,5.442560195922852,5.74,5.02,1
CommType.all_gather,CommGroup.dp_group,8,33554432,backward.allgather_fn,None,None,,5.63097620010376,5.55,4.86,1
CommType.all_gather,CommGroup.dp_group,8,33554432,backward.allgather_fn,None,None,,5.574656009674072,5.61,4.91,1
CommType.all_gather,CommGroup.dp_group,8,33554432,backward.allgather_fn,None,None,,5.576704025268555,5.6,4.9,1
CommType.all_gather,CommGroup.dp_group,8,90177536,backward.allgather_fn,None,None,,15.160320281982422,5.54,4.85,1
CommType.all_gather,CommGroup.dp_group,8,90177536,backward.allgather_fn,None,None,,15.07532787322998,5.57,4.87,1
CommType.all_gather,CommGroup.dp_group,8,90177536,backward.allgather_fn,None,None,,15.092896461486816,5.56,4.87,1
CommType.all_gather,CommGroup.dp_group,8,33554432,backward.allgather_fn,None,None,,5.467135906219482,5.72,5.0,1
CommType.all_gather,CommGroup.dp_group,8,33554432,backward.allgather_fn,None,None,,5.571584224700928,5.61,4.91,1
CommType.all_gather,CommGroup.dp_group,8,33554432,backward.allgather_fn,None,None,,5.567488193511963,5.61,4.91,1
CommType.all_gather,CommGroup.dp_group,8,33554432,backward.allgather_fn,None,None,,5.573631763458252,5.61,4.91,1
CommType.all_gather,CommGroup.dp_group,8,90177536,backward.allgather_fn,None,None,,15.150912284851074,5.54,4.85,1
CommType.all_gather,CommGroup.dp_group,8,90177536,backward.allgather_fn,None,None,,15.095808029174805,5.56,4.87,1
CommType.reduce_scatter,CommGroup.dp_group,8,989888512,backward.reduce_scatter_fn,None,None,,163.2716827392578,5.65,4.94,1
CommType.all_gather,CommGroup.dp_group,8,90177536,backward.allgather_fn,None,None,,15.059967994689941,5.58,4.88,1
CommType.all_gather,CommGroup.dp_group,8,33554432,backward.allgather_fn,None,None,,5.463039875030518,5.72,5.01,1
CommType.all_gather,CommGroup.dp_group,8,33554432,backward.allgather_fn,None,None,,5.635072231292725,5.55,4.85,1
CommType.all_gather,CommGroup.dp_group,8,33554432,backward.allgather_fn,None,None,,5.599232196807861,5.58,4.88,1
CommType.all_gather,CommGroup.dp_group,8,33554432,backward.allgather_fn,None,None,,5.577727794647217,5.6,4.9,1
CommType.all_gather,CommGroup.dp_group,8,90177536,backward.allgather_fn,None,None,,15.18182373046875,5.53,4.84,1
CommType.all_gather,CommGroup.dp_group,8,90177536,backward.allgather_fn,None,None,,15.059967994689941,5.58,4.88,1
CommType.all_gather,CommGroup.dp_group,8,90177536,backward.allgather_fn,None,None,,15.114239692687988,5.56,4.86,1
CommType.all_gather,CommGroup.dp_group,8,33554432,backward.allgather_fn,None,None,,5.525504112243652,5.66,4.95,1
CommType.all_gather,CommGroup.dp_group,8,33554432,backward.allgather_fn,None,None,,5.598207950592041,5.58,4.88,1
CommType.all_gather,CommGroup.dp_group,8,33554432,backward.allgather_fn,None,None,,5.57260799407959,5.61,4.91,1
CommType.all_gather,CommGroup.dp_group,8,33554432,backward.allgather_fn,None,None,,5.571584224700928,5.61,4.91,1
CommType.all_gather,CommGroup.dp_group,8,90177536,backward.allgather_fn,None,None,,15.135519981384277,5.55,4.86,1
CommType.all_gather,CommGroup.dp_group,8,90177536,backward.allgather_fn,None,None,,15.06713581085205,5.57,4.88,1
CommType.all_gather,CommGroup.dp_group,8,90177536,backward.allgather_fn,None,None,,15.102975845336914,5.56,4.87,1
CommType.all_gather,CommGroup.dp_group,8,33554432,backward.allgather_fn,None,None,,5.458943843841553,5.72,5.01,1
CommType.all_gather,CommGroup.dp_group,8,33554432,backward.allgather_fn,None,None,,5.591040134429932,5.59,4.89,1
CommType.reduce_scatter,CommGroup.dp_group,8,966828032,backward.reduce_scatter_fn,None,None,,159.63034057617188,5.64,4.94,1
CommType.all_gather,CommGroup.dp_group,8,33554432,backward.allgather_fn,None,None,,5.531744003295898,5.65,4.94,1
CommType.all_gather,CommGroup.dp_group,8,33554432,backward.allgather_fn,None,None,,5.504000186920166,5.68,4.97,1
CommType.all_gather,CommGroup.dp_group,8,90177536,backward.allgather_fn,None,None,,15.224672317504883,5.52,4.83,1
CommType.all_gather,CommGroup.dp_group,8,90177536,backward.allgather_fn,None,None,,15.11731243133545,5.56,4.86,1
CommType.all_gather,CommGroup.dp_group,8,90177536,backward.allgather_fn,None,None,,15.077376365661621,5.57,4.87,1
CommType.all_gather,CommGroup.dp_group,8,33554432,backward.allgather_fn,None,None,,5.457920074462891,5.73,5.01,1
CommType.all_gather,CommGroup.dp_group,8,33554432,backward.allgather_fn,None,None,,5.603328227996826,5.58,4.88,1
CommType.all_gather,CommGroup.dp_group,8,33554432,backward.allgather_fn,None,None,,5.567488193511963,5.61,4.91,1
CommType.all_gather,CommGroup.dp_group,8,33554432,backward.allgather_fn,None,None,,5.563392162322998,5.62,4.91,1
CommType.all_gather,CommGroup.dp_group,8,90177536,backward.allgather_fn,None,None,,15.19923210144043,5.53,4.83,1
CommType.all_gather,CommGroup.dp_group,8,90177536,backward.allgather_fn,None,None,,15.064064025878906,5.58,4.88,1
CommType.all_gather,CommGroup.dp_group,8,90177536,backward.allgather_fn,None,None,,15.110143661499023,5.56,4.86,1
CommType.all_gather,CommGroup.dp_group,8,33554432,backward.allgather_fn,None,None,,5.467135906219482,5.72,5.0,1
CommType.all_gather,CommGroup.dp_group,8,33554432,backward.allgather_fn,None,None,,5.503935813903809,5.68,4.97,1
CommType.all_gather,CommGroup.dp_group,8,33554432,backward.allgather_fn,None,None,,5.561344146728516,5.62,4.92,1
CommType.all_gather,CommGroup.dp_group,8,33554432,backward.allgather_fn,None,None,,5.568384170532227,5.61,4.91,1
CommType.all_gather,CommGroup.dp_group,8,90177536,backward.allgather_fn,None,None,,15.229951858520508,5.51,4.83,1
CommType.reduce_scatter,CommGroup.dp_group,8,966828032,backward.reduce_scatter_fn,None,None,,159.5371551513672,5.64,4.94,1
CommType.all_gather,CommGroup.dp_group,8,90177536,backward.allgather_fn,None,None,,15.080448150634766,5.57,4.87,1
CommType.all_gather,CommGroup.dp_group,8,90177536,backward.allgather_fn,None,None,,15.126527786254883,5.55,4.86,1
CommType.all_gather,CommGroup.dp_group,8,33554432,backward.allgather_fn,None,None,,5.45689582824707,5.73,5.01,1
CommType.all_gather,CommGroup.dp_group,8,33554432,backward.allgather_fn,None,None,,5.570559978485107,5.61,4.91,1
CommType.all_gather,CommGroup.dp_group,8,33554432,backward.allgather_fn,None,None,,5.559328079223633,5.62,4.92,1
CommType.all_gather,CommGroup.dp_group,8,33554432,backward.allgather_fn,None,None,,5.563392162322998,5.62,4.91,1
CommType.all_gather,CommGroup.dp_group,8,90177536,backward.allgather_fn,None,None,,15.160191535949707,5.54,4.85,1
CommType.all_gather,CommGroup.dp_group,8,90177536,backward.allgather_fn,None,None,,15.078399658203125,5.57,4.87,1
CommType.all_gather,CommGroup.dp_group,8,90177536,backward.allgather_fn,None,None,,15.073280334472656,5.57,4.88,1
CommType.all_gather,CommGroup.dp_group,8,33554432,backward.allgather_fn,None,None,,5.504000186920166,5.68,4.97,1
CommType.all_gather,CommGroup.dp_group,8,33554432,backward.allgather_fn,None,None,,5.507904052734375,5.67,4.96,1
CommType.all_gather,CommGroup.dp_group,8,33554432,backward.allgather_fn,None,None,,5.588992118835449,5.59,4.89,1
CommType.all_gather,CommGroup.dp_group,8,33554432,backward.allgather_fn,None,None,,5.5654401779174805,5.62,4.91,1
CommType.all_gather,CommGroup.dp_group,8,90177536,backward.allgather_fn,None,None,,15.170559883117676,5.54,4.84,1
CommType.all_gather,CommGroup.dp_group,8,90177536,backward.allgather_fn,None,None,,15.08556842803955,5.57,4.87,1
CommType.all_gather,CommGroup.dp_group,8,90177536,backward.allgather_fn,None,None,,15.101951599121094,5.56,4.87,1
CommType.reduce_scatter,CommGroup.dp_group,8,989896704,backward.reduce_scatter_fn,None,None,,163.3034210205078,5.65,4.94,1
CommType.all_gather,CommGroup.dp_group,8,33554432,backward.allgather_fn,None,None,,5.51526403427124,5.67,4.96,1
CommType.all_gather,CommGroup.dp_group,8,33554432,backward.allgather_fn,None,None,,5.439487934112549,5.75,5.03,1
CommType.all_gather,CommGroup.dp_group,8,33554432,backward.allgather_fn,None,None,,5.444960117340088,5.74,5.02,1
CommType.all_gather,CommGroup.dp_group,8,33554432,backward.allgather_fn,None,None,,5.594111919403076,5.59,4.89,1
CommType.all_gather,CommGroup.dp_group,8,90177536,backward.allgather_fn,None,None,,15.394816398620605,5.46,4.77,1
CommType.all_gather,CommGroup.dp_group,8,90177536,backward.allgather_fn,None,None,,15.09171199798584,5.56,4.87,1
CommType.all_gather,CommGroup.dp_group,8,90177536,backward.allgather_fn,None,None,,15.08249568939209,5.57,4.87,1
CommType.all_gather,CommGroup.dp_group,8,33554432,backward.allgather_fn,None,None,,5.472256183624268,5.71,5.0,1
CommType.all_gather,CommGroup.dp_group,8,33554432,backward.allgather_fn,None,None,,5.631999969482422,5.55,4.86,1
CommType.all_gather,CommGroup.dp_group,8,33554432,backward.allgather_fn,None,None,,5.544960021972656,5.64,4.93,1
CommType.all_gather,CommGroup.dp_group,8,33554432,backward.allgather_fn,None,None,,5.553152084350586,5.63,4.92,1
CommType.all_gather,CommGroup.dp_group,8,262144000,backward.allgather_fn,None,None,,44.28307342529297,5.51,4.82,1
CommType.reduce_scatter,CommGroup.dp_group,8,943759360,backward.reduce_scatter_fn,None,None,,155.81593322753906,5.64,4.94,1
CommType.reduce_scatter,CommGroup.dp_group,8,989888512,backward.reduce_scatter_fn,None,None,,163.2911376953125,5.65,4.94,1
CommType.reduce_scatter,CommGroup.dp_group,8,891322368,step.reduce_scatter_fn,None,None,,146.78016662597656,5.66,4.95,1
CommType.all_reduce,CommGroup.dp_group,8,1,step.has_overflow,None,None,,0.12483199685811996,0.0,0.0,1
CommType.all_reduce,CommGroup.dp_group,8,8,step.get_grad_norm_direct,None,None,,0.11161600053310394,0.0,0.0,1
CommType.all_gather,CommGroup.dp_group,8,8192,step.allgather_fn,None,None,,0.10956799983978271,0.07,0.06,1
CommType.all_gather,CommGroup.dp_group,8,8192,step.allgather_fn,None,None,,0.10422399640083313,0.07,0.06,1
CommType.all_gather,CommGroup.dp_group,8,8192,step.allgather_fn,None,None,,0.1013759970664978,0.08,0.07,1
CommType.all_gather,CommGroup.dp_group,8,8192,step.allgather_fn,None,None,,0.1024319976568222,0.07,0.07,1
CommType.all_gather,CommGroup.dp_group,8,8192,step.allgather_fn,None,None,,0.10329599678516388,0.07,0.06,1
CommType.all_gather,CommGroup.dp_group,8,8192,step.allgather_fn,None,None,,0.10134399682283401,0.08,0.07,1
CommType.all_gather,CommGroup.dp_group,8,8192,step.allgather_fn,None,None,,0.10009600222110748,0.08,0.07,1
CommType.all_gather,CommGroup.dp_group,8,8192,step.allgather_fn,None,None,,0.10051199793815613,0.08,0.07,1
CommType.all_gather,CommGroup.dp_group,8,8192,step.allgather_fn,None,None,,0.1043199971318245,0.07,0.06,1
CommType.all_gather,CommGroup.dp_group,8,8192,step.allgather_fn,None,None,,0.1013759970664978,0.08,0.07,1
CommType.all_gather,CommGroup.dp_group,8,8192,step.allgather_fn,None,None,,0.09929600358009338,0.08,0.07,1
CommType.all_gather,CommGroup.dp_group,8,8192,step.allgather_fn,None,None,,0.09945599734783173,0.08,0.07,1
CommType.all_gather,CommGroup.dp_group,8,8192,step.allgather_fn,None,None,,0.09910400211811066,0.08,0.07,1
CommType.all_gather,CommGroup.dp_group,8,8192,step.allgather_fn,None,None,,0.10444799810647964,0.07,0.06,1
CommType.all_gather,CommGroup.dp_group,8,8192,step.allgather_fn,None,None,,0.0995199978351593,0.08,0.07,1
CommType.all_gather,CommGroup.dp_group,8,8192,step.allgather_fn,None,None,,0.09830400347709656,0.08,0.07,1
CommType.all_gather,CommGroup.dp_group,8,8192,step.allgather_fn,None,None,,0.09964799880981445,0.08,0.07,1
CommType.all_gather,CommGroup.dp_group,8,8192,step.allgather_fn,None,None,,0.09852799773216248,0.08,0.07,1
CommType.all_gather,CommGroup.dp_group,8,8192,step.allgather_fn,None,None,,0.10953599959611893,0.07,0.06,1
CommType.all_gather,CommGroup.dp_group,8,8192,step.allgather_fn,None,None,,0.09913600236177444,0.08,0.07,1
CommType.all_gather,CommGroup.dp_group,8,8192,step.allgather_fn,None,None,,0.09830400347709656,0.08,0.07,1
CommType.all_gather,CommGroup.dp_group,8,8192,step.allgather_fn,None,None,,0.09830400347709656,0.08,0.07,1
CommType.all_gather,CommGroup.dp_group,8,8192,step.allgather_fn,None,None,,0.10124800354242325,0.08,0.07,1
CommType.all_gather,CommGroup.dp_group,8,8192,step.allgather_fn,None,None,,0.10956799983978271,0.07,0.06,1
CommType.all_gather,CommGroup.dp_group,8,8192,step.allgather_fn,None,None,,0.10035199671983719,0.08,0.07,1
CommType.all_gather,CommGroup.dp_group,8,8192,step.allgather_fn,None,None,,0.09920000284910202,0.08,0.07,1
CommType.all_gather,CommGroup.dp_group,8,8192,step.allgather_fn,None,None,,0.09932799637317657,0.08,0.07,1
CommType.all_gather,CommGroup.dp_group,8,8192,step.allgather_fn,None,None,,0.0990080013871193,0.08,0.07,1
CommType.all_gather,CommGroup.dp_group,8,8192,step.allgather_fn,None,None,,0.09728000313043594,0.08,0.07,1
CommType.all_gather,CommGroup.dp_group,8,8192,step.allgather_fn,None,None,,0.1013759970664978,0.08,0.07,1
CommType.all_gather,CommGroup.dp_group,8,8192,step.allgather_fn,None,None,,0.10035199671983719,0.08,0.07,1
CommType.all_gather,CommGroup.dp_group,8,8192,step.allgather_fn,None,None,,0.09955199807882309,0.08,0.07,1
CommType.all_gather,CommGroup.dp_group,8,8192,step.allgather_fn,None,None,,0.09830400347709656,0.08,0.07,1
CommType.all_gather,CommGroup.dp_group,8,8192,step.allgather_fn,None,None,,0.09932799637317657,0.08,0.07,1
CommType.all_gather,CommGroup.dp_group,8,8192,step.allgather_fn,None,None,,0.11161600053310394,0.07,0.06,1
CommType.all_gather,CommGroup.dp_group,8,8192,step.allgather_fn,None,None,,0.09932799637317657,0.08,0.07,1
CommType.all_gather,CommGroup.dp_group,8,8192,step.allgather_fn,None,None,,0.09830400347709656,0.08,0.07,1
CommType.all_gather,CommGroup.dp_group,8,8192,step.allgather_fn,None,None,,0.10022400319576263,0.08,0.07,1
CommType.all_gather,CommGroup.dp_group,8,8192,step.allgather_fn,None,None,,0.09923200309276581,0.08,0.07,1
CommType.all_gather,CommGroup.dp_group,8,8192,step.allgather_fn,None,None,,0.1098880022764206,0.07,0.06,1
CommType.all_gather,CommGroup.dp_group,8,8192,step.allgather_fn,None,None,,0.10239999741315842,0.07,0.07,1
CommType.all_gather,CommGroup.dp_group,8,8192,step.allgather_fn,None,None,,0.09830400347709656,0.08,0.07,1
CommType.all_gather,CommGroup.dp_group,8,8192,step.allgather_fn,None,None,,0.11161600053310394,0.07,0.06,1
CommType.all_gather,CommGroup.dp_group,8,8192,step.allgather_fn,None,None,,0.10342399775981903,0.07,0.06,1
CommType.all_gather,CommGroup.dp_group,8,8192,step.allgather_fn,None,None,,0.1085439994931221,0.07,0.06,1
CommType.all_gather,CommGroup.dp_group,8,8192,step.allgather_fn,None,None,,0.10035199671983719,0.08,0.07,1
CommType.all_gather,CommGroup.dp_group,8,8192,step.allgather_fn,None,None,,0.09932799637317657,0.08,0.07,1
CommType.all_gather,CommGroup.dp_group,8,8192,step.allgather_fn,None,None,,0.09913600236177444,0.08,0.07,1
CommType.all_gather,CommGroup.dp_group,8,8192,step.allgather_fn,None,None,,0.10035199671983719,0.08,0.07,1
CommType.all_gather,CommGroup.dp_group,8,8192,step.allgather_fn,None,None,,0.10009600222110748,0.08,0.07,1
CommType.all_gather,CommGroup.dp_group,8,8192,step.allgather_fn,None,None,,0.10035199671983719,0.08,0.07,1
CommType.all_gather,CommGroup.dp_group,8,8192,step.allgather_fn,None,None,,0.09932799637317657,0.08,0.07,1
CommType.all_gather,CommGroup.dp_group,8,8192,step.allgather_fn,None,None,,0.09904000163078308,0.08,0.07,1
CommType.all_gather,CommGroup.dp_group,8,8192,step.allgather_fn,None,None,,0.09932799637317657,0.08,0.07,1
CommType.all_gather,CommGroup.dp_group,8,8192,step.allgather_fn,None,None,,0.09920000284910202,0.08,0.07,1
CommType.all_gather,CommGroup.dp_group,8,8192,step.allgather_fn,None,None,,0.1103999987244606,0.07,0.06,1
CommType.all_gather,CommGroup.dp_group,8,8192,step.allgather_fn,None,None,,0.09830400347709656,0.08,0.07,1
CommType.all_gather,CommGroup.dp_group,8,8192,step.allgather_fn,None,None,,0.130048006772995,0.06,0.05,1
CommType.all_gather,CommGroup.dp_group,8,8192,step.allgather_fn,None,None,,0.10035199671983719,0.08,0.07,1
CommType.all_gather,CommGroup.dp_group,8,8192,step.allgather_fn,None,None,,0.10035199671983719,0.08,0.07,1
CommType.all_gather,CommGroup.dp_group,8,8192,step.allgather_fn,None,None,,0.11155200004577637,0.07,0.06,1
CommType.all_gather,CommGroup.dp_group,8,8192,step.allgather_fn,None,None,,0.10035199671983719,0.08,0.07,1
CommType.all_gather,CommGroup.dp_group,8,8192,step.allgather_fn,None,None,,0.09932799637317657,0.08,0.07,1
CommType.all_gather,CommGroup.dp_group,8,8192,step.allgather_fn,None,None,,0.09932799637317657,0.08,0.07,1
CommType.all_gather,CommGroup.dp_group,8,8192,step.allgather_fn,None,None,,0.09830400347709656,0.08,0.07,1
CommType.epoch_end,None,None,0,,None,None,,6454.582929611206,0.0,0.0,1
CommType.all_gather,CommGroup.dp_group,8,2015363072,forward.allgather_fn,None,None,,340.1423645019531,5.52,4.83,1
CommType.all_gather,CommGroup.dp_group,8,270532608,forward.allgather_fn,None,None,,45.79328155517578,5.5,4.81,1
CommType.all_gather,CommGroup.dp_group,8,33554432,forward.allgather_fn,None,None,,5.511168003082275,5.67,4.96,1
CommType.all_gather,CommGroup.dp_group,8,33554432,forward.allgather_fn,None,None,,5.492608070373535,5.69,4.98,1
CommType.all_gather,CommGroup.dp_group,8,33554432,forward.allgather_fn,None,None,,5.453824043273926,5.73,5.01,1
CommType.all_gather,CommGroup.dp_group,8,33554432,forward.allgather_fn,None,None,,5.501952171325684,5.68,4.97,1
CommType.all_gather,CommGroup.dp_group,8,90177536,forward.allgather_fn,None,None,,15.390687942504883,5.46,4.77,1
CommType.all_gather,CommGroup.dp_group,8,90177536,forward.allgather_fn,None,None,,15.080448150634766,5.57,4.87,1
CommType.all_gather,CommGroup.dp_group,8,90177536,forward.allgather_fn,None,None,,15.086591720581055,5.57,4.87,1
CommType.all_gather,CommGroup.dp_group,8,33554432,forward.allgather_fn,None,None,,5.434368133544922,5.75,5.03,1
CommType.all_gather,CommGroup.dp_group,8,33554432,forward.allgather_fn,None,None,,5.603328227996826,5.58,4.88,1
CommType.all_gather,CommGroup.dp_group,8,33554432,forward.allgather_fn,None,None,,5.574656009674072,5.61,4.91,1
CommType.all_gather,CommGroup.dp_group,8,33554432,forward.allgather_fn,None,None,,5.563392162322998,5.62,4.91,1
CommType.all_gather,CommGroup.dp_group,8,90177536,forward.allgather_fn,None,None,,15.184896469116211,5.53,4.84,1
CommType.all_gather,CommGroup.dp_group,8,90177536,forward.allgather_fn,None,None,,15.094783782958984,5.56,4.87,1
CommType.all_gather,CommGroup.dp_group,8,90177536,forward.allgather_fn,None,None,,15.06611156463623,5.57,4.88,1
CommType.all_gather,CommGroup.dp_group,8,33554432,forward.allgather_fn,None,None,,5.495808124542236,5.69,4.98,1
CommType.all_gather,CommGroup.dp_group,8,33554432,forward.allgather_fn,None,None,,5.62175989151001,5.56,4.86,1
CommType.all_gather,CommGroup.dp_group,8,33554432,forward.allgather_fn,None,None,,5.5357441902160645,5.65,4.94,1
CommType.all_gather,CommGroup.dp_group,8,33554432,forward.allgather_fn,None,None,,5.537792205810547,5.64,4.94,1
CommType.all_gather,CommGroup.dp_group,8,90177536,forward.allgather_fn,None,None,,15.141887664794922,5.55,4.85,1
CommType.all_gather,CommGroup.dp_group,8,90177536,forward.allgather_fn,None,None,,15.097855567932129,5.56,4.87,1
CommType.all_gather,CommGroup.dp_group,8,90177536,forward.allgather_fn,None,None,,15.093759536743164,5.56,4.87,1
CommType.all_gather,CommGroup.dp_group,8,33554432,forward.allgather_fn,None,None,,5.4620161056518555,5.72,5.01,1
CommType.all_gather,CommGroup.dp_group,8,33554432,forward.allgather_fn,None,None,,5.581632137298584,5.6,4.9,1
CommType.all_gather,CommGroup.dp_group,8,33554432,forward.allgather_fn,None,None,,5.559296131134033,5.62,4.92,1
CommType.all_gather,CommGroup.dp_group,8,33554432,forward.allgather_fn,None,None,,5.582719802856445,5.6,4.9,1
CommType.all_gather,CommGroup.dp_group,8,90177536,forward.allgather_fn,None,None,,15.135744094848633,5.55,4.86,1
CommType.all_gather,CommGroup.dp_group,8,90177536,forward.allgather_fn,None,None,,15.110143661499023,5.56,4.86,1
CommType.all_gather,CommGroup.dp_group,8,90177536,forward.allgather_fn,None,None,,15.073280334472656,5.57,4.88,1
CommType.all_gather,CommGroup.dp_group,8,33554432,forward.allgather_fn,None,None,,5.4527997970581055,5.73,5.01,1
CommType.all_gather,CommGroup.dp_group,8,33554432,forward.allgather_fn,None,None,,5.620736122131348,5.56,4.86,1
CommType.all_gather,CommGroup.dp_group,8,33554432,forward.allgather_fn,None,None,,5.538815975189209,5.64,4.94,1
CommType.all_gather,CommGroup.dp_group,8,33554432,forward.allgather_fn,None,None,,5.574656009674072,5.61,4.91,1
CommType.all_gather,CommGroup.dp_group,8,90177536,forward.allgather_fn,None,None,,15.185919761657715,5.53,4.84,1
CommType.all_gather,CommGroup.dp_group,8,90177536,forward.allgather_fn,None,None,,15.071231842041016,5.57,4.88,1
CommType.all_gather,CommGroup.dp_group,8,90177536,forward.allgather_fn,None,None,,15.124480247497559,5.55,4.86,1
CommType.all_gather,CommGroup.dp_group,8,33554432,forward.allgather_fn,None,None,,5.4773759841918945,5.71,4.99,1
CommType.all_gather,CommGroup.dp_group,8,33554432,forward.allgather_fn,None,None,,5.545983791351318,5.63,4.93,1
CommType.all_gather,CommGroup.dp_group,8,33554432,forward.allgather_fn,None,None,,5.576704025268555,5.6,4.9,1
CommType.all_gather,CommGroup.dp_group,8,33554432,forward.allgather_fn,None,None,,5.557248115539551,5.62,4.92,1
CommType.all_gather,CommGroup.dp_group,8,90177536,forward.allgather_fn,None,None,,15.123456001281738,5.55,4.86,1
CommType.all_gather,CommGroup.dp_group,8,90177536,forward.allgather_fn,None,None,,15.09273624420166,5.56,4.87,1
CommType.all_gather,CommGroup.dp_group,8,90177536,forward.allgather_fn,None,None,,15.079423904418945,5.57,4.87,1
CommType.all_gather,CommGroup.dp_group,8,33554432,forward.allgather_fn,None,None,,5.437439918518066,5.75,5.03,1
CommType.all_gather,CommGroup.dp_group,8,33554432,forward.allgather_fn,None,None,,5.6453118324279785,5.54,4.84,1
CommType.all_gather,CommGroup.dp_group,8,33554432,forward.allgather_fn,None,None,,5.558271884918213,5.62,4.92,1
CommType.all_gather,CommGroup.dp_group,8,33554432,forward.allgather_fn,None,None,,5.581759929656982,5.6,4.9,1
CommType.all_gather,CommGroup.dp_group,8,90177536,forward.allgather_fn,None,None,,15.134719848632812,5.55,4.86,1
CommType.all_gather,CommGroup.dp_group,8,90177536,forward.allgather_fn,None,None,,15.080448150634766,5.57,4.87,1
CommType.all_gather,CommGroup.dp_group,8,90177536,forward.allgather_fn,None,None,,15.077376365661621,5.57,4.87,1
CommType.all_gather,CommGroup.dp_group,8,33554432,forward.allgather_fn,None,None,,5.457920074462891,5.73,5.01,1
CommType.all_gather,CommGroup.dp_group,8,33554432,forward.allgather_fn,None,None,,5.593088150024414,5.59,4.89,1
CommType.all_gather,CommGroup.dp_group,8,33554432,forward.allgather_fn,None,None,,5.57260799407959,5.61,4.91,1
CommType.all_gather,CommGroup.dp_group,8,33554432,forward.allgather_fn,None,None,,5.566463947296143,5.61,4.91,1
CommType.all_gather,CommGroup.dp_group,8,90177536,forward.allgather_fn,None,None,,15.18284797668457,5.53,4.84,1
CommType.all_gather,CommGroup.dp_group,8,90177536,forward.allgather_fn,None,None,,15.08556842803955,5.57,4.87,1
CommType.all_gather,CommGroup.dp_group,8,90177536,forward.allgather_fn,None,None,,15.051775932312012,5.58,4.88,1
CommType.all_gather,CommGroup.dp_group,8,33554432,forward.allgather_fn,None,None,,5.46611213684082,5.72,5.0,1
CommType.all_gather,CommGroup.dp_group,8,33554432,forward.allgather_fn,None,None,,5.647359848022461,5.53,4.84,1
CommType.all_gather,CommGroup.dp_group,8,33554432,forward.allgather_fn,None,None,,5.560319900512695,5.62,4.92,1
CommType.all_gather,CommGroup.dp_group,8,33554432,forward.allgather_fn,None,None,,5.599232196807861,5.58,4.88,1
CommType.all_gather,CommGroup.dp_group,8,90177536,forward.allgather_fn,None,None,,15.162367820739746,5.54,4.85,1
CommType.all_gather,CommGroup.dp_group,8,90177536,forward.allgather_fn,None,None,,15.124480247497559,5.55,4.86,1
CommType.all_gather,CommGroup.dp_group,8,90177536,forward.allgather_fn,None,None,,15.088640213012695,5.57,4.87,1
CommType.all_gather,CommGroup.dp_group,8,33554432,forward.allgather_fn,None,None,,5.490687847137451,5.69,4.98,1
CommType.all_gather,CommGroup.dp_group,8,33554432,forward.allgather_fn,None,None,,5.563392162322998,5.62,4.91,1
CommType.all_gather,CommGroup.dp_group,8,33554432,forward.allgather_fn,None,None,,5.548895835876465,5.63,4.93,1
CommType.all_gather,CommGroup.dp_group,8,33554432,forward.allgather_fn,None,None,,5.572832107543945,5.61,4.91,1
CommType.all_gather,CommGroup.dp_group,8,90177536,forward.allgather_fn,None,None,,15.106047630310059,5.56,4.86,1
CommType.all_gather,CommGroup.dp_group,8,90177536,forward.allgather_fn,None,None,,15.10912036895752,5.56,4.86,1
CommType.all_gather,CommGroup.dp_group,8,90177536,forward.allgather_fn,None,None,,15.060992240905762,5.58,4.88,1
CommType.all_gather,CommGroup.dp_group,8,33554432,forward.allgather_fn,None,None,,5.472256183624268,5.71,5.0,1
CommType.all_gather,CommGroup.dp_group,8,33554432,forward.allgather_fn,None,None,,5.576704025268555,5.6,4.9,1
CommType.all_gather,CommGroup.dp_group,8,33554432,forward.allgather_fn,None,None,,5.569536209106445,5.61,4.91,1
CommType.all_gather,CommGroup.dp_group,8,33554432,forward.allgather_fn,None,None,,5.563392162322998,5.62,4.91,1
CommType.all_gather,CommGroup.dp_group,8,90177536,forward.allgather_fn,None,None,,15.140864372253418,5.55,4.85,1
CommType.all_gather,CommGroup.dp_group,8,90177536,forward.allgather_fn,None,None,,15.072256088256836,5.57,4.88,1
CommType.all_gather,CommGroup.dp_group,8,90177536,forward.allgather_fn,None,None,,15.118335723876953,5.56,4.86,1
CommType.all_gather,CommGroup.dp_group,8,33554432,forward.allgather_fn,None,None,,5.47327995300293,5.71,5.0,1
CommType.all_gather,CommGroup.dp_group,8,33554432,forward.allgather_fn,None,None,,5.61356782913208,5.57,4.87,1
CommType.all_gather,CommGroup.dp_group,8,33554432,forward.allgather_fn,None,None,,5.5511040687561035,5.63,4.93,1
CommType.all_gather,CommGroup.dp_group,8,33554432,forward.allgather_fn,None,None,,5.565631866455078,5.61,4.91,1
CommType.all_gather,CommGroup.dp_group,8,90177536,forward.allgather_fn,None,None,,15.126527786254883,5.55,4.86,1
CommType.all_gather,CommGroup.dp_group,8,90177536,forward.allgather_fn,None,None,,15.105024337768555,5.56,4.87,1
CommType.all_gather,CommGroup.dp_group,8,90177536,forward.allgather_fn,None,None,,15.087615966796875,5.57,4.87,1
CommType.all_gather,CommGroup.dp_group,8,33554432,forward.allgather_fn,None,None,,5.47430419921875,5.71,4.99,1
CommType.all_gather,CommGroup.dp_group,8,33554432,forward.allgather_fn,None,None,,5.620736122131348,5.56,4.86,1
CommType.all_gather,CommGroup.dp_group,8,33554432,forward.allgather_fn,None,None,,5.563392162322998,5.62,4.91,1
CommType.all_gather,CommGroup.dp_group,8,33554432,forward.allgather_fn,None,None,,5.557248115539551,5.62,4.92,1
CommType.all_gather,CommGroup.dp_group,8,90177536,forward.allgather_fn,None,None,,15.1910400390625,5.53,4.84,1
CommType.all_gather,CommGroup.dp_group,8,90177536,forward.allgather_fn,None,None,,15.089664459228516,5.57,4.87,1
CommType.all_gather,CommGroup.dp_group,8,90177536,forward.allgather_fn,None,None,,15.065088272094727,5.57,4.88,1
CommType.all_gather,CommGroup.dp_group,8,33554432,forward.allgather_fn,None,None,,5.471231937408447,5.71,5.0,1
CommType.all_gather,CommGroup.dp_group,8,33554432,forward.allgather_fn,None,None,,5.6299519538879395,5.55,4.86,1
CommType.all_gather,CommGroup.dp_group,8,33554432,forward.allgather_fn,None,None,,5.553152084350586,5.63,4.92,1
CommType.all_gather,CommGroup.dp_group,8,33554432,forward.allgather_fn,None,None,,5.573631763458252,5.61,4.91,1
CommType.all_gather,CommGroup.dp_group,8,90177536,forward.allgather_fn,None,None,,15.168512344360352,5.54,4.84,1
CommType.all_gather,CommGroup.dp_group,8,90177536,forward.allgather_fn,None,None,,15.040512084960938,5.58,4.89,1
CommType.all_gather,CommGroup.dp_group,8,90177536,forward.allgather_fn,None,None,,15.10092830657959,5.56,4.87,1
CommType.all_gather,CommGroup.dp_group,8,33554432,forward.allgather_fn,None,None,,5.425151824951172,5.76,5.04,1
CommType.all_gather,CommGroup.dp_group,8,33554432,forward.allgather_fn,None,None,,5.607423782348633,5.57,4.88,1
CommType.all_gather,CommGroup.dp_group,8,33554432,forward.allgather_fn,None,None,,5.592063903808594,5.59,4.89,1
CommType.all_gather,CommGroup.dp_group,8,33554432,forward.allgather_fn,None,None,,5.557248115539551,5.62,4.92,1
CommType.all_gather,CommGroup.dp_group,8,90177536,forward.allgather_fn,None,None,,15.168512344360352,5.54,4.84,1
CommType.all_gather,CommGroup.dp_group,8,90177536,forward.allgather_fn,None,None,,15.101951599121094,5.56,4.87,1
CommType.all_gather,CommGroup.dp_group,8,90177536,forward.allgather_fn,None,None,,15.07430362701416,5.57,4.87,1
CommType.all_gather,CommGroup.dp_group,8,33554432,forward.allgather_fn,None,None,,5.476448059082031,5.71,4.99,1
CommType.all_gather,CommGroup.dp_group,8,33554432,forward.allgather_fn,None,None,,5.58681583404541,5.59,4.89,1
CommType.all_gather,CommGroup.dp_group,8,33554432,forward.allgather_fn,None,None,,5.582848072052002,5.6,4.9,1
CommType.all_gather,CommGroup.dp_group,8,33554432,forward.allgather_fn,None,None,,5.555200099945068,5.63,4.92,1
CommType.all_gather,CommGroup.dp_group,8,90177536,forward.allgather_fn,None,None,,15.151935577392578,5.54,4.85,1
CommType.all_gather,CommGroup.dp_group,8,90177536,forward.allgather_fn,None,None,,15.094783782958984,5.56,4.87,1
CommType.all_gather,CommGroup.dp_group,8,90177536,forward.allgather_fn,None,None,,15.268863677978516,5.5,4.81,1
CommType.all_gather,CommGroup.dp_group,8,33554432,forward.allgather_fn,None,None,,5.567232131958008,5.61,4.91,1
CommType.all_gather,CommGroup.dp_group,8,33554432,forward.allgather_fn,None,None,,5.667840003967285,5.51,4.82,1
CommType.all_gather,CommGroup.dp_group,8,33554432,forward.allgather_fn,None,None,,5.5951361656188965,5.59,4.89,1
CommType.all_gather,CommGroup.dp_group,8,33554432,forward.allgather_fn,None,None,,5.567488193511963,5.61,4.91,1
CommType.all_gather,CommGroup.dp_group,8,90177536,forward.allgather_fn,None,None,,15.242239952087402,5.51,4.82,1
CommType.all_gather,CommGroup.dp_group,8,90177536,forward.allgather_fn,None,None,,15.129599571228027,5.55,4.86,1
CommType.all_gather,CommGroup.dp_group,8,90177536,forward.allgather_fn,None,None,,15.17465591430664,5.53,4.84,1
CommType.all_gather,CommGroup.dp_group,8,33554432,forward.allgather_fn,None,None,,5.537792205810547,5.64,4.94,1
CommType.all_gather,CommGroup.dp_group,8,33554432,forward.allgather_fn,None,None,,5.583871841430664,5.6,4.9,1
CommType.all_gather,CommGroup.dp_group,8,33554432,forward.allgather_fn,None,None,,5.6545281410217285,5.53,4.84,1
CommType.all_gather,CommGroup.dp_group,8,33554432,forward.allgather_fn,None,None,,5.643167972564697,5.54,4.85,1
CommType.all_gather,CommGroup.dp_group,8,90177536,forward.allgather_fn,None,None,,15.218751907348633,5.52,4.83,1
CommType.all_gather,CommGroup.dp_group,8,90177536,forward.allgather_fn,None,None,,15.20742416381836,5.52,4.83,1
CommType.all_gather,CommGroup.dp_group,8,90177536,forward.allgather_fn,None,None,,15.155200004577637,5.54,4.85,1
CommType.all_gather,CommGroup.dp_group,8,33554432,forward.allgather_fn,None,None,,5.496831893920898,5.69,4.97,1
CommType.all_gather,CommGroup.dp_group,8,33554432,forward.allgather_fn,None,None,,5.603328227996826,5.58,4.88,1
CommType.all_gather,CommGroup.dp_group,8,33554432,forward.allgather_fn,None,None,,5.549056053161621,5.63,4.93,1
CommType.all_gather,CommGroup.dp_group,8,33554432,forward.allgather_fn,None,None,,5.558271884918213,5.62,4.92,1
CommType.all_gather,CommGroup.dp_group,8,90177536,forward.allgather_fn,None,None,,15.126527786254883,5.55,4.86,1
CommType.all_gather,CommGroup.dp_group,8,90177536,forward.allgather_fn,None,None,,15.110336303710938,5.56,4.86,1
CommType.all_gather,CommGroup.dp_group,8,90177536,forward.allgather_fn,None,None,,15.079423904418945,5.57,4.87,1
CommType.all_gather,CommGroup.dp_group,8,33554432,forward.allgather_fn,None,None,,5.495808124542236,5.69,4.98,1
CommType.all_gather,CommGroup.dp_group,8,33554432,forward.allgather_fn,None,None,,5.592063903808594,5.59,4.89,1
CommType.all_gather,CommGroup.dp_group,8,33554432,forward.allgather_fn,None,None,,5.548895835876465,5.63,4.93,1
CommType.all_gather,CommGroup.dp_group,8,33554432,forward.allgather_fn,None,None,,5.548031806945801,5.63,4.93,1
CommType.all_gather,CommGroup.dp_group,8,90177536,forward.allgather_fn,None,None,,15.137696266174316,5.55,4.85,1
CommType.all_gather,CommGroup.dp_group,8,90177536,forward.allgather_fn,None,None,,15.079423904418945,5.57,4.87,1
CommType.all_gather,CommGroup.dp_group,8,90177536,forward.allgather_fn,None,None,,15.112192153930664,5.56,4.86,1
CommType.all_gather,CommGroup.dp_group,8,33554432,forward.allgather_fn,None,None,,5.443583965301514,5.74,5.02,1
CommType.all_gather,CommGroup.dp_group,8,33554432,forward.allgather_fn,None,None,,5.609471797943115,5.57,4.87,1
CommType.all_gather,CommGroup.dp_group,8,33554432,forward.allgather_fn,None,None,,5.547008037567139,5.63,4.93,1
CommType.all_gather,CommGroup.dp_group,8,33554432,forward.allgather_fn,None,None,,5.573472023010254,5.61,4.91,1
CommType.all_gather,CommGroup.dp_group,8,90177536,forward.allgather_fn,None,None,,15.127552032470703,5.55,4.86,1
CommType.all_gather,CommGroup.dp_group,8,90177536,forward.allgather_fn,None,None,,15.072256088256836,5.57,4.88,1
CommType.all_gather,CommGroup.dp_group,8,90177536,forward.allgather_fn,None,None,,15.140864372253418,5.55,4.85,1
CommType.all_gather,CommGroup.dp_group,8,33554432,forward.allgather_fn,None,None,,5.435391902923584,5.75,5.03,1
CommType.all_gather,CommGroup.dp_group,8,33554432,forward.allgather_fn,None,None,,5.633024215698242,5.55,4.85,1
CommType.all_gather,CommGroup.dp_group,8,33554432,forward.allgather_fn,None,None,,5.53872013092041,5.64,4.94,1
CommType.all_gather,CommGroup.dp_group,8,33554432,forward.allgather_fn,None,None,,5.560192108154297,5.62,4.92,1
CommType.all_gather,CommGroup.dp_group,8,90177536,forward.allgather_fn,None,None,,15.170559883117676,5.54,4.84,1
CommType.all_gather,CommGroup.dp_group,8,90177536,forward.allgather_fn,None,None,,15.112192153930664,5.56,4.86,1
CommType.all_gather,CommGroup.dp_group,8,90177536,forward.allgather_fn,None,None,,15.116288185119629,5.56,4.86,1
CommType.all_gather,CommGroup.dp_group,8,33554432,forward.allgather_fn,None,None,,5.468160152435303,5.71,5.0,1
CommType.all_gather,CommGroup.dp_group,8,33554432,forward.allgather_fn,None,None,,5.625855922698975,5.55,4.86,1
CommType.all_gather,CommGroup.dp_group,8,33554432,forward.allgather_fn,None,None,,5.537792205810547,5.64,4.94,1
CommType.all_gather,CommGroup.dp_group,8,33554432,forward.allgather_fn,None,None,,5.566400051116943,5.61,4.91,1
CommType.all_gather,CommGroup.dp_group,8,90177536,forward.allgather_fn,None,None,,15.28934383392334,5.49,4.81,1
CommType.all_gather,CommGroup.dp_group,8,90177536,forward.allgather_fn,None,None,,15.059040069580078,5.58,4.88,1
CommType.all_gather,CommGroup.dp_group,8,90177536,forward.allgather_fn,None,None,,15.079296112060547,5.57,4.87,1
CommType.all_gather,CommGroup.dp_group,8,33554432,forward.allgather_fn,None,None,,5.486591815948486,5.7,4.98,1
CommType.all_gather,CommGroup.dp_group,8,33554432,forward.allgather_fn,None,None,,5.57260799407959,5.61,4.91,1
CommType.all_gather,CommGroup.dp_group,8,33554432,forward.allgather_fn,None,None,,5.561344146728516,5.62,4.92,1
CommType.all_gather,CommGroup.dp_group,8,33554432,forward.allgather_fn,None,None,,5.573631763458252,5.61,4.91,1
CommType.all_gather,CommGroup.dp_group,8,90177536,forward.allgather_fn,None,None,,15.155200004577637,5.54,4.85,1
CommType.all_gather,CommGroup.dp_group,8,90177536,forward.allgather_fn,None,None,,15.081472396850586,5.57,4.87,1
CommType.all_gather,CommGroup.dp_group,8,90177536,forward.allgather_fn,None,None,,15.073280334472656,5.57,4.88,1
CommType.all_gather,CommGroup.dp_group,8,33554432,forward.allgather_fn,None,None,,5.454847812652588,5.73,5.01,1
CommType.all_gather,CommGroup.dp_group,8,33554432,forward.allgather_fn,None,None,,5.620736122131348,5.56,4.86,1
CommType.all_gather,CommGroup.dp_group,8,33554432,forward.allgather_fn,None,None,,5.577727794647217,5.6,4.9,1
CommType.all_gather,CommGroup.dp_group,8,33554432,forward.allgather_fn,None,None,,5.579775810241699,5.6,4.9,1
CommType.all_gather,CommGroup.dp_group,8,90177536,forward.allgather_fn,None,None,,15.166463851928711,5.54,4.85,1
CommType.all_gather,CommGroup.dp_group,8,90177536,forward.allgather_fn,None,None,,15.10092830657959,5.56,4.87,1
CommType.all_gather,CommGroup.dp_group,8,90177536,forward.allgather_fn,None,None,,15.09273624420166,5.56,4.87,1
CommType.all_gather,CommGroup.dp_group,8,33554432,forward.allgather_fn,None,None,,5.449728012084961,5.73,5.02,1
CommType.all_gather,CommGroup.dp_group,8,33554432,forward.allgather_fn,None,None,,5.611519813537598,5.57,4.87,1
CommType.all_gather,CommGroup.dp_group,8,33554432,forward.allgather_fn,None,None,,5.544960021972656,5.64,4.93,1
CommType.all_gather,CommGroup.dp_group,8,33554432,forward.allgather_fn,None,None,,5.555200099945068,5.63,4.92,1
CommType.all_gather,CommGroup.dp_group,8,90177536,forward.allgather_fn,None,None,,15.176704406738281,5.53,4.84,1
CommType.all_gather,CommGroup.dp_group,8,90177536,forward.allgather_fn,None,None,,15.120384216308594,5.55,4.86,1
CommType.all_gather,CommGroup.dp_group,8,90177536,forward.allgather_fn,None,None,,15.128576278686523,5.55,4.86,1
CommType.all_gather,CommGroup.dp_group,8,33554432,forward.allgather_fn,None,None,,5.435391902923584,5.75,5.03,1
CommType.all_gather,CommGroup.dp_group,8,33554432,forward.allgather_fn,None,None,,5.645279884338379,5.54,4.84,1
CommType.all_gather,CommGroup.dp_group,8,33554432,forward.allgather_fn,None,None,,5.5602240562438965,5.62,4.92,1
CommType.all_gather,CommGroup.dp_group,8,33554432,forward.allgather_fn,None,None,,5.544960021972656,5.64,4.93,1
CommType.all_gather,CommGroup.dp_group,8,90177536,forward.allgather_fn,None,None,,15.17033576965332,5.54,4.84,1
CommType.all_gather,CommGroup.dp_group,8,90177536,forward.allgather_fn,None,None,,15.09273624420166,5.56,4.87,1
CommType.all_gather,CommGroup.dp_group,8,90177536,forward.allgather_fn,None,None,,15.094880104064941,5.56,4.87,1
CommType.all_gather,CommGroup.dp_group,8,262144000,forward.allgather_fn,None,None,,44.22246551513672,5.52,4.83,1
CommType.all_gather,CommGroup.dp_group,8,90177536,forward.allgather_fn,None,None,,15.047679901123047,5.58,4.88,1
CommType.all_gather,CommGroup.dp_group,8,224395264,backward.allgather_fn,None,None,,37.82246398925781,5.53,4.83,1
CommType.all_gather,CommGroup.dp_group,8,90177536,backward.allgather_fn,None,None,,15.124480247497559,5.55,4.86,1
CommType.all_gather,CommGroup.dp_group,8,90177536,backward.allgather_fn,None,None,,15.135744094848633,5.55,4.86,1
CommType.all_gather,CommGroup.dp_group,8,90177536,backward.allgather_fn,None,None,,15.0763521194458,5.57,4.87,1
CommType.all_gather,CommGroup.dp_group,8,33554432,backward.allgather_fn,None,None,,5.465151786804199,5.72,5.0,1
CommType.all_gather,CommGroup.dp_group,8,33554432,backward.allgather_fn,None,None,,5.616640090942383,5.56,4.87,1
CommType.all_gather,CommGroup.dp_group,8,33554432,backward.allgather_fn,None,None,,5.574560165405273,5.61,4.91,1
CommType.all_gather,CommGroup.dp_group,8,33554432,backward.allgather_fn,None,None,,5.584896087646484,5.6,4.9,1
CommType.all_gather,CommGroup.dp_group,8,90177536,backward.allgather_fn,None,None,,15.155232429504395,5.54,4.85,1
CommType.all_gather,CommGroup.dp_group,8,90177536,backward.allgather_fn,None,None,,15.08556842803955,5.57,4.87,1
CommType.all_gather,CommGroup.dp_group,8,90177536,backward.allgather_fn,None,None,,15.121408462524414,5.55,4.86,1
CommType.all_gather,CommGroup.dp_group,8,33554432,backward.allgather_fn,None,None,,5.438464164733887,5.75,5.03,1
CommType.reduce_scatter,CommGroup.dp_group,8,971014144,backward.reduce_scatter_fn,None,None,,160.42086791992188,5.64,4.93,1
CommType.all_gather,CommGroup.dp_group,8,33554432,backward.allgather_fn,None,None,,5.500927925109863,5.68,4.97,1
CommType.all_gather,CommGroup.dp_group,8,33554432,backward.allgather_fn,None,None,,5.543935775756836,5.64,4.93,1
CommType.all_gather,CommGroup.dp_group,8,33554432,backward.allgather_fn,None,None,,5.691391944885254,5.49,4.8,1
CommType.all_gather,CommGroup.dp_group,8,90177536,backward.allgather_fn,None,None,,15.30777645111084,5.49,4.8,1
CommType.all_gather,CommGroup.dp_group,8,90177536,backward.allgather_fn,None,None,,15.172608375549316,5.54,4.84,1
CommType.all_gather,CommGroup.dp_group,8,90177536,backward.allgather_fn,None,None,,15.161343574523926,5.54,4.85,1
CommType.all_gather,CommGroup.dp_group,8,33554432,backward.allgather_fn,None,None,,5.501952171325684,5.68,4.97,1
CommType.all_gather,CommGroup.dp_group,8,33554432,backward.allgather_fn,None,None,,5.593088150024414,5.59,4.89,1
CommType.all_gather,CommGroup.dp_group,8,33554432,backward.allgather_fn,None,None,,5.539840221405029,5.64,4.94,1
CommType.all_gather,CommGroup.dp_group,8,33554432,backward.allgather_fn,None,None,,5.584896087646484,5.6,4.9,1
CommType.all_gather,CommGroup.dp_group,8,90177536,backward.allgather_fn,None,None,,15.10912036895752,5.56,4.86,1
CommType.all_gather,CommGroup.dp_group,8,90177536,backward.allgather_fn,None,None,,15.112192153930664,5.56,4.86,1
CommType.all_gather,CommGroup.dp_group,8,90177536,backward.allgather_fn,None,None,,15.0763521194458,5.57,4.87,1
CommType.all_gather,CommGroup.dp_group,8,33554432,backward.allgather_fn,None,None,,5.463039875030518,5.72,5.01,1
CommType.all_gather,CommGroup.dp_group,8,33554432,backward.allgather_fn,None,None,,5.597184181213379,5.58,4.89,1
CommType.all_gather,CommGroup.dp_group,8,33554432,backward.allgather_fn,None,None,,5.5511040687561035,5.63,4.93,1
CommType.all_gather,CommGroup.dp_group,8,33554432,backward.allgather_fn,None,None,,5.56441593170166,5.62,4.91,1
CommType.reduce_scatter,CommGroup.dp_group,8,910204928,backward.reduce_scatter_fn,None,None,,150.36508178710938,5.64,4.93,1
CommType.all_gather,CommGroup.dp_group,8,90177536,backward.allgather_fn,None,None,,15.052800178527832,5.58,4.88,1
CommType.all_gather,CommGroup.dp_group,8,90177536,backward.allgather_fn,None,None,,15.247360229492188,5.51,4.82,1
CommType.all_gather,CommGroup.dp_group,8,90177536,backward.allgather_fn,None,None,,15.044608116149902,5.58,4.88,1
CommType.all_gather,CommGroup.dp_group,8,33554432,backward.allgather_fn,None,None,,5.444608211517334,5.74,5.02,1
CommType.all_gather,CommGroup.dp_group,8,33554432,backward.allgather_fn,None,None,,5.6145920753479,5.57,4.87,1
CommType.all_gather,CommGroup.dp_group,8,33554432,backward.allgather_fn,None,None,,5.588992118835449,5.59,4.89,1
CommType.all_gather,CommGroup.dp_group,8,33554432,backward.allgather_fn,None,None,,5.557248115539551,5.62,4.92,1
CommType.all_gather,CommGroup.dp_group,8,90177536,backward.allgather_fn,None,None,,15.170559883117676,5.54,4.84,1
CommType.all_gather,CommGroup.dp_group,8,90177536,backward.allgather_fn,None,None,,15.078399658203125,5.57,4.87,1
CommType.all_gather,CommGroup.dp_group,8,90177536,backward.allgather_fn,None,None,,15.118335723876953,5.56,4.86,1
CommType.all_gather,CommGroup.dp_group,8,33554432,backward.allgather_fn,None,None,,5.468160152435303,5.71,5.0,1
CommType.all_gather,CommGroup.dp_group,8,33554432,backward.allgather_fn,None,None,,5.601280212402344,5.58,4.88,1
CommType.all_gather,CommGroup.dp_group,8,33554432,backward.allgather_fn,None,None,,5.561344146728516,5.62,4.92,1
CommType.all_gather,CommGroup.dp_group,8,33554432,backward.allgather_fn,None,None,,5.583871841430664,5.6,4.9,1
CommType.all_gather,CommGroup.dp_group,8,90177536,backward.allgather_fn,None,None,,15.122431755065918,5.55,4.86,1
CommType.all_gather,CommGroup.dp_group,8,90177536,backward.allgather_fn,None,None,,15.09887981414795,5.56,4.87,1
CommType.reduce_scatter,CommGroup.dp_group,8,989888512,backward.reduce_scatter_fn,None,None,,163.25222778320312,5.65,4.94,1
CommType.all_gather,CommGroup.dp_group,8,90177536,backward.allgather_fn,None,None,,15.148032188415527,5.54,4.85,1
CommType.all_gather,CommGroup.dp_group,8,33554432,backward.allgather_fn,None,None,,5.51423978805542,5.67,4.96,1
CommType.all_gather,CommGroup.dp_group,8,33554432,backward.allgather_fn,None,None,,5.470208168029785,5.71,5.0,1
CommType.all_gather,CommGroup.dp_group,8,33554432,backward.allgather_fn,None,None,,5.620736122131348,5.56,4.86,1
CommType.all_gather,CommGroup.dp_group,8,33554432,backward.allgather_fn,None,None,,5.579775810241699,5.6,4.9,1
CommType.all_gather,CommGroup.dp_group,8,90177536,backward.allgather_fn,None,None,,15.179776191711426,5.53,4.84,1
CommType.all_gather,CommGroup.dp_group,8,90177536,backward.allgather_fn,None,None,,15.122431755065918,5.55,4.86,1
CommType.all_gather,CommGroup.dp_group,8,90177536,backward.allgather_fn,None,None,,15.064064025878906,5.58,4.88,1
CommType.all_gather,CommGroup.dp_group,8,33554432,backward.allgather_fn,None,None,,5.446656227111816,5.74,5.02,1
CommType.all_gather,CommGroup.dp_group,8,33554432,backward.allgather_fn,None,None,,5.61568021774292,5.56,4.87,1
CommType.all_gather,CommGroup.dp_group,8,33554432,backward.allgather_fn,None,None,,5.567488193511963,5.61,4.91,1
CommType.all_gather,CommGroup.dp_group,8,33554432,backward.allgather_fn,None,None,,5.562367916107178,5.62,4.92,1
CommType.all_gather,CommGroup.dp_group,8,90177536,backward.allgather_fn,None,None,,15.167488098144531,5.54,4.84,1
CommType.all_gather,CommGroup.dp_group,8,90177536,backward.allgather_fn,None,None,,15.09171199798584,5.56,4.87,1
CommType.all_gather,CommGroup.dp_group,8,90177536,backward.allgather_fn,None,None,,15.08249568939209,5.57,4.87,1
CommType.all_gather,CommGroup.dp_group,8,33554432,backward.allgather_fn,None,None,,5.46611213684082,5.72,5.0,1
CommType.all_gather,CommGroup.dp_group,8,33554432,backward.allgather_fn,None,None,,5.6031999588012695,5.58,4.88,1
CommType.reduce_scatter,CommGroup.dp_group,8,966828032,backward.reduce_scatter_fn,None,None,,159.77880859375,5.64,4.93,1
CommType.all_gather,CommGroup.dp_group,8,33554432,backward.allgather_fn,None,None,,5.453824043273926,5.73,5.01,1
CommType.all_gather,CommGroup.dp_group,8,33554432,backward.allgather_fn,None,None,,5.602303981781006,5.58,4.88,1
CommType.all_gather,CommGroup.dp_group,8,90177536,backward.allgather_fn,None,None,,15.128576278686523,5.55,4.86,1
CommType.all_gather,CommGroup.dp_group,8,90177536,backward.allgather_fn,None,None,,15.105024337768555,5.56,4.87,1
CommType.all_gather,CommGroup.dp_group,8,90177536,backward.allgather_fn,None,None,,15.129599571228027,5.55,4.86,1
CommType.all_gather,CommGroup.dp_group,8,33554432,backward.allgather_fn,None,None,,5.45088005065918,5.73,5.02,1
CommType.all_gather,CommGroup.dp_group,8,33554432,backward.allgather_fn,None,None,,5.625631809234619,5.55,4.86,1
CommType.all_gather,CommGroup.dp_group,8,33554432,backward.allgather_fn,None,None,,5.566463947296143,5.61,4.91,1
CommType.all_gather,CommGroup.dp_group,8,33554432,backward.allgather_fn,None,None,,5.576704025268555,5.6,4.9,1
CommType.all_gather,CommGroup.dp_group,8,90177536,backward.allgather_fn,None,None,,15.150079727172852,5.54,4.85,1
CommType.all_gather,CommGroup.dp_group,8,90177536,backward.allgather_fn,None,None,,15.114239692687988,5.56,4.86,1
CommType.all_gather,CommGroup.dp_group,8,90177536,backward.allgather_fn,None,None,,15.09273624420166,5.56,4.87,1
CommType.all_gather,CommGroup.dp_group,8,33554432,backward.allgather_fn,None,None,,5.4323201179504395,5.75,5.03,1
CommType.all_gather,CommGroup.dp_group,8,33554432,backward.allgather_fn,None,None,,5.643263816833496,5.54,4.85,1
CommType.all_gather,CommGroup.dp_group,8,33554432,backward.allgather_fn,None,None,,5.5511040687561035,5.63,4.93,1
CommType.all_gather,CommGroup.dp_group,8,33554432,backward.allgather_fn,None,None,,5.567488193511963,5.61,4.91,1
CommType.all_gather,CommGroup.dp_group,8,90177536,backward.allgather_fn,None,None,,15.139840126037598,5.55,4.85,1
CommType.reduce_scatter,CommGroup.dp_group,8,966828032,backward.reduce_scatter_fn,None,None,,159.6405792236328,5.64,4.94,1
CommType.all_gather,CommGroup.dp_group,8,90177536,backward.allgather_fn,None,None,,15.10092830657959,5.56,4.87,1
CommType.all_gather,CommGroup.dp_group,8,90177536,backward.allgather_fn,None,None,,15.124480247497559,5.55,4.86,1
CommType.all_gather,CommGroup.dp_group,8,33554432,backward.allgather_fn,None,None,,5.463295936584473,5.72,5.0,1
CommType.all_gather,CommGroup.dp_group,8,33554432,backward.allgather_fn,None,None,,5.5859198570251465,5.59,4.9,1
CommType.all_gather,CommGroup.dp_group,8,33554432,backward.allgather_fn,None,None,,5.559296131134033,5.62,4.92,1
CommType.all_gather,CommGroup.dp_group,8,33554432,backward.allgather_fn,None,None,,5.571616172790527,5.61,4.91,1
CommType.all_gather,CommGroup.dp_group,8,90177536,backward.allgather_fn,None,None,,15.193087577819824,5.53,4.84,1
CommType.all_gather,CommGroup.dp_group,8,90177536,backward.allgather_fn,None,None,,15.071231842041016,5.57,4.88,1
CommType.all_gather,CommGroup.dp_group,8,90177536,backward.allgather_fn,None,None,,15.112192153930664,5.56,4.86,1
CommType.all_gather,CommGroup.dp_group,8,33554432,backward.allgather_fn,None,None,,5.47327995300293,5.71,5.0,1
CommType.all_gather,CommGroup.dp_group,8,33554432,backward.allgather_fn,None,None,,5.553152084350586,5.63,4.92,1
CommType.all_gather,CommGroup.dp_group,8,33554432,backward.allgather_fn,None,None,,5.520383834838867,5.66,4.95,1
CommType.all_gather,CommGroup.dp_group,8,33554432,backward.allgather_fn,None,None,,5.558271884918213,5.62,4.92,1
CommType.all_gather,CommGroup.dp_group,8,90177536,backward.allgather_fn,None,None,,15.157247543334961,5.54,4.85,1
CommType.all_gather,CommGroup.dp_group,8,90177536,backward.allgather_fn,None,None,,15.053824424743652,5.58,4.88,1
CommType.all_gather,CommGroup.dp_group,8,90177536,backward.allgather_fn,None,None,,15.09887981414795,5.56,4.87,1
CommType.reduce_scatter,CommGroup.dp_group,8,989896704,backward.reduce_scatter_fn,None,None,,163.272705078125,5.65,4.94,1
CommType.all_gather,CommGroup.dp_group,8,33554432,backward.allgather_fn,None,None,,5.509119987487793,5.67,4.96,1
CommType.all_gather,CommGroup.dp_group,8,33554432,backward.allgather_fn,None,None,,5.408768177032471,5.78,5.06,1
CommType.all_gather,CommGroup.dp_group,8,33554432,backward.allgather_fn,None,None,,5.489664077758789,5.69,4.98,1
CommType.all_gather,CommGroup.dp_group,8,33554432,backward.allgather_fn,None,None,,5.735424041748047,5.45,4.77,1
CommType.all_gather,CommGroup.dp_group,8,90177536,backward.allgather_fn,None,None,,15.226880073547363,5.52,4.83,1
CommType.all_gather,CommGroup.dp_group,8,90177536,backward.allgather_fn,None,None,,15.072256088256836,5.57,4.88,1
CommType.all_gather,CommGroup.dp_group,8,90177536,backward.allgather_fn,None,None,,15.104000091552734,5.56,4.87,1
CommType.all_gather,CommGroup.dp_group,8,33554432,backward.allgather_fn,None,None,,5.463039875030518,5.72,5.01,1
CommType.all_gather,CommGroup.dp_group,8,33554432,backward.allgather_fn,None,None,,5.601280212402344,5.58,4.88,1
CommType.all_gather,CommGroup.dp_group,8,33554432,backward.allgather_fn,None,None,,5.543935775756836,5.64,4.93,1
CommType.all_gather,CommGroup.dp_group,8,33554432,backward.allgather_fn,None,None,,5.569536209106445,5.61,4.91,1
CommType.all_gather,CommGroup.dp_group,8,90177536,backward.allgather_fn,None,None,,15.167488098144531,5.54,4.84,1
CommType.all_gather,CommGroup.dp_group,8,90177536,backward.allgather_fn,None,None,,15.096832275390625,5.56,4.87,1
CommType.all_gather,CommGroup.dp_group,8,90177536,backward.allgather_fn,None,None,,15.111167907714844,5.56,4.86,1
CommType.all_gather,CommGroup.dp_group,8,33554432,backward.allgather_fn,None,None,,5.486591815948486,5.7,4.98,1
CommType.all_gather,CommGroup.dp_group,8,33554432,backward.allgather_fn,None,None,,5.555359840393066,5.63,4.92,1
CommType.all_gather,CommGroup.dp_group,8,33554432,backward.allgather_fn,None,None,,5.545983791351318,5.63,4.93,1
CommType.all_gather,CommGroup.dp_group,8,33554432,backward.allgather_fn,None,None,,5.581823825836182,5.6,4.9,1
CommType.reduce_scatter,CommGroup.dp_group,8,943759360,backward.reduce_scatter_fn,None,None,,155.9204864501953,5.64,4.93,1
CommType.all_gather,CommGroup.dp_group,8,90177536,backward.allgather_fn,None,None,,15.079423904418945,5.57,4.87,1
CommType.all_gather,CommGroup.dp_group,8,90177536,backward.allgather_fn,None,None,,15.176639556884766,5.53,4.84,1
CommType.all_gather,CommGroup.dp_group,8,90177536,backward.allgather_fn,None,None,,15.078399658203125,5.57,4.87,1
CommType.all_gather,CommGroup.dp_group,8,33554432,backward.allgather_fn,None,None,,5.431295871734619,5.75,5.03,1
CommType.all_gather,CommGroup.dp_group,8,33554432,backward.allgather_fn,None,None,,5.620736122131348,5.56,4.86,1
CommType.all_gather,CommGroup.dp_group,8,33554432,backward.allgather_fn,None,None,,5.57260799407959,5.61,4.91,1
CommType.all_gather,CommGroup.dp_group,8,33554432,backward.allgather_fn,None,None,,5.558527946472168,5.62,4.92,1
CommType.all_gather,CommGroup.dp_group,8,90177536,backward.allgather_fn,None,None,,15.167488098144531,5.54,4.84,1
CommType.all_gather,CommGroup.dp_group,8,90177536,backward.allgather_fn,None,None,,15.124480247497559,5.55,4.86,1
CommType.all_gather,CommGroup.dp_group,8,90177536,backward.allgather_fn,None,None,,15.11241626739502,5.56,4.86,1
CommType.all_gather,CommGroup.dp_group,8,33554432,backward.allgather_fn,None,None,,5.4620161056518555,5.72,5.01,1
CommType.all_gather,CommGroup.dp_group,8,33554432,backward.allgather_fn,None,None,,5.527552127838135,5.65,4.95,1
CommType.all_gather,CommGroup.dp_group,8,33554432,backward.allgather_fn,None,None,,5.580639839172363,5.6,4.9,1
CommType.all_gather,CommGroup.dp_group,8,33554432,backward.allgather_fn,None,None,,5.562367916107178,5.62,4.92,1
CommType.all_gather,CommGroup.dp_group,8,90177536,backward.allgather_fn,None,None,,15.127552032470703,5.55,4.86,1
CommType.all_gather,CommGroup.dp_group,8,90177536,backward.allgather_fn,None,None,,15.1245756149292,5.55,4.86,1
CommType.reduce_scatter,CommGroup.dp_group,8,989888512,backward.reduce_scatter_fn,None,None,,163.23890686035156,5.65,4.94,1
CommType.all_gather,CommGroup.dp_group,8,90177536,backward.allgather_fn,None,None,,15.077376365661621,5.57,4.87,1
CommType.all_gather,CommGroup.dp_group,8,33554432,backward.allgather_fn,None,None,,5.441535949707031,5.74,5.03,1
CommType.all_gather,CommGroup.dp_group,8,33554432,backward.allgather_fn,None,None,,5.604351997375488,5.58,4.88,1
CommType.all_gather,CommGroup.dp_group,8,33554432,backward.allgather_fn,None,None,,5.575679779052734,5.6,4.9,1
CommType.all_gather,CommGroup.dp_group,8,33554432,backward.allgather_fn,None,None,,5.580575942993164,5.6,4.9,1
CommType.all_gather,CommGroup.dp_group,8,90177536,backward.allgather_fn,None,None,,15.160415649414062,5.54,4.85,1
CommType.all_gather,CommGroup.dp_group,8,90177536,backward.allgather_fn,None,None,,15.106047630310059,5.56,4.86,1
CommType.all_gather,CommGroup.dp_group,8,90177536,backward.allgather_fn,None,None,,15.070207595825195,5.57,4.88,1
CommType.all_gather,CommGroup.dp_group,8,33554432,backward.allgather_fn,None,None,,5.476352214813232,5.71,4.99,1
CommType.all_gather,CommGroup.dp_group,8,33554432,backward.allgather_fn,None,None,,5.499904155731201,5.68,4.97,1
CommType.all_gather,CommGroup.dp_group,8,33554432,backward.allgather_fn,None,None,,5.575679779052734,5.6,4.9,1
CommType.all_gather,CommGroup.dp_group,8,33554432,backward.allgather_fn,None,None,,5.56441593170166,5.62,4.91,1
CommType.all_gather,CommGroup.dp_group,8,90177536,backward.allgather_fn,None,None,,15.147007942199707,5.54,4.85,1
CommType.all_gather,CommGroup.dp_group,8,90177536,backward.allgather_fn,None,None,,15.068160057067871,5.57,4.88,1
CommType.all_gather,CommGroup.dp_group,8,90177536,backward.allgather_fn,None,None,,15.10912036895752,5.56,4.86,1
CommType.all_gather,CommGroup.dp_group,8,33554432,backward.allgather_fn,None,None,,5.468160152435303,5.71,5.0,1
CommType.all_gather,CommGroup.dp_group,8,33554432,backward.allgather_fn,None,None,,5.625855922698975,5.55,4.86,1
CommType.reduce_scatter,CommGroup.dp_group,8,966828032,backward.reduce_scatter_fn,None,None,,159.63034057617188,5.64,4.94,1
CommType.all_gather,CommGroup.dp_group,8,33554432,backward.allgather_fn,None,None,,5.577760219573975,5.6,4.9,1
CommType.all_gather,CommGroup.dp_group,8,33554432,backward.allgather_fn,None,None,,5.509119987487793,5.67,4.96,1
CommType.all_gather,CommGroup.dp_group,8,90177536,backward.allgather_fn,None,None,,15.155200004577637,5.54,4.85,1
CommType.all_gather,CommGroup.dp_group,8,90177536,backward.allgather_fn,None,None,,15.139840126037598,5.55,4.85,1
CommType.all_gather,CommGroup.dp_group,8,90177536,backward.allgather_fn,None,None,,15.09273624420166,5.56,4.87,1
CommType.all_gather,CommGroup.dp_group,8,33554432,backward.allgather_fn,None,None,,5.494783878326416,5.69,4.98,1
CommType.all_gather,CommGroup.dp_group,8,33554432,backward.allgather_fn,None,None,,5.616640090942383,5.56,4.87,1
CommType.all_gather,CommGroup.dp_group,8,33554432,backward.allgather_fn,None,None,,5.537792205810547,5.64,4.94,1
CommType.all_gather,CommGroup.dp_group,8,33554432,backward.allgather_fn,None,None,,5.571584224700928,5.61,4.91,1
CommType.all_gather,CommGroup.dp_group,8,90177536,backward.allgather_fn,None,None,,15.110048294067383,5.56,4.86,1
CommType.all_gather,CommGroup.dp_group,8,90177536,backward.allgather_fn,None,None,,15.115263938903809,5.56,4.86,1
CommType.all_gather,CommGroup.dp_group,8,90177536,backward.allgather_fn,None,None,,15.077376365661621,5.57,4.87,1
CommType.all_gather,CommGroup.dp_group,8,33554432,backward.allgather_fn,None,None,,5.450751781463623,5.73,5.02,1
CommType.all_gather,CommGroup.dp_group,8,33554432,backward.allgather_fn,None,None,,5.586944103240967,5.59,4.89,1
CommType.all_gather,CommGroup.dp_group,8,33554432,backward.allgather_fn,None,None,,5.57260799407959,5.61,4.91,1
CommType.all_gather,CommGroup.dp_group,8,33554432,backward.allgather_fn,None,None,,5.56060791015625,5.62,4.92,1
CommType.all_gather,CommGroup.dp_group,8,90177536,backward.allgather_fn,None,None,,15.169535636901855,5.54,4.84,1
CommType.reduce_scatter,CommGroup.dp_group,8,966828032,backward.reduce_scatter_fn,None,None,,159.62010192871094,5.64,4.94,1
CommType.all_gather,CommGroup.dp_group,8,90177536,backward.allgather_fn,None,None,,15.10912036895752,5.56,4.86,1
CommType.all_gather,CommGroup.dp_group,8,90177536,backward.allgather_fn,None,None,,15.101951599121094,5.56,4.87,1
CommType.all_gather,CommGroup.dp_group,8,33554432,backward.allgather_fn,None,None,,5.490687847137451,5.69,4.98,1
CommType.all_gather,CommGroup.dp_group,8,33554432,backward.allgather_fn,None,None,,5.585663795471191,5.59,4.9,1
CommType.all_gather,CommGroup.dp_group,8,33554432,backward.allgather_fn,None,None,,5.583871841430664,5.6,4.9,1
CommType.all_gather,CommGroup.dp_group,8,33554432,backward.allgather_fn,None,None,,5.539840221405029,5.64,4.94,1
CommType.all_gather,CommGroup.dp_group,8,90177536,backward.allgather_fn,None,None,,15.08249568939209,5.57,4.87,1
CommType.all_gather,CommGroup.dp_group,8,90177536,backward.allgather_fn,None,None,,15.132672309875488,5.55,4.86,1
CommType.all_gather,CommGroup.dp_group,8,90177536,backward.allgather_fn,None,None,,15.069184303283691,5.57,4.88,1
CommType.all_gather,CommGroup.dp_group,8,33554432,backward.allgather_fn,None,None,,5.467135906219482,5.72,5.0,1
CommType.all_gather,CommGroup.dp_group,8,33554432,backward.allgather_fn,None,None,,5.583871841430664,5.6,4.9,1
CommType.all_gather,CommGroup.dp_group,8,33554432,backward.allgather_fn,None,None,,5.558271884918213,5.62,4.92,1
CommType.all_gather,CommGroup.dp_group,8,33554432,backward.allgather_fn,None,None,,5.553311824798584,5.63,4.92,1
CommType.all_gather,CommGroup.dp_group,8,90177536,backward.allgather_fn,None,None,,15.152128219604492,5.54,4.85,1
CommType.all_gather,CommGroup.dp_group,8,90177536,backward.allgather_fn,None,None,,15.112192153930664,5.56,4.86,1
CommType.all_gather,CommGroup.dp_group,8,90177536,backward.allgather_fn,None,None,,15.141887664794922,5.55,4.85,1
CommType.reduce_scatter,CommGroup.dp_group,8,989896704,backward.reduce_scatter_fn,None,None,,163.3157196044922,5.64,4.94,1
CommType.all_gather,CommGroup.dp_group,8,33554432,backward.allgather_fn,None,None,,5.555200099945068,5.63,4.92,1
CommType.all_gather,CommGroup.dp_group,8,33554432,backward.allgather_fn,None,None,,5.457920074462891,5.73,5.01,1
CommType.all_gather,CommGroup.dp_group,8,33554432,backward.allgather_fn,None,None,,5.555295944213867,5.63,4.92,1
CommType.all_gather,CommGroup.dp_group,8,33554432,backward.allgather_fn,None,None,,5.543935775756836,5.64,4.93,1
CommType.all_gather,CommGroup.dp_group,8,90177536,backward.allgather_fn,None,None,,15.168512344360352,5.54,4.84,1
CommType.all_gather,CommGroup.dp_group,8,90177536,backward.allgather_fn,None,None,,15.09171199798584,5.56,4.87,1
CommType.all_gather,CommGroup.dp_group,8,90177536,backward.allgather_fn,None,None,,15.101984024047852,5.56,4.87,1
CommType.all_gather,CommGroup.dp_group,8,33554432,backward.allgather_fn,None,None,,5.510144233703613,5.67,4.96,1
CommType.all_gather,CommGroup.dp_group,8,33554432,backward.allgather_fn,None,None,,5.594111919403076,5.59,4.89,1
CommType.all_gather,CommGroup.dp_group,8,33554432,backward.allgather_fn,None,None,,5.566463947296143,5.61,4.91,1
CommType.all_gather,CommGroup.dp_group,8,33554432,backward.allgather_fn,None,None,,5.582848072052002,5.6,4.9,1
CommType.all_gather,CommGroup.dp_group,8,262144000,backward.allgather_fn,None,None,,44.252159118652344,5.52,4.83,1
CommType.reduce_scatter,CommGroup.dp_group,8,943759360,backward.reduce_scatter_fn,None,None,,155.863037109375,5.64,4.93,1
CommType.reduce_scatter,CommGroup.dp_group,8,989888512,backward.reduce_scatter_fn,None,None,,163.60140991210938,5.64,4.93,1
CommType.reduce_scatter,CommGroup.dp_group,8,891322368,step.reduce_scatter_fn,None,None,,147.04127502441406,5.65,4.94,1
CommType.all_reduce,CommGroup.dp_group,8,1,step.has_overflow,None,None,,0.12771199643611908,0.0,0.0,1
CommType.all_reduce,CommGroup.dp_group,8,8,step.get_grad_norm_direct,None,None,,0.11264000087976456,0.0,0.0,1
CommType.all_gather,CommGroup.dp_group,8,8192,step.allgather_fn,None,None,,0.12396799772977829,0.06,0.05,1
CommType.all_gather,CommGroup.dp_group,8,8192,step.allgather_fn,None,None,,0.1034879982471466,0.07,0.06,1
CommType.all_gather,CommGroup.dp_group,8,8192,step.allgather_fn,None,None,,0.10444799810647964,0.07,0.06,1
CommType.all_gather,CommGroup.dp_group,8,8192,step.allgather_fn,None,None,,0.10041599720716476,0.08,0.07,1
CommType.all_gather,CommGroup.dp_group,8,8192,step.allgather_fn,None,None,,0.1013759970664978,0.08,0.07,1
CommType.all_gather,CommGroup.dp_group,8,8192,step.allgather_fn,None,None,,0.11081600189208984,0.07,0.06,1
CommType.all_gather,CommGroup.dp_group,8,8192,step.allgather_fn,None,None,,0.10121600329875946,0.08,0.07,1
CommType.all_gather,CommGroup.dp_group,8,8192,step.allgather_fn,None,None,,0.1013759970664978,0.08,0.07,1
CommType.all_gather,CommGroup.dp_group,8,8192,step.allgather_fn,None,None,,0.09932799637317657,0.08,0.07,1
CommType.all_gather,CommGroup.dp_group,8,8192,step.allgather_fn,None,None,,0.09932799637317657,0.08,0.07,1
CommType.all_gather,CommGroup.dp_group,8,8192,step.allgather_fn,None,None,,0.10035199671983719,0.08,0.07,1
CommType.all_gather,CommGroup.dp_group,8,8192,step.allgather_fn,None,None,,0.10035199671983719,0.08,0.07,1
CommType.all_gather,CommGroup.dp_group,8,8192,step.allgather_fn,None,None,,0.09955199807882309,0.08,0.07,1
CommType.all_gather,CommGroup.dp_group,8,8192,step.allgather_fn,None,None,,0.10035199671983719,0.08,0.07,1
CommType.all_gather,CommGroup.dp_group,8,8192,step.allgather_fn,None,None,,0.10115200281143188,0.08,0.07,1
CommType.all_gather,CommGroup.dp_group,8,8192,step.allgather_fn,None,None,,0.09920000284910202,0.08,0.07,1
CommType.all_gather,CommGroup.dp_group,8,8192,step.allgather_fn,None,None,,0.10035199671983719,0.08,0.07,1
CommType.all_gather,CommGroup.dp_group,8,8192,step.allgather_fn,None,None,,0.09859199821949005,0.08,0.07,1
CommType.all_gather,CommGroup.dp_group,8,8192,step.allgather_fn,None,None,,0.10035199671983719,0.08,0.07,1
CommType.all_gather,CommGroup.dp_group,8,8192,step.allgather_fn,None,None,,0.09830400347709656,0.08,0.07,1
CommType.all_gather,CommGroup.dp_group,8,8192,step.allgather_fn,None,None,,0.09932799637317657,0.08,0.07,1
CommType.all_gather,CommGroup.dp_group,8,8192,step.allgather_fn,None,None,,0.11164800077676773,0.07,0.06,1
CommType.all_gather,CommGroup.dp_group,8,8192,step.allgather_fn,None,None,,0.09932799637317657,0.08,0.07,1
CommType.all_gather,CommGroup.dp_group,8,8192,step.allgather_fn,None,None,,0.10035199671983719,0.08,0.07,1
CommType.all_gather,CommGroup.dp_group,8,8192,step.allgather_fn,None,None,,0.09830400347709656,0.08,0.07,1
CommType.all_gather,CommGroup.dp_group,8,8192,step.allgather_fn,None,None,,0.10035199671983719,0.08,0.07,1
CommType.all_gather,CommGroup.dp_group,8,8192,step.allgather_fn,None,None,,0.11043199896812439,0.07,0.06,1
CommType.all_gather,CommGroup.dp_group,8,8192,step.allgather_fn,None,None,,0.10035199671983719,0.08,0.07,1
CommType.all_gather,CommGroup.dp_group,8,8192,step.allgather_fn,None,None,,0.10003200173377991,0.08,0.07,1
CommType.all_gather,CommGroup.dp_group,8,8192,step.allgather_fn,None,None,,0.09932799637317657,0.08,0.07,1
CommType.all_gather,CommGroup.dp_group,8,8192,step.allgather_fn,None,None,,0.10035199671983719,0.08,0.07,1
CommType.all_gather,CommGroup.dp_group,8,8192,step.allgather_fn,None,None,,0.10022400319576263,0.08,0.07,1
CommType.all_gather,CommGroup.dp_group,8,8192,step.allgather_fn,None,None,,0.10134399682283401,0.08,0.07,1
CommType.all_gather,CommGroup.dp_group,8,8192,step.allgather_fn,None,None,,0.09913600236177444,0.08,0.07,1
CommType.all_gather,CommGroup.dp_group,8,8192,step.allgather_fn,None,None,,0.09932799637317657,0.08,0.07,1
CommType.all_gather,CommGroup.dp_group,8,8192,step.allgather_fn,None,None,,0.09932799637317657,0.08,0.07,1
CommType.all_gather,CommGroup.dp_group,8,8192,step.allgather_fn,None,None,,0.09932799637317657,0.08,0.07,1
CommType.all_gather,CommGroup.dp_group,8,8192,step.allgather_fn,None,None,,0.11055999994277954,0.07,0.06,1
CommType.all_gather,CommGroup.dp_group,8,8192,step.allgather_fn,None,None,,0.09932799637317657,0.08,0.07,1
CommType.all_gather,CommGroup.dp_group,8,8192,step.allgather_fn,None,None,,0.09904000163078308,0.08,0.07,1
CommType.all_gather,CommGroup.dp_group,8,8192,step.allgather_fn,None,None,,0.09942399710416794,0.08,0.07,1
CommType.all_gather,CommGroup.dp_group,8,8192,step.allgather_fn,None,None,,0.09910400211811066,0.08,0.07,1
CommType.all_gather,CommGroup.dp_group,8,8192,step.allgather_fn,None,None,,0.10956799983978271,0.07,0.06,1
CommType.all_gather,CommGroup.dp_group,8,8192,step.allgather_fn,None,None,,0.09932799637317657,0.08,0.07,1
CommType.all_gather,CommGroup.dp_group,8,8192,step.allgather_fn,None,None,,0.09859199821949005,0.08,0.07,1
CommType.all_gather,CommGroup.dp_group,8,8192,step.allgather_fn,None,None,,0.09811200201511383,0.08,0.07,1
CommType.all_gather,CommGroup.dp_group,8,8192,step.allgather_fn,None,None,,0.09836799651384354,0.08,0.07,1
CommType.all_gather,CommGroup.dp_group,8,8192,step.allgather_fn,None,None,,0.09830400347709656,0.08,0.07,1
CommType.all_gather,CommGroup.dp_group,8,8192,step.allgather_fn,None,None,,0.1013759970664978,0.08,0.07,1
CommType.all_gather,CommGroup.dp_group,8,8192,step.allgather_fn,None,None,,0.09830400347709656,0.08,0.07,1
CommType.all_gather,CommGroup.dp_group,8,8192,step.allgather_fn,None,None,,0.09942399710416794,0.08,0.07,1
CommType.all_gather,CommGroup.dp_group,8,8192,step.allgather_fn,None,None,,0.09839999675750732,0.08,0.07,1
CommType.all_gather,CommGroup.dp_group,8,8192,step.allgather_fn,None,None,,0.09830400347709656,0.08,0.07,1
CommType.all_gather,CommGroup.dp_group,8,8192,step.allgather_fn,None,None,,0.10956799983978271,0.07,0.06,1
CommType.all_gather,CommGroup.dp_group,8,8192,step.allgather_fn,None,None,,0.09830400347709656,0.08,0.07,1
CommType.all_gather,CommGroup.dp_group,8,8192,step.allgather_fn,None,None,,0.09904000163078308,0.08,0.07,1
CommType.all_gather,CommGroup.dp_group,8,8192,step.allgather_fn,None,None,,0.09932799637317657,0.08,0.07,1
CommType.all_gather,CommGroup.dp_group,8,8192,step.allgather_fn,None,None,,0.09855999797582626,0.08,0.07,1
CommType.all_gather,CommGroup.dp_group,8,8192,step.allgather_fn,None,None,,0.10860799998044968,0.07,0.06,1
CommType.all_gather,CommGroup.dp_group,8,8192,step.allgather_fn,None,None,,0.09955199807882309,0.08,0.07,1
CommType.all_gather,CommGroup.dp_group,8,8192,step.allgather_fn,None,None,,0.11577600240707397,0.07,0.06,1
CommType.all_gather,CommGroup.dp_group,8,8192,step.allgather_fn,None,None,,0.10012800246477127,0.08,0.07,1
CommType.all_gather,CommGroup.dp_group,8,8192,step.allgather_fn,None,None,,0.09929600358009338,0.08,0.07,1
CommType.all_gather,CommGroup.dp_group,8,8192,step.allgather_fn,None,None,,0.09958399832248688,0.08,0.07,1
CommType.all_gather,CommGroup.dp_group,8,8192,step.allgather_fn,None,None,,0.10035199671983719,0.08,0.07,1
CommType.epoch_end,None,None,0,,None,None,,6456.324815750122,0.0,0.0,1
